date,timeframe,weekly_mb_total_stocks,weekly_mb_advancing_stocks,weekly_mb_declining_stocks,weekly_mb_unchanged_stocks,weekly_mb_net_advances,weekly_mb_ad_ratio,weekly_mb_ad_line,weekly_mb_advance_pct,weekly_mb_decline_pct,weekly_mb_avg_pct_change,weekly_mb_pct_change_volatility,weekly_mb_252day_new_highs,weekly_mb_252day_new_lows,weekly_mb_total_stocks_hl_252day,weekly_mb_net_252day_new_highs,weekly_mb_hl_ratio_252day,weekly_mb_252day_new_highs_pct,weekly_mb_252day_new_lows_pct,weekly_mb_net_hl_line_252day,weekly_mb_20day_new_highs,weekly_mb_20day_new_lows,weekly_mb_total_stocks_hl_20day,weekly_mb_net_20day_new_highs,weekly_mb_hl_ratio_20day,weekly_mb_20day_new_highs_pct,weekly_mb_20day_new_lows_pct,weekly_mb_net_hl_line_20day,weekly_mb_63day_new_highs,weekly_mb_63day_new_lows,weekly_mb_total_stocks_hl_63day,weekly_mb_net_63day_new_highs,weekly_mb_hl_ratio_63day,weekly_mb_63day_new_highs_pct,weekly_mb_63day_new_lows_pct,weekly_mb_net_hl_line_63day,weekly_mb_stocks_above_ma_20,weekly_mb_total_stocks_ma_20,weekly_mb_pct_above_ma_20,weekly_mb_stocks_above_ma_50,weekly_mb_total_stocks_ma_50,weekly_mb_pct_above_ma_50,weekly_mb_stocks_above_ma_200,weekly_mb_total_stocks_ma_200,weekly_mb_pct_above_ma_200,weekly_mb_daily_252day_new_highs_gt_100,weekly_mb_10day_successful_252day_new_highs_gt_100,weekly_mb_daily_20day_new_highs_gt_100,weekly_mb_20day_successful_20day_new_highs_gt_100,weekly_mb_daily_63day_new_highs_gt_100,weekly_mb_63day_successful_63day_new_highs_gt_100,weekly_mb_ad_ratio_gt_2_0,weekly_mb_ad_ratio_lt_0_5,weekly_mb_strong_advance_breadth,weekly_mb_weak_advance_breadth,weekly_mb_strong_ma_breadth_20,weekly_mb_weak_ma_breadth_20,weekly_mb_strong_ma_breadth_50,weekly_mb_weak_ma_breadth_50,weekly_mb_strong_ma_breadth_200,weekly_mb_weak_ma_breadth_200,weekly_mb_universe,weekly_mb_lookback_days
2024-01-02,weekly,46,0,0,0,0,,0,0.00,0.00,0.00,0.00,0,0,46,0,,0.00,0.00,0,0,0,46,0,,0.00,0.00,0,0,0,46,0,,0.00,0.00,0,0,46,0.00,0,46,0.00,0,46,0.00,0,0,0,0,0,0,0,0,0,1,0,1,0,1,0,1,SP500,252
2024-01-03,weekly,46,18,28,0,-10,0.64,-10,39.13,60.87,-0.50,1.49,0,0,46,0,,0.00,0.00,0,0,0,46,0,,0.00,0.00,0,0,0,46,0,,0.00,0.00,0,0,46,0.00,0,46,0.00,0,46,0.00,0,0,0,0,0,0,0,0,0,0,0,1,0,1,0,1,SP500,252
2024-01-04,weekly,46,24,22,0,2,1.09,-8,52.17,47.83,-0.13,0.85,0,0,46,0,,0.00,0.00,0,0,0,46,0,,0.00,0.00,0,0,0,46,0,,0.00,0.00,0,0,46,0.00,0,46,0.00,0,46,0.00,0,0,0,0,0,0,0,0,0,0,0,1,0,1,0,1,SP500,252
2024-01-05,weekly,46,25,21,0,4,1.19,-4,54.35,45.65,0.22,0.85,0,0,46,0,,0.00,0.00,0,0,0,46,0,,0.00,0.00,0,0,0,46,0,,0.00,0.00,0,0,46,0.00,0,46,0.00,0,46,0.00,0,0,0,0,0,0,0,0,0,0,0,1,0,1,0,1,SP500,252
2024-01-08,weekly,46,39,7,0,32,5.57,28,84.78,15.22,1.45,1.70,0,0,46,0,,0.00,0.00,0,0,0,46,0,,0.00,0.00,0,0,0,46,0,,0.00,0.00,0,0,46,0.00,0,46,0.00,0,46,0.00,0,0,0,0,0,0,1,0,1,0,0,1,0,1,0,1,SP500,252
2024-01-09,weekly,46,22,24,0,-2,0.92,26,47.83,52.17,-0.13,1.09,0,0,46,0,,0.00,0.00,0,0,0,46,0,,0.00,0.00,0,0,0,46,0,,0.00,0.00,0,0,46,0.00,0,46,0.00,0,46,0.00,0,0,0,0,0,0,0,0,0,0,0,1,0,1,0,1,SP500,252
2024-01-10,weekly,46,32,14,0,18,2.29,44,69.57,30.43,0.81,1.80,0,0,46,0,,0.00,0.00,0,0,0,46,0,,0.00,0.00,0,0,0,46,0,,0.00,0.00,0,0,46,0.00,0,46,0.00,0,46,0.00,0,0,0,0,0,0,1,0,0,0,0,1,0,1,0,1,SP500,252
2024-01-11,weekly,46,20,26,0,-6,0.77,38,43.48,56.52,-0.08,0.96,0,0,46,0,,0.00,0.00,0,0,0,46,0,,0.00,0.00,0,0,0,46,0,,0.00,0.00,0,0,46,0.00,0,46,0.00,0,46,0.00,0,0,0,0,0,0,0,0,0,0,0,1,0,1,0,1,SP500,252
2024-01-12,weekly,46,33,13,0,20,2.54,58,71.74,28.26,0.23,1.09,0,0,46,0,,0.00,0.00,0,0,0,46,0,,0.00,0.00,0,0,0,46,0,,0.00,0.00,0,0,46,0.00,0,46,0.00,0,46,0.00,0,0,0,0,0,0,1,0,1,0,0,1,0,1,0,1,SP500,252
2024-01-16,weekly,46,13,33,0,-20,0.39,38,28.26,71.74,-0.37,1.68,0,0,46,0,,0.00,0.00,0,9,9,46,0,1.00,19.57,19.57,0,0,0,46,0,,0.00,0.00,0,30,46,65.22,0,46,0.00,0,46,0.00,0,0,0,0,0,0,0,1,0,1,0,0,0,1,0,1,SP500,252
2024-01-17,weekly,46,12,33,1,-21,0.36,17,26.09,71.74,-0.41,0.70,0,0,46,0,,0.00,0.00,0,6,8,46,-2,0.75,13.04,17.39,-2,0,0,46,0,,0.00,0.00,0,29,46,63.04,0,46,0.00,0,46,0.00,0,0,0,0,0,0,0,1,0,1,0,0,0,1,0,1,SP500,252
2024-01-18,weekly,46,34,11,1,23,3.09,40,73.91,23.91,0.79,1.43,0,0,46,0,,0.00,0.00,0,16,8,46,8,2.00,34.78,17.39,6,0,0,46,0,,0.00,0.00,0,30,46,65.22,0,46,0.00,0,46,0.00,0,0,0,0,0,0,1,0,1,0,0,0,0,1,0,1,SP500,252
2024-01-19,weekly,46,38,8,0,30,4.75,70,82.61,17.39,1.17,1.65,0,0,46,0,,0.00,0.00,0,23,3,46,20,7.67,50.00,6.52,26,0,0,46,0,,0.00,0.00,0,33,46,71.74,0,46,0.00,0,46,0.00,0,0,0,0,0,0,1,0,1,0,0,0,0,1,0,1,SP500,252
2024-01-22,weekly,46,29,17,0,12,1.71,82,63.04,36.96,0.24,1.16,0,0,46,0,,0.00,0.00,0,24,3,46,21,8.00,52.17,6.52,47,0,0,46,0,,0.00,0.00,0,34,46,73.91,0,46,0.00,0,46,0.00,0,0,0,0,0,0,0,0,0,0,0,0,0,1,0,1,SP500,252
2024-01-23,weekly,46,29,17,0,12,1.71,94,63.04,36.96,0.20,1.03,0,0,46,0,,0.00,0.00,0,8,1,46,7,8.00,17.39,2.17,54,0,0,46,0,,0.00,0.00,0,32,46,69.57,0,46,0.00,0,46,0.00,0,0,0,0,0,0,0,0,0,0,0,0,0,1,0,1,SP500,252
2024-01-24,weekly,46,19,27,0,-8,0.70,86,41.30,58.70,0.29,2.17,0,0,46,0,,0.00,0.00,0,21,1,46,20,21.00,45.65,2.17,74,0,0,46,0,,0.00,0.00,0,32,46,69.57,0,46,0.00,0,46,0.00,0,0,0,0,0,0,0,0,0,0,0,0,0,1,0,1,SP500,252
2024-01-25,weekly,46,35,10,1,25,3.50,111,76.09,21.74,0.38,2.26,0,0,46,0,,0.00,0.00,0,12,4,46,8,3.00,26.09,8.70,82,0,0,46,0,,0.00,0.00,0,35,46,76.09,0,46,0.00,0,46,0.00,0,0,0,0,0,0,1,0,1,0,0,0,0,1,0,1,SP500,252
2024-01-26,weekly,46,24,22,0,2,1.09,113,52.17,47.83,0.07,0.93,0,0,46,0,,0.00,0.00,0,6,1,46,5,6.00,13.04,2.17,87,0,0,46,0,,0.00,0.00,0,36,46,78.26,0,46,0.00,0,46,0.00,0,0,0,0,0,0,0,0,0,0,0,0,0,1,0,1,SP500,252
2024-01-29,weekly,46,35,11,0,24,3.18,137,76.09,23.91,0.66,1.16,0,0,46,0,,0.00,0.00,0,11,1,46,10,11.00,23.91,2.17,97,0,0,46,0,,0.00,0.00,0,36,46,78.26,0,46,0.00,0,46,0.00,0,0,0,0,0,0,1,0,1,0,0,0,0,1,0,1,SP500,252
2024-01-30,weekly,46,23,23,0,0,1.00,137,50.00,50.00,0.11,1.49,0,0,46,0,,0.00,0.00,0,19,1,46,18,19.00,41.30,2.17,115,0,0,46,0,,0.00,0.00,0,36,46,78.26,0,46,0.00,0,46,0.00,0,0,0,0,0,0,0,0,0,0,0,0,0,1,0,1,SP500,252
2024-01-31,weekly,46,8,38,0,-30,0.21,107,17.39,82.61,-1.55,2.04,0,0,46,0,,0.00,0.00,0,15,2,46,13,7.50,32.61,4.35,128,0,0,46,0,,0.00,0.00,0,30,46,65.22,0,46,0.00,0,46,0.00,0,0,0,0,0,0,0,1,0,1,0,0,0,1,0,1,SP500,252
2024-02-01,weekly,46,37,8,1,29,4.62,136,80.43,17.39,1.16,1.43,0,0,46,0,,0.00,0.00,0,9,2,46,7,4.50,19.57,4.35,135,0,0,46,0,,0.00,0.00,0,30,46,65.22,0,46,0.00,0,46,0.00,0,0,0,0,0,0,1,0,1,0,0,0,0,1,0,1,SP500,252
2024-02-02,weekly,46,26,19,1,7,1.37,143,56.52,41.30,1.13,3.41,0,0,46,0,,0.00,0.00,0,17,2,46,15,8.50,36.96,4.35,150,0,0,46,0,,0.00,0.00,0,31,46,67.39,0,46,0.00,0,46,0.00,0,0,0,0,0,0,0,0,0,0,0,0,0,1,0,1,SP500,252
2024-02-05,weekly,46,17,29,0,-12,0.59,131,36.96,63.04,-0.29,1.65,0,0,46,0,,0.00,0.00,0,10,5,46,5,2.00,21.74,10.87,155,0,0,46,0,,0.00,0.00,0,30,46,65.22,0,46,0.00,0,46,0.00,0,0,0,0,0,0,0,0,0,0,0,0,0,1,0,1,SP500,252
2024-02-06,weekly,46,25,20,1,5,1.25,136,54.35,43.48,0.60,4.69,0,0,46,0,,0.00,0.00,0,8,2,46,6,4.00,17.39,4.35,161,0,0,46,0,,0.00,0.00,0,31,46,67.39,33,46,71.74,0,46,0.00,0,0,0,0,0,0,0,0,0,0,0,0,0,0,0,1,SP500,252
2024-02-07,weekly,46,38,8,0,30,4.75,166,82.61,17.39,0.85,1.77,0,0,46,0,,0.00,0.00,0,14,3,46,11,4.67,30.43,6.52,172,0,0,46,0,,0.00,0.00,0,33,46,71.74,33,46,71.74,0,46,0.00,0,0,0,0,0,0,1,0,1,0,0,0,0,0,0,1,SP500,252
2024-02-08,weekly,46,21,25,0,-4,0.84,162,45.65,54.35,0.10,1.43,0,0,46,0,,0.00,0.00,0,12,5,46,7,2.40,26.09,10.87,179,0,0,46,0,,0.00,0.00,0,33,46,71.74,32,46,69.57,0,46,0.00,0,0,0,0,0,0,0,0,0,0,0,0,0,0,0,1,SP500,252
2024-02-09,weekly,46,28,18,0,10,1.56,172,60.87,39.13,0.47,1.30,0,0,46,0,,0.00,0.00,0,8,1,46,7,8.00,17.39,2.17,186,0,0,46,0,,0.00,0.00,0,33,46,71.74,32,46,69.57,0,46,0.00,0,0,0,0,0,0,0,0,0,0,0,0,0,0,0,1,SP500,252
2024-02-12,weekly,46,19,27,0,-8,0.70,164,41.30,58.70,-0.09,1.10,0,0,46,0,,0.00,0.00,0,7,1,46,6,7.00,15.22,2.17,192,0,0,46,0,,0.00,0.00,0,34,46,73.91,32,46,69.57,0,46,0.00,0,0,0,0,0,0,0,0,0,0,0,0,0,0,0,1,SP500,252
2024-02-13,weekly,46,5,41,0,-36,0.12,128,10.87,89.13,-1.27,1.29,0,0,46,0,,0.00,0.00,0,3,4,46,-1,0.75,6.52,8.70,191,3,4,46,-1,0.75,6.52,8.70,-1,26,46,56.52,30,46,65.22,0,46,0.00,0,0,0,0,0,0,0,1,0,1,0,0,0,0,0,1,SP500,252
2024-02-14,weekly,46,36,10,0,26,3.60,154,78.26,21.74,1.12,1.34,0,0,46,0,,0.00,0.00,0,5,2,46,3,2.50,10.87,4.35,194,5,2,46,3,2.50,10.87,4.35,2,29,46,63.04,31,46,67.39,0,46,0.00,0,0,0,0,0,0,1,0,1,0,0,0,0,0,0,1,SP500,252
2024-02-15,weekly,46,34,12,0,22,2.83,176,73.91,26.09,0.71,1.58,0,0,46,0,,0.00,0.00,0,11,1,46,10,11.00,23.91,2.17,204,11,1,46,10,11.00,23.91,2.17,12,31,46,67.39,31,46,67.39,0,46,0.00,0,0,0,0,0,0,1,0,1,0,0,0,0,0,0,1,SP500,252
2024-02-16,weekly,46,12,33,1,-21,0.36,155,26.09,71.74,-0.62,1.12,0,0,46,0,,0.00,0.00,0,12,2,46,10,6.00,26.09,4.35,214,12,2,46,10,6.00,26.09,4.35,22,28,46,60.87,31,46,67.39,0,46,0.00,0,0,0,0,0,0,0,1,0,1,0,0,0,0,0,1,SP500,252
2024-02-20,weekly,46,15,31,0,-16,0.48,139,32.61,67.39,-0.67,1.61,0,0,46,0,,0.00,0.00,0,4,7,46,-3,0.57,8.70,15.22,211,4,4,46,0,1.00,8.70,8.70,22,27,46,58.70,31,46,67.39,0,46,0.00,0,0,0,0,0,0,0,1,0,0,0,0,0,0,0,1,SP500,252
2024-02-21,weekly,46,26,20,0,6,1.30,145,56.52,43.48,0.07,1.04,0,0,46,0,,0.00,0.00,0,5,6,46,-1,0.83,10.87,13.04,210,4,2,46,2,2.00,8.70,4.35,24,27,46,58.70,32,46,69.57,0,46,0.00,0,0,0,0,0,0,0,0,0,0,0,0,0,0,0,1,SP500,252
2024-02-22,weekly,46,40,6,0,34,6.67,179,86.96,13.04,2.16,2.93,0,0,46,0,,0.00,0.00,0,14,0,46,14,,30.43,0.00,224,13,0,46,13,,28.26,0.00,37,37,46,80.43,35,46,76.09,0,46,0.00,0,0,0,0,0,0,1,0,1,0,1,0,0,0,0,1,SP500,252
2024-02-23,weekly,46,31,15,0,16,2.07,195,67.39,32.61,0.11,0.99,0,0,46,0,,0.00,0.00,0,17,0,46,17,,36.96,0.00,241,15,0,46,15,,32.61,0.00,52,36,46,78.26,37,46,80.43,0,46,0.00,0,0,0,0,0,0,1,0,0,0,0,0,1,0,0,1,SP500,252
2024-02-26,weekly,46,17,29,0,-12,0.59,183,36.96,63.04,-0.23,1.52,0,0,46,0,,0.00,0.00,0,10,0,46,10,,21.74,0.00,251,8,0,46,8,,17.39,0.00,60,35,46,76.09,34,46,73.91,0,46,0.00,0,0,0,0,0,0,0,0,0,0,0,0,0,0,0,1,SP500,252
2024-02-27,weekly,46,23,23,0,0,1.00,183,50.00,50.00,0.09,1.12,0,0,46,0,,0.00,0.00,0,4,1,46,3,4.00,8.70,2.17,254,3,1,46,2,3.00,6.52,2.17,62,35,46,76.09,33,46,71.74,0,46,0.00,0,0,0,0,0,0,0,0,0,0,0,0,0,0,0,1,SP500,252
2024-02-28,weekly,46,24,22,0,2,1.09,185,52.17,47.83,-0.18,0.83,0,0,46,0,,0.00,0.00,0,9,3,46,6,3.00,19.57,6.52,260,8,1,46,7,8.00,17.39,2.17,69,35,46,76.09,33,46,71.74,0,46,0.00,0,0,0,0,0,0,0,0,0,0,0,0,0,0,0,1,SP500,252
2024-02-29,weekly,46,23,22,1,1,1.05,186,50.00,47.83,0.40,1.68,0,0,46,0,,0.00,0.00,0,9,2,46,7,4.50,19.57,4.35,267,7,2,46,5,3.50,15.22,4.35,74,33,46,71.74,33,46,71.74,0,46,0.00,0,0,0,0,0,0,0,0,0,0,0,0,0,0,0,1,SP500,252
2024-03-01,weekly,46,32,14,0,18,2.29,204,69.57,30.43,1.06,1.88,0,0,46,0,,0.00,0.00,0,16,3,46,13,5.33,34.78,6.52,280,15,3,46,12,5.00,32.61,6.52,86,34,46,73.91,33,46,71.74,0,46,0.00,0,0,0,0,0,0,1,0,0,0,0,0,0,0,0,1,SP500,252
2024-03-04,weekly,46,22,24,0,-2,0.92,202,47.83,52.17,-0.28,1.87,0,0,46,0,,0.00,0.00,0,18,5,46,13,3.60,39.13,10.87,293,16,4,46,12,4.00,34.78,8.70,98,34,46,73.91,33,46,71.74,0,46,0.00,0,0,0,0,0,0,0,0,0,0,0,0,0,0,0,1,SP500,252
2024-03-05,weekly,46,14,32,0,-18,0.44,184,30.43,69.57,-0.84,1.47,0,0,46,0,,0.00,0.00,0,7,5,46,2,1.40,15.22,10.87,295,7,5,46,2,1.40,15.22,10.87,100,29,46,63.04,34,46,73.91,0,46,0.00,0,0,0,0,0,0,0,1,0,0,0,0,0,0,0,1,SP500,252
2024-03-06,weekly,46,33,13,0,20,2.54,204,71.74,28.26,0.74,1.96,0,0,46,0,,0.00,0.00,0,12,3,46,9,4.00,26.09,6.52,304,11,3,46,8,3.67,23.91,6.52,108,32,46,69.57,32,46,69.57,0,46,0.00,0,0,0,0,0,0,1,0,1,0,0,0,0,0,0,1,SP500,252
2024-03-07,weekly,46,33,13,0,20,2.54,224,71.74,28.26,0.97,1.50,0,0,46,0,,0.00,0.00,0,17,3,46,14,5.67,36.96,6.52,318,15,3,46,12,5.00,32.61,6.52,120,32,46,69.57,34,46,73.91,0,46,0.00,0,0,0,0,0,0,1,0,1,0,0,0,0,0,0,1,SP500,252
2024-03-08,weekly,46,19,27,0,-8,0.70,216,41.30,58.70,-0.78,2.00,0,0,46,0,,0.00,0.00,0,11,0,46,11,,23.91,0.00,329,8,0,46,8,,17.39,0.00,128,31,46,67.39,35,46,76.09,0,46,0.00,0,0,0,0,0,0,0,0,0,0,0,0,0,0,0,1,SP500,252
2024-03-11,weekly,46,26,20,0,6,1.30,222,56.52,43.48,-0.16,1.67,0,0,46,0,,0.00,0.00,0,4,0,46,4,,8.70,0.00,333,3,0,46,3,,6.52,0.00,131,27,46,58.70,37,46,80.43,0,46,0.00,0,0,0,0,0,0,0,0,0,0,0,0,1,0,0,1,SP500,252
2024-03-12,weekly,46,35,11,0,24,3.18,246,76.09,23.91,1.15,2.27,0,0,46,0,,0.00,0.00,0,10,1,46,9,10.00,21.74,2.17,342,7,1,46,6,7.00,15.22,2.17,137,34,46,73.91,37,46,80.43,0,46,0.00,0,0,0,0,0,0,1,0,1,0,0,0,1,0,0,1,SP500,252
2024-03-13,weekly,46,24,22,0,2,1.09,248,52.17,47.83,-0.19,1.32,5,1,46,4,5.00,10.87,2.17,4,7,1,46,6,7.00,15.22,2.17,348,5,1,46,4,5.00,10.87,2.17,141,36,46,78.26,37,46,80.43,0,46,0.00,0,0,0,0,0,0,0,0,0,0,0,0,1,0,0,1,SP500,252
2024-03-14,weekly,46,19,27,0,-8,0.70,240,41.30,58.70,-0.28,1.49,6,1,46,5,6.00,13.04,2.17,9,6,1,46,5,6.00,13.04,2.17,353,6,1,46,5,6.00,13.04,2.17,146,30,46,65.22,38,46,82.61,0,46,0.00,0,0,0,0,0,0,0,0,0,0,0,0,1,0,0,1,SP500,252
2024-03-15,weekly,46,11,35,0,-24,0.31,216,23.91,76.09,-0.53,1.24,3,2,46,1,1.50,6.52,4.35,10,3,3,46,0,1.00,6.52,6.52,353,3,2,46,1,1.50,6.52,4.35,147,29,46,63.04,34,46,73.91,0,46,0.00,0,0,0,0,0,0,0,1,0,1,0,0,0,0,0,1,SP500,252
2024-03-18,weekly,46,32,14,0,18,2.29,234,69.57,30.43,0.84,1.56,3,0,46,3,,6.52,0.00,13,5,1,46,4,5.00,10.87,2.17,357,3,0,46,3,,6.52,0.00,150,29,46,63.04,36,46,78.26,0,46,0.00,0,0,0,0,0,0,1,0,0,0,0,0,0,0,0,1,SP500,252
2024-03-19,weekly,46,32,14,0,18,2.29,252,69.57,30.43,0.28,1.13,4,0,46,4,,8.70,0.00,17,5,1,46,4,5.00,10.87,2.17,361,4,0,46,4,,8.70,0.00,154,35,46,76.09,36,46,78.26,0,46,0.00,0,0,0,0,0,0,1,0,0,0,0,0,0,0,0,1,SP500,252
2024-03-20,weekly,46,35,11,0,24,3.18,276,76.09,23.91,0.78,1.18,9,1,46,8,9.00,19.57,2.17,25,9,2,46,7,4.50,19.57,4.35,368,9,1,46,8,9.00,19.57,2.17,162,36,46,78.26,37,46,80.43,0,46,0.00,0,0,0,0,0,0,1,0,1,0,0,0,1,0,0,1,SP500,252
2024-03-21,weekly,46,28,17,1,11,1.65,287,60.87,36.96,0.29,2.07,16,1,46,15,16.00,34.78,2.17,40,17,3,46,14,5.67,36.96,6.52,382,16,1,46,15,16.00,34.78,2.17,177,36,46,78.26,37,46,80.43,0,46,0.00,0,0,0,0,0,0,0,0,0,0,0,0,1,0,0,1,SP500,252
2024-03-22,weekly,46,15,30,1,-15,0.50,272,32.61,65.22,-0.63,2.53,7,2,46,5,3.50,15.22,4.35,45,7,4,46,3,1.75,15.22,8.70,385,7,2,46,5,3.50,15.22,4.35,182,32,46,69.57,35,46,76.09,0,46,0.00,0,0,0,0,0,0,0,0,0,0,0,0,0,0,0,1,SP500,252
2024-03-25,weekly,46,14,32,0,-18,0.44,254,30.43,69.57,-0.34,0.92,2,4,46,-2,0.50,4.35,8.70,43,2,6,46,-4,0.33,4.35,13.04,381,2,4,46,-2,0.50,4.35,8.70,180,30,46,65.22,34,46,73.91,0,46,0.00,0,0,0,0,0,0,0,1,0,0,0,0,0,0,0,1,SP500,252
2024-03-26,weekly,46,26,20,0,6,1.30,260,56.52,43.48,-0.00,1.00,3,1,46,2,3.00,6.52,2.17,45,5,2,46,3,2.50,10.87,4.35,384,3,1,46,2,3.00,6.52,2.17,182,31,46,67.39,33,46,71.74,0,46,0.00,0,0,0,0,0,0,0,0,0,0,0,0,0,0,0,1,SP500,252
2024-03-27,weekly,47,37,9,0,28,4.11,288,78.72,19.15,0.60,1.28,8,0,47,8,,17.02,0.00,53,9,0,47,9,,19.15,0.00,393,8,0,47,8,,17.02,0.00,190,34,47,72.34,34,47,72.34,0,47,0.00,0,0,0,0,0,0,1,0,1,0,0,0,0,0,0,1,SP500,252
2024-03-28,weekly,47,32,15,0,17,2.13,305,68.09,31.91,0.03,1.37,10,0,47,10,,21.28,0.00,63,12,0,47,12,,25.53,0.00,405,10,0,47,10,,21.28,0.00,200,32,47,68.09,36,47,76.60,0,47,0.00,0,0,0,0,0,0,1,0,0,0,0,0,0,0,0,1,SP500,252
2024-04-01,weekly,47,18,29,0,-11,0.62,294,38.30,61.70,0.01,1.45,8,1,47,7,8.00,17.02,2.13,70,9,3,47,6,3.00,19.15,6.38,411,8,1,47,7,8.00,17.02,2.13,207,30,47,63.83,35,47,74.47,0,47,0.00,0,0,0,0,0,0,0,0,0,0,0,0,0,0,0,1,SP500,252
2024-04-02,weekly,47,9,38,0,-29,0.24,265,19.15,80.85,-0.91,1.48,4,3,47,1,1.33,8.51,6.38,71,4,7,47,-3,0.57,8.51,14.89,408,4,3,47,1,1.33,8.51,6.38,208,25,47,53.19,30,47,63.83,0,47,0.00,0,0,0,0,0,0,0,1,0,1,0,0,0,0,0,1,SP500,252
2024-04-03,weekly,47,26,21,0,5,1.24,270,55.32,44.68,0.17,1.55,2,1,47,1,2.00,4.26,2.13,72,3,5,47,-2,0.60,6.38,10.64,406,2,1,47,1,2.00,4.26,2.13,209,22,47,46.81,29,47,61.70,0,47,0.00,0,0,0,0,0,0,0,0,0,0,0,0,0,0,0,1,SP500,252
2024-04-04,weekly,47,8,39,0,-31,0.21,239,17.02,82.98,-1.47,1.98,7,3,47,4,2.33,14.89,6.38,76,9,9,47,0,1.00,19.15,19.15,406,7,3,47,4,2.33,14.89,6.38,213,19,47,40.43,25,47,53.19,0,47,0.00,0,0,0,0,0,0,0,1,0,1,0,0,0,0,0,1,SP500,252
2024-04-05,weekly,47,39,8,0,31,4.88,270,82.98,17.02,0.96,1.56,5,4,47,1,1.25,10.64,8.51,77,5,11,47,-6,0.45,10.64,23.40,400,5,4,47,1,1.25,10.64,8.51,214,20,47,42.55,27,47,57.45,0,47,0.00,0,0,0,0,0,0,1,0,1,0,0,0,0,0,0,1,SP500,252
2024-04-08,weekly,47,22,25,0,-3,0.88,267,46.81,53.19,0.28,1.31,5,1,47,4,5.00,10.64,2.13,81,5,1,47,4,5.00,10.64,2.13,404,5,1,47,4,5.00,10.64,2.13,218,23,47,48.94,26,47,55.32,0,47,0.00,0,0,0,0,0,0,0,0,0,0,0,0,0,0,0,1,SP500,252
2024-04-09,weekly,47,30,17,0,13,1.76,280,63.83,36.17,0.25,1.11,4,1,47,3,4.00,8.51,2.13,84,7,5,47,2,1.40,14.89,10.64,406,4,1,47,3,4.00,8.51,2.13,221,23,47,48.94,29,47,61.70,0,47,0.00,0,0,0,0,0,0,0,0,0,0,0,0,0,0,0,1,SP500,252
2024-04-10,weekly,47,12,35,0,-23,0.34,257,25.53,74.47,-0.90,1.56,2,5,47,-3,0.40,4.26,10.64,81,2,11,47,-9,0.18,4.26,23.40,397,2,5,47,-3,0.40,4.26,10.64,218,16,47,34.04,25,47,53.19,0,47,0.00,0,0,0,0,0,0,0,1,0,1,0,0,0,0,0,1,SP500,252
2024-04-11,weekly,47,28,19,0,9,1.47,266,59.57,40.43,0.67,1.45,7,4,47,3,1.75,14.89,8.51,84,7,10,47,-3,0.70,14.89,21.28,394,7,4,47,3,1.75,14.89,8.51,221,22,47,46.81,27,47,57.45,0,47,0.00,0,0,0,0,0,0,0,0,0,0,0,0,0,0,0,1,SP500,252
2024-04-12,weekly,47,3,44,0,-41,0.07,225,6.38,93.62,-1.69,1.59,4,5,47,-1,0.80,8.51,10.64,83,4,16,47,-12,0.25,8.51,34.04,382,4,6,47,-2,0.67,8.51,12.77,219,14,47,29.79,19,47,40.43,0,47,0.00,0,0,0,0,0,0,0,1,0,1,0,0,0,0,0,1,SP500,252
2024-04-15,weekly,47,5,42,0,-37,0.12,188,10.64,89.36,-1.21,1.19,1,6,47,-5,0.17,2.13,12.77,78,1,19,47,-18,0.05,2.13,40.43,364,1,7,47,-6,0.14,2.13,14.89,213,6,47,12.77,17,47,36.17,0,47,0.00,0,0,0,0,0,0,0,1,0,1,0,1,0,0,0,1,SP500,252
2024-04-16,weekly,47,18,29,0,-11,0.62,177,38.30,61.70,-0.22,1.58,0,9,47,-9,0.00,0.00,19.15,69,0,21,47,-21,0.00,0.00,44.68,343,0,9,47,-9,0.00,0.00,19.15,204,6,47,12.77,14,47,29.79,0,47,0.00,0,0,0,0,0,0,0,0,0,0,0,1,0,0,0,1,SP500,252
2024-04-17,weekly,47,22,25,0,-3,0.88,174,46.81,53.19,-0.20,1.65,0,3,47,-3,0.00,0.00,6.38,66,0,14,47,-14,0.00,0.00,29.79,329,0,4,47,-4,0.00,0.00,8.51,200,6,47,12.77,14,47,29.79,0,47,0.00,0,0,0,0,0,0,0,0,0,0,0,1,0,0,0,1,SP500,252
2024-04-18,weekly,47,26,21,0,5,1.24,179,55.32,44.68,-0.06,1.16,0,5,47,-5,0.00,0.00,10.64,61,1,17,47,-16,0.06,2.13,36.17,313,0,7,47,-7,0.00,0.00,14.89,193,8,47,17.02,15,47,31.91,0,47,0.00,0,0,0,0,0,0,0,0,0,0,0,1,0,0,0,1,SP500,252
2024-04-19,weekly,47,24,23,0,1,1.04,180,51.06,48.94,-0.70,2.78,0,3,47,-3,0.00,0.00,6.38,58,2,20,47,-18,0.10,4.26,42.55,295,0,5,47,-5,0.00,0.00,10.64,188,12,47,25.53,15,47,31.91,0,47,0.00,0,0,0,0,0,0,0,0,0,0,0,0,0,0,0,1,SP500,252
2024-04-22,weekly,47,40,7,0,33,5.71,213,85.11,14.89,0.86,1.22,0,1,47,-1,0.00,0.00,2.13,57,2,8,47,-6,0.25,4.26,17.02,289,0,2,47,-2,0.00,0.00,4.26,186,15,47,31.91,18,47,38.30,0,47,0.00,0,0,0,0,0,0,1,0,1,0,0,0,0,0,0,1,SP500,252
2024-04-23,weekly,47,40,7,0,33,5.71,246,85.11,14.89,1.44,1.90,4,0,47,4,,8.51,0.00,61,4,1,47,3,4.00,8.51,2.13,292,4,0,47,4,,8.51,0.00,190,19,47,40.43,18,47,38.30,0,47,0.00,0,0,0,0,0,0,1,0,1,0,0,0,0,0,0,1,SP500,252
2024-04-24,weekly,47,27,20,0,7,1.35,253,57.45,42.55,0.26,2.27,5,2,47,3,2.50,10.64,4.26,64,6,4,47,2,1.50,12.77,8.51,294,5,2,47,3,2.50,10.64,4.26,193,20,47,42.55,17,47,36.17,0,47,0.00,0,0,0,0,0,0,0,0,0,0,0,0,0,0,0,1,SP500,252
2024-04-25,weekly,47,21,26,0,-5,0.81,248,44.68,55.32,-0.15,2.22,4,3,47,1,1.33,8.51,6.38,65,5,8,47,-3,0.62,10.64,17.02,291,4,4,47,0,1.00,8.51,8.51,193,22,47,46.81,17,47,36.17,0,47,0.00,0,0,0,0,0,0,0,0,0,0,0,0,0,0,0,1,SP500,252
2024-04-26,weekly,47,25,21,1,4,1.19,252,53.19,44.68,0.79,2.71,3,1,47,2,3.00,6.38,2.13,67,4,3,47,1,1.33,8.51,6.38,292,3,2,47,1,1.50,6.38,4.26,194,22,47,46.81,22,47,46.81,0,47,0.00,0,0,0,0,0,0,0,0,0,0,0,0,0,0,0,1,SP500,252
2024-04-29,weekly,47,24,23,0,1,1.04,253,51.06,48.94,0.41,2.61,3,2,47,1,1.50,6.38,4.26,68,5,3,47,2,1.67,10.64,6.38,294,3,2,47,1,1.50,6.38,4.26,195,25,47,53.19,24,47,51.06,0,47,0.00,0,0,0,0,0,0,0,0,0,0,0,0,0,0,0,1,SP500,252
2024-04-30,weekly,47,4,43,0,-39,0.09,214,8.51,91.49,-1.36,1.61,2,3,47,-1,0.67,4.26,6.38,67,4,4,47,0,1.00,8.51,8.51,294,2,3,47,-1,0.67,4.26,6.38,194,22,47,46.81,17,47,36.17,0,47,0.00,0,0,0,0,0,0,0,1,0,1,0,0,0,0,0,1,SP500,252
2024-05-01,weekly,47,24,23,0,1,1.04,215,51.06,48.94,-0.32,1.95,1,2,47,-1,0.50,2.13,4.26,66,3,6,47,-3,0.50,6.38,12.77,291,1,5,47,-4,0.20,2.13,10.64,190,21,47,44.68,20,47,42.55,0,47,0.00,0,0,0,0,0,0,0,0,0,0,0,0,0,0,0,1,SP500,252
2024-05-02,weekly,47,35,12,0,23,2.92,238,74.47,25.53,0.87,1.77,3,2,47,1,1.50,6.38,4.26,67,3,5,47,-2,0.60,6.38,10.64,289,3,5,47,-2,0.60,6.38,10.64,188,23,47,48.94,22,47,46.81,0,47,0.00,0,0,0,0,0,0,1,0,1,0,0,0,0,0,0,1,SP500,252
2024-05-03,weekly,47,38,9,0,29,4.22,267,80.85,19.15,1.47,2.37,3,0,47,3,,6.38,0.00,70,8,3,47,5,2.67,17.02,6.38,294,3,2,47,1,1.50,6.38,4.26,189,30,47,63.83,25,47,53.19,0,47,0.00,0,0,0,0,0,0,1,0,1,0,0,0,0,0,0,1,SP500,252
2024-05-06,weekly,47,37,10,0,27,3.70,294,78.72,21.28,1.06,1.78,3,0,47,3,,6.38,0.00,73,8,0,47,8,,17.02,0.00,302,3,0,47,3,,6.38,0.00,192,37,47,78.72,28,47,59.57,0,47,0.00,0,0,0,0,0,0,1,0,1,0,0,0,0,0,0,1,SP500,252
2024-05-07,weekly,47,28,19,0,9,1.47,303,59.57,40.43,-0.13,2.49,5,0,47,5,,10.64,0.00,78,8,0,47,8,,17.02,0.00,310,5,0,47,5,,10.64,0.00,197,36,47,76.60,28,47,59.57,0,47,0.00,0,0,0,0,0,0,0,0,0,0,0,0,0,0,0,1,SP500,252
2024-05-08,weekly,47,26,21,0,5,1.24,308,55.32,44.68,0.21,1.44,3,0,47,3,,6.38,0.00,81,8,0,47,8,,17.02,0.00,318,3,0,47,3,,6.38,0.00,200,39,47,82.98,31,47,65.96,0,47,0.00,0,0,0,0,0,0,0,0,0,0,1,0,0,0,0,1,SP500,252
2024-05-09,weekly,47,35,12,0,23,2.92,331,74.47,25.53,0.52,1.10,4,0,47,4,,8.51,0.00,85,11,0,47,11,,23.40,0.00,329,4,0,47,4,,8.51,0.00,204,40,47,85.11,32,47,68.09,0,47,0.00,0,0,0,0,0,0,1,0,1,0,1,0,0,0,0,1,SP500,252
2024-05-10,weekly,47,29,18,0,11,1.61,342,61.70,38.30,0.13,1.26,8,0,47,8,,17.02,0.00,93,15,0,47,15,,31.91,0.00,344,8,0,47,8,,17.02,0.00,212,40,47,85.11,33,47,70.21,0,47,0.00,0,0,0,0,0,0,0,0,0,0,1,0,0,0,0,1,SP500,252
2024-05-13,weekly,47,16,31,0,-15,0.52,327,34.04,65.96,-0.26,1.06,8,0,47,8,,17.02,0.00,101,14,0,47,14,,29.79,0.00,358,9,0,47,9,,19.15,0.00,221,39,47,82.98,34,47,72.34,0,47,0.00,0,0,0,0,0,0,0,0,0,0,1,0,0,0,0,1,SP500,252
2024-05-14,weekly,47,35,12,0,23,2.92,350,74.47,25.53,0.72,1.14,5,0,47,5,,10.64,0.00,106,11,0,47,11,,23.40,0.00,369,6,0,47,6,,12.77,0.00,227,39,47,82.98,34,47,72.34,0,47,0.00,0,0,0,0,0,0,1,0,1,0,1,0,0,0,0,1,SP500,252
2024-05-15,weekly,47,40,7,0,33,5.71,383,85.11,14.89,1.24,1.38,11,0,47,11,,23.40,0.00,117,21,0,47,21,,44.68,0.00,390,12,0,47,12,,25.53,0.00,239,43,47,91.49,37,47,78.72,0,47,0.00,0,0,0,0,0,0,1,0,1,0,1,0,0,0,0,1,SP500,252
2024-05-16,weekly,47,22,25,0,-3,0.88,380,46.81,53.19,-0.11,1.46,11,0,47,11,,23.40,0.00,128,21,1,47,20,21.00,44.68,2.13,410,13,0,47,13,,27.66,0.00,252,40,47,85.11,37,47,78.72,0,47,0.00,0,0,0,0,0,0,0,0,0,0,1,0,0,0,0,1,SP500,252
2024-05-17,weekly,47,28,19,0,9,1.47,389,59.57,40.43,0.16,0.88,7,0,47,7,,14.89,0.00,135,13,1,47,12,13.00,27.66,2.13,422,8,0,47,8,,17.02,0.00,260,42,47,89.36,37,47,78.72,0,47,0.00,0,0,0,0,0,0,0,0,0,0,1,0,0,0,0,1,SP500,252
2024-05-20,weekly,47,18,29,0,-11,0.62,378,38.30,61.70,-0.19,1.39,7,1,47,6,7.00,14.89,2.13,141,10,1,47,9,10.00,21.28,2.13,431,8,1,47,7,8.00,17.02,2.13,267,37,47,78.72,36,47,76.60,0,47,0.00,0,0,0,0,0,0,0,0,0,0,0,0,0,0,0,1,SP500,252
2024-05-21,weekly,47,31,16,0,15,1.94,393,65.96,34.04,0.55,1.41,10,1,47,9,10.00,21.28,2.13,150,13,1,47,12,13.00,27.66,2.13,443,11,1,47,10,11.00,23.40,2.13,277,38,47,80.85,35,47,74.47,0,47,0.00,0,0,0,0,0,0,0,0,0,0,1,0,0,0,0,1,SP500,252
2024-05-22,weekly,47,16,31,0,-15,0.52,378,34.04,65.96,-0.45,1.41,8,1,47,7,8.00,17.02,2.13,157,13,1,47,12,13.00,27.66,2.13,455,10,1,47,9,10.00,21.28,2.13,286,37,47,78.72,33,47,70.21,0,47,0.00,0,0,0,0,0,0,0,0,0,0,0,0,0,0,0,1,SP500,252
2024-05-23,weekly,47,5,42,0,-37,0.12,341,10.64,89.36,-0.94,1.89,7,3,47,4,2.33,14.89,6.38,161,9,3,47,6,3.00,19.15,6.38,461,7,3,47,4,2.33,14.89,6.38,290,31,47,65.96,30,47,63.83,34,47,72.34,0,0,0,0,0,0,0,1,0,1,0,0,0,0,0,0,SP500,252
2024-05-24,weekly,47,31,16,0,15,1.94,356,65.96,34.04,0.89,1.85,4,2,47,2,2.00,8.51,4.26,163,5,4,47,1,1.25,10.64,8.51,462,5,3,47,2,1.67,10.64,6.38,292,30,47,63.83,31,47,65.96,34,47,72.34,0,0,0,0,0,0,0,0,0,0,0,0,0,0,0,0,SP500,252
2024-05-28,weekly,47,24,23,0,1,1.04,357,51.06,48.94,-0.03,1.52,4,3,47,1,1.33,8.51,6.38,164,7,5,47,2,1.40,14.89,10.64,464,6,4,47,2,1.50,12.77,8.51,294,26,47,55.32,33,47,70.21,34,47,72.34,0,0,0,0,0,0,0,0,0,0,0,0,0,0,0,0,SP500,252
2024-05-29,weekly,47,9,38,0,-29,0.24,328,19.15,80.85,-0.67,1.01,3,3,47,0,1.00,6.38,6.38,164,3,10,47,-7,0.30,6.38,21.28,457,3,4,47,-1,0.75,6.38,8.51,293,24,47,51.06,30,47,63.83,31,47,65.96,0,0,0,0,0,0,0,1,0,1,0,0,0,0,0,0,SP500,252
2024-05-30,weekly,47,26,21,0,5,1.24,333,55.32,44.68,0.19,3.00,5,1,47,4,5.00,10.64,2.13,168,5,3,47,2,1.67,10.64,6.38,459,5,2,47,3,2.50,10.64,4.26,296,21,47,44.68,27,47,57.45,33,47,70.21,0,0,0,0,0,0,0,0,0,0,0,0,0,0,0,0,SP500,252
2024-05-31,weekly,47,34,13,0,21,2.62,354,72.34,27.66,0.73,1.65,5,1,47,4,5.00,10.64,2.13,172,5,3,47,2,1.67,10.64,6.38,461,5,1,47,4,5.00,10.64,2.13,300,26,47,55.32,31,47,65.96,33,47,70.21,0,0,0,0,0,0,1,0,1,0,0,0,0,0,0,0,SP500,252
2024-06-03,weekly,47,21,25,1,-4,0.84,350,44.68,53.19,-0.24,1.48,5,0,47,5,,10.64,0.00,177,7,2,47,5,3.50,14.89,4.26,466,6,0,47,6,,12.77,0.00,306,23,47,48.94,29,47,61.70,33,47,70.21,0,0,0,0,0,0,0,0,0,0,0,0,0,0,0,0,SP500,252
2024-06-04,weekly,47,31,16,0,15,1.94,365,65.96,34.04,0.28,1.34,6,0,47,6,,12.77,0.00,183,8,3,47,5,2.67,17.02,6.38,471,7,0,47,7,,14.89,0.00,313,22,47,46.81,30,47,63.83,35,47,74.47,0,0,0,0,0,0,0,0,0,0,0,0,0,0,0,0,SP500,252
2024-06-05,weekly,47,36,11,0,25,3.27,390,76.60,23.40,1.00,1.73,9,1,47,8,9.00,19.15,2.13,191,12,1,47,11,12.00,25.53,2.13,482,9,1,47,8,9.00,19.15,2.13,321,26,47,55.32,37,47,78.72,35,47,74.47,0,0,0,0,0,0,1,0,1,0,0,0,0,0,0,0,SP500,252
2024-06-06,weekly,47,29,18,0,11,1.61,401,61.70,38.30,0.33,1.17,10,0,47,10,,21.28,0.00,201,14,2,47,12,7.00,29.79,4.26,494,10,0,47,10,,21.28,0.00,331,31,47,65.96,38,47,80.85,36,47,76.60,0,0,0,0,0,0,0,0,0,0,0,0,1,0,0,0,SP500,252
2024-06-07,weekly,47,22,25,0,-3,0.88,398,46.81,53.19,-0.15,1.00,8,0,47,8,,17.02,0.00,209,10,0,47,10,,21.28,0.00,504,8,0,47,8,,17.02,0.00,339,30,47,63.83,38,47,80.85,35,47,74.47,0,0,0,0,0,0,0,0,0,0,0,0,1,0,0,0,SP500,252
2024-06-10,weekly,47,32,15,0,17,2.13,415,68.09,31.91,0.21,1.21,3,1,47,2,3.00,6.38,2.13,211,5,2,47,3,2.50,10.64,4.26,507,3,1,47,2,3.00,6.38,2.13,341,28,47,59.57,36,47,76.60,36,47,76.60,0,0,0,0,0,0,1,0,0,0,0,0,0,0,0,0,SP500,252
2024-06-11,weekly,47,21,26,0,-5,0.81,410,44.68,55.32,-0.03,1.69,4,0,47,4,,8.51,0.00,215,8,4,47,4,2.00,17.02,8.51,511,4,0,47,4,,8.51,0.00,345,27,47,57.45,34,47,72.34,32,47,68.09,0,0,0,0,0,0,0,0,0,0,0,0,0,0,0,0,SP500,252
2024-06-12,weekly,47,26,21,0,5,1.24,415,55.32,44.68,0.73,2.68,10,0,47,10,,21.28,0.00,225,16,3,47,13,5.33,34.04,6.38,524,11,0,47,11,,23.40,0.00,356,29,47,61.70,35,47,74.47,34,47,72.34,0,0,0,0,0,0,0,0,0,0,0,0,0,0,0,0,SP500,252
2024-06-13,weekly,47,23,24,0,-1,0.96,414,48.94,51.06,0.29,2.35,6,1,47,5,6.00,12.77,2.13,230,7,7,47,0,1.00,14.89,14.89,524,6,3,47,3,2.00,12.77,6.38,359,30,47,63.83,32,47,68.09,33,47,70.21,0,0,0,0,0,0,0,0,0,0,0,0,0,0,0,0,SP500,252
2024-06-14,weekly,47,24,23,0,1,1.04,415,51.06,48.94,-0.02,1.19,4,1,47,3,4.00,8.51,2.13,233,4,5,47,-1,0.80,8.51,10.64,523,4,3,47,1,1.33,8.51,6.38,360,29,47,61.70,33,47,70.21,32,47,68.09,0,0,0,0,0,0,0,0,0,0,0,0,0,0,0,0,SP500,252
2024-06-17,weekly,47,36,11,0,25,3.27,440,76.60,23.40,0.95,1.72,9,1,47,8,9.00,19.15,2.13,241,11,5,47,6,2.20,23.40,10.64,529,9,3,47,6,3.00,19.15,6.38,366,31,47,65.96,33,47,70.21,34,47,72.34,0,0,0,0,0,0,1,0,1,0,0,0,0,0,0,0,SP500,252
2024-06-18,weekly,47,32,15,0,17,2.13,457,68.09,31.91,0.49,1.51,11,0,47,11,,23.40,0.00,252,14,2,47,12,7.00,29.79,4.26,541,12,0,47,12,,25.53,0.00,378,33,47,70.21,33,47,70.21,35,47,74.47,0,0,0,0,0,0,1,0,0,0,0,0,0,0,0,0,SP500,252
2024-06-20,weekly,47,23,23,1,0,1.00,457,48.94,48.94,0.08,1.94,9,0,47,9,,19.15,0.00,261,11,1,47,10,11.00,23.40,2.13,551,10,0,47,10,,21.28,0.00,388,39,47,82.98,38,47,80.85,37,47,78.72,0,0,0,0,0,0,0,0,0,0,1,0,1,0,0,0,SP500,252
2024-06-21,weekly,47,24,23,0,1,1.04,458,51.06,48.94,-0.32,1.51,4,0,47,4,,8.51,0.00,265,8,0,47,8,,17.02,0.00,559,4,0,47,4,,8.51,0.00,392,39,47,82.98,40,47,85.11,37,47,78.72,0,0,0,0,0,0,0,0,0,0,1,0,1,0,0,0,SP500,252
2024-06-24,weekly,47,27,20,0,7,1.35,465,57.45,42.55,-0.00,1.95,7,0,47,7,,14.89,0.00,272,15,0,47,15,,31.91,0.00,574,8,0,47,8,,17.02,0.00,400,41,47,87.23,41,47,87.23,38,47,80.85,0,0,0,0,0,0,0,0,0,0,1,0,1,0,1,0,SP500,252
2024-06-25,weekly,47,23,23,1,0,1.00,465,48.94,48.94,0.27,1.67,6,0,47,6,,12.77,0.00,278,8,0,47,8,,17.02,0.00,582,7,0,47,7,,14.89,0.00,407,37,47,78.72,38,47,80.85,36,47,76.60,0,0,0,0,0,0,0,0,0,0,0,0,1,0,0,0,SP500,252
2024-06-26,weekly,47,22,25,0,-3,0.88,462,46.81,53.19,-0.08,1.36,6,0,47,6,,12.77,0.00,284,8,1,47,7,8.00,17.02,2.13,589,6,0,47,6,,12.77,0.00,413,36,47,76.60,34,47,72.34,36,47,76.60,0,0,0,0,0,0,0,0,0,0,0,0,0,0,0,0,SP500,252
2024-06-27,weekly,47,25,22,0,3,1.14,465,53.19,46.81,0.19,1.32,8,0,47,8,,17.02,0.00,292,11,2,47,9,5.50,23.40,4.26,598,9,0,47,9,,19.15,0.00,422,33,47,70.21,36,47,76.60,36,47,76.60,0,0,0,0,0,0,0,0,0,0,0,0,0,0,0,0,SP500,252
2024-06-28,weekly,47,21,26,0,-5,0.81,460,44.68,55.32,-0.09,1.50,3,0,47,3,,6.38,0.00,295,8,2,47,6,4.00,17.02,4.26,604,4,1,47,3,4.00,8.51,2.13,425,32,47,68.09,37,47,78.72,37,47,78.72,0,0,0,0,0,0,0,0,0,0,0,0,0,0,0,0,SP500,252
2024-07-01,weekly,47,24,22,1,2,1.09,462,51.06,46.81,0.20,1.57,7,0,47,7,,14.89,0.00,302,13,3,47,10,4.33,27.66,6.38,614,9,1,47,8,9.00,19.15,2.13,433,29,47,61.70,33,47,70.21,36,47,76.60,0,0,0,0,0,0,0,0,0,0,0,0,0,0,0,0,SP500,252
2024-07-02,weekly,47,34,13,0,21,2.62,483,72.34,27.66,0.77,1.77,6,0,47,6,,12.77,0.00,308,8,4,47,4,2.00,17.02,8.51,618,7,1,47,6,7.00,14.89,2.13,439,31,47,65.96,36,47,76.60,36,47,76.60,0,0,0,0,0,0,1,0,1,0,0,0,0,0,0,0,SP500,252
2024-07-03,weekly,47,25,22,0,3,1.14,486,53.19,46.81,0.38,1.49,9,0,47,9,,19.15,0.00,317,12,0,47,12,,25.53,0.00,630,11,0,47,11,,23.40,0.00,450,33,47,70.21,35,47,74.47,35,47,74.47,0,0,0,0,0,0,0,0,0,0,0,0,0,0,0,0,SP500,252
2024-07-05,weekly,47,33,14,0,19,2.36,505,70.21,29.79,0.77,1.79,12,0,47,12,,25.53,0.00,329,15,2,47,13,7.50,31.91,4.26,643,14,0,47,14,,29.79,0.00,464,34,47,72.34,33,47,70.21,36,47,76.60,0,0,0,0,0,0,1,0,1,0,0,0,0,0,0,0,SP500,252
2024-07-08,weekly,47,25,22,0,3,1.14,508,53.19,46.81,0.15,1.16,8,0,47,8,,17.02,0.00,337,10,1,47,9,10.00,21.28,2.13,652,10,0,47,10,,21.28,0.00,474,32,47,68.09,36,47,76.60,36,47,76.60,0,0,0,0,0,0,0,0,0,0,0,0,0,0,0,0,SP500,252
2024-07-09,weekly,47,21,25,1,-4,0.84,504,44.68,53.19,0.08,1.21,13,1,47,12,13.00,27.66,2.13,349,14,2,47,12,7.00,29.79,4.26,664,14,1,47,13,14.00,29.79,2.13,487,32,47,68.09,34,47,72.34,36,47,76.60,0,0,0,0,0,0,0,0,0,0,0,0,0,0,0,0,SP500,252
2024-07-10,weekly,47,40,7,0,33,5.71,537,85.11,14.89,0.91,1.22,9,1,47,8,9.00,19.15,2.13,357,12,4,47,8,3.00,25.53,8.51,672,10,3,47,7,3.33,21.28,6.38,494,38,47,80.85,38,47,80.85,38,47,80.85,0,0,0,0,0,0,1,0,1,0,1,0,1,0,1,0,SP500,252
2024-07-11,weekly,47,21,26,0,-5,0.81,532,44.68,55.32,-0.85,2.22,8,0,47,8,,17.02,0.00,365,12,0,47,12,,25.53,0.00,684,10,0,47,10,,21.28,0.00,504,36,47,76.60,40,47,85.11,39,47,82.98,0,0,0,0,0,0,0,0,0,0,0,0,1,0,1,0,SP500,252
2024-07-12,weekly,47,33,14,0,19,2.36,551,70.21,29.79,0.62,1.28,6,0,47,6,,12.77,0.00,371,12,0,47,12,,25.53,0.00,696,8,0,47,8,,17.02,0.00,512,39,47,82.98,41,47,87.23,39,47,82.98,0,0,0,0,0,0,1,0,1,0,1,0,1,0,1,0,SP500,252
2024-07-15,weekly,47,29,18,0,11,1.61,562,61.70,38.30,0.38,1.24,10,1,47,9,10.00,21.28,2.13,380,14,1,47,13,14.00,29.79,2.13,709,11,1,47,10,11.00,23.40,2.13,522,35,47,74.47,41,47,87.23,39,47,82.98,0,0,0,0,0,0,0,0,0,0,0,0,1,0,1,0,SP500,252
2024-07-16,weekly,47,33,13,1,20,2.54,582,70.21,27.66,0.79,1.65,10,1,47,9,10.00,21.28,2.13,389,15,2,47,13,7.50,31.91,4.26,722,12,1,47,11,12.00,25.53,2.13,533,38,47,80.85,42,47,89.36,39,47,82.98,0,0,0,0,0,0,1,0,1,0,1,0,1,0,1,0,SP500,252
2024-07-17,weekly,47,23,24,0,-1,0.96,581,48.94,51.06,-1.17,3.49,13,0,47,13,,27.66,0.00,402,22,8,47,14,2.75,46.81,17.02,736,17,0,47,17,,36.17,0.00,550,29,47,61.70,40,47,85.11,39,47,82.98,0,0,0,0,0,0,0,0,0,0,0,0,1,0,1,0,SP500,252
2024-07-18,weekly,47,10,37,0,-27,0.27,554,21.28,78.72,-0.94,1.70,9,0,47,9,,19.15,0.00,411,15,13,47,2,1.15,31.91,27.66,738,12,0,47,12,,25.53,0.00,562,28,47,59.57,33,47,70.21,40,47,85.11,0,0,0,0,0,0,0,1,0,1,0,0,0,0,1,0,SP500,252
2024-07-19,weekly,47,17,30,0,-13,0.57,541,36.17,63.83,-0.35,1.86,2,1,47,1,2.00,4.26,2.13,412,2,7,47,-5,0.29,4.26,14.89,733,2,1,47,1,2.00,4.26,2.13,563,27,47,57.45,34,47,72.34,39,47,82.98,0,0,0,0,0,0,0,0,0,0,0,0,0,0,1,0,SP500,252
2024-07-22,weekly,47,33,14,0,19,2.36,560,70.21,29.79,0.97,1.66,1,0,47,1,,2.13,0.00,413,1,0,47,1,,2.13,0.00,734,1,0,47,1,,2.13,0.00,564,28,47,59.57,37,47,78.72,40,47,85.11,0,0,0,0,0,0,1,0,1,0,0,0,0,0,1,0,SP500,252
2024-07-23,weekly,47,23,24,0,-1,0.96,559,48.94,51.06,0.04,1.41,5,0,47,5,,10.64,0.00,418,6,0,47,6,,12.77,0.00,740,5,0,47,5,,10.64,0.00,569,25,47,53.19,35,47,74.47,40,47,85.11,0,0,0,0,0,0,0,0,0,0,0,0,0,0,1,0,SP500,252
2024-07-24,weekly,47,13,33,1,-20,0.39,539,27.66,70.21,-2.18,3.17,1,2,47,-1,0.50,2.13,4.26,417,2,11,47,-9,0.18,4.26,23.40,731,1,3,47,-2,0.33,2.13,6.38,567,21,47,44.68,28,47,59.57,37,47,78.72,0,0,0,0,0,0,0,1,0,1,0,0,0,0,0,0,SP500,252
2024-07-25,weekly,47,19,28,0,-9,0.68,530,40.43,59.57,-0.84,2.31,6,2,47,4,3.00,12.77,4.26,421,7,17,47,-10,0.41,14.89,36.17,721,7,3,47,4,2.33,14.89,6.38,571,21,47,44.68,29,47,61.70,38,47,80.85,0,0,0,0,0,0,0,0,0,0,0,0,0,0,1,0,SP500,252
2024-07-26,weekly,47,38,9,0,29,4.22,559,80.85,19.15,1.20,1.53,3,0,47,3,,6.38,0.00,424,5,6,47,-1,0.83,10.64,12.77,720,5,0,47,5,,10.64,0.00,576,22,47,46.81,30,47,63.83,38,47,80.85,0,0,0,0,0,0,1,0,1,0,0,0,0,0,1,0,SP500,252
2024-07-29,weekly,47,24,23,0,1,1.04,560,51.06,48.94,0.07,1.21,3,0,47,3,,6.38,0.00,427,4,0,47,4,,8.51,0.00,724,4,0,47,4,,8.51,0.00,580,20,47,42.55,29,47,61.70,40,47,85.11,0,0,0,0,0,0,0,0,0,0,0,0,0,0,1,0,SP500,252
2024-07-30,weekly,47,23,24,0,-1,0.96,559,48.94,51.06,-0.72,2.28,5,0,47,5,,10.64,0.00,432,5,12,47,-7,0.42,10.64,25.53,717,5,2,47,3,2.50,10.64,4.26,583,20,47,42.55,27,47,57.45,39,47,82.98,0,0,0,0,0,0,0,0,0,0,0,0,0,0,1,0,SP500,252
2024-07-31,weekly,47,32,15,0,17,2.13,576,68.09,31.91,1.82,3.55,2,0,47,2,,4.26,0.00,434,4,2,47,2,2.00,8.51,4.26,719,3,0,47,3,,6.38,0.00,586,24,47,51.06,31,47,65.96,43,47,91.49,0,0,0,0,0,0,1,0,0,0,0,0,0,0,1,0,SP500,252
2024-08-01,weekly,47,16,31,0,-15,0.52,561,34.04,65.96,-1.10,3.13,6,1,47,5,6.00,12.77,2.13,439,7,6,47,1,1.17,14.89,12.77,720,7,2,47,5,3.50,14.89,4.26,591,21,47,44.68,30,47,63.83,38,47,80.85,0,0,0,0,0,0,0,0,0,0,0,0,0,0,1,0,SP500,252
2024-08-02,weekly,47,9,38,0,-29,0.24,532,19.15,80.85,-1.84,2.56,7,1,47,6,7.00,14.89,2.13,445,7,17,47,-10,0.41,14.89,36.17,710,7,5,47,2,1.40,14.89,10.64,593,17,47,36.17,21,47,44.68,36,47,76.60,0,0,0,0,0,0,0,1,0,1,0,0,0,0,0,0,SP500,252
2024-08-05,weekly,47,1,46,0,-45,0.02,487,2.13,97.87,-2.70,1.41,2,2,47,0,1.00,4.26,4.26,445,2,29,47,-27,0.07,4.26,61.70,683,2,13,47,-11,0.15,4.26,27.66,582,8,47,17.02,15,47,31.91,28,47,59.57,0,0,0,0,0,0,0,1,0,1,0,1,0,0,0,0,SP500,252
2024-08-06,weekly,47,36,11,0,25,3.27,512,76.60,23.40,1.06,1.92,0,0,47,0,,0.00,0.00,445,0,2,47,-2,0.00,0.00,4.26,681,0,1,47,-1,0.00,0.00,2.13,581,11,47,23.40,18,47,38.30,31,47,65.96,0,0,0,0,0,0,1,0,1,0,0,0,0,0,0,0,SP500,252
2024-08-07,weekly,47,19,28,0,-9,0.68,503,40.43,59.57,-0.68,1.70,2,0,47,2,,4.26,0.00,447,2,6,47,-4,0.33,4.26,12.77,677,2,1,47,1,2.00,4.26,2.13,582,11,47,23.40,15,47,31.91,28,47,59.57,0,0,0,0,0,0,0,0,0,0,0,0,0,0,0,0,SP500,252
2024-08-08,weekly,47,45,2,0,43,22.50,546,95.74,4.26,2.74,2.44,0,0,47,0,,0.00,0.00,447,0,2,47,-2,0.00,0.00,4.26,675,0,0,47,0,,0.00,0.00,582,18,47,38.30,22,47,46.81,34,47,72.34,0,0,0,0,0,0,1,0,1,0,0,0,0,0,0,0,SP500,252
2024-08-09,weekly,47,32,15,0,17,2.13,563,68.09,31.91,0.49,1.16,2,0,47,2,,4.26,0.00,449,3,0,47,3,,6.38,0.00,678,2,0,47,2,,4.26,0.00,584,20,47,42.55,25,47,53.19,34,47,72.34,0,0,0,0,0,0,1,0,0,0,0,0,0,0,0,0,SP500,252
2024-08-12,weekly,47,21,25,1,-4,0.84,559,44.68,53.19,-0.12,1.06,2,1,47,1,2.00,4.26,2.13,450,4,3,47,1,1.33,8.51,6.38,679,3,2,47,1,1.50,6.38,4.26,585,18,47,38.30,25,47,53.19,33,47,70.21,0,0,0,0,0,0,0,0,0,0,0,0,0,0,0,0,SP500,252
2024-08-13,weekly,47,41,6,0,35,6.83,594,87.23,12.77,1.41,1.57,2,0,47,2,,4.26,0.00,452,3,1,47,2,3.00,6.38,2.13,681,2,0,47,2,,4.26,0.00,587,23,47,48.94,25,47,53.19,34,47,72.34,0,0,0,0,0,0,1,0,1,0,0,0,0,0,0,0,SP500,252
2024-08-14,weekly,47,33,14,0,19,2.36,613,70.21,29.79,0.42,1.15,3,0,47,3,,6.38,0.00,455,6,1,47,5,6.00,12.77,2.13,686,3,0,47,3,,6.38,0.00,590,28,47,59.57,30,47,63.83,36,47,76.60,0,0,0,0,0,0,1,0,1,0,0,0,0,0,0,0,SP500,252
2024-08-15,weekly,47,44,3,0,41,14.67,654,93.62,6.38,1.84,1.97,5,0,47,5,,10.64,0.00,460,11,0,47,11,,23.40,0.00,697,7,0,47,7,,14.89,0.00,597,39,47,82.98,34,47,72.34,39,47,82.98,0,0,0,0,0,0,1,0,1,0,1,0,0,0,1,0,SP500,252
2024-08-16,weekly,47,31,16,0,15,1.94,669,65.96,34.04,0.34,0.95,2,0,47,2,,4.26,0.00,462,6,0,47,6,,12.77,0.00,703,2,0,47,2,,4.26,0.00,599,42,47,89.36,37,47,78.72,39,47,82.98,0,0,0,0,0,0,0,0,0,0,1,0,0,0,1,0,SP500,252
2024-08-19,weekly,47,39,8,0,31,4.88,700,82.98,17.02,0.81,1.25,4,0,47,4,,8.51,0.00,466,8,0,47,8,,17.02,0.00,711,5,0,47,5,,10.64,0.00,604,45,47,95.74,38,47,80.85,42,47,89.36,0,0,0,0,0,0,1,0,1,0,1,0,1,0,1,0,SP500,252
2024-08-20,weekly,47,28,19,0,9,1.47,709,59.57,40.43,-0.05,1.13,8,0,47,8,,17.02,0.00,474,13,0,47,13,,27.66,0.00,724,9,0,47,9,,19.15,0.00,613,43,47,91.49,37,47,78.72,41,47,87.23,0,0,0,0,0,0,0,0,0,0,1,0,0,0,1,0,SP500,252
2024-08-21,weekly,47,33,14,0,19,2.36,728,70.21,29.79,0.36,0.65,6,0,47,6,,12.77,0.00,480,12,0,47,12,,25.53,0.00,736,7,0,47,7,,14.89,0.00,620,44,47,93.62,36,47,76.60,42,47,89.36,0,0,0,0,0,0,1,0,1,0,1,0,0,0,1,0,SP500,252
2024-08-22,weekly,47,17,30,0,-13,0.57,715,36.17,63.83,-0.65,1.39,8,0,47,8,,17.02,0.00,488,14,0,47,14,,29.79,0.00,750,9,0,47,9,,19.15,0.00,629,40,47,85.11,34,47,72.34,39,47,82.98,0,0,0,0,0,0,0,0,0,0,1,0,0,0,1,0,SP500,252
2024-08-23,weekly,47,35,12,0,23,2.92,738,74.47,25.53,0.90,1.26,7,0,47,7,,14.89,0.00,495,8,0,47,8,,17.02,0.00,758,8,0,47,8,,17.02,0.00,637,45,47,95.74,39,47,82.98,40,47,85.11,0,0,0,0,0,0,1,0,1,0,1,0,1,0,1,0,SP500,252
2024-08-26,weekly,47,27,19,1,8,1.42,746,57.45,40.43,-0.24,1.37,9,0,47,9,,19.15,0.00,504,15,0,47,15,,31.91,0.00,773,11,0,47,11,,23.40,0.00,648,47,47,100.00,35,47,74.47,39,47,82.98,0,0,0,0,0,0,0,0,0,0,1,0,0,0,1,0,SP500,252
2024-08-27,weekly,47,28,19,0,9,1.47,755,59.57,40.43,0.24,0.93,11,0,47,11,,23.40,0.00,515,15,0,47,15,,31.91,0.00,788,13,0,47,13,,27.66,0.00,661,46,47,97.87,35,47,74.47,40,47,85.11,0,0,0,0,0,0,0,0,0,0,1,0,0,0,1,0,SP500,252
2024-08-28,weekly,47,10,37,0,-27,0.27,728,21.28,78.72,-0.71,1.09,10,0,47,10,,21.28,0.00,525,14,0,47,14,,29.79,0.00,802,12,0,47,12,,25.53,0.00,673,41,47,87.23,32,47,68.09,39,47,82.98,0,0,0,0,0,0,0,1,0,1,1,0,0,0,1,0,SP500,252
2024-08-29,weekly,47,34,13,0,21,2.62,749,72.34,27.66,0.43,1.41,8,0,47,8,,17.02,0.00,533,18,0,47,18,,38.30,0.00,820,10,0,47,10,,21.28,0.00,683,44,47,93.62,33,47,70.21,40,47,85.11,0,0,0,0,0,0,1,0,1,0,1,0,0,0,1,0,SP500,252
2024-08-30,weekly,47,43,4,0,39,10.75,788,91.49,8.51,1.25,1.13,11,0,47,11,,23.40,0.00,544,18,0,47,18,,38.30,0.00,838,12,0,47,12,,25.53,0.00,695,47,47,100.00,37,47,78.72,43,47,91.49,0,0,0,0,0,0,1,0,1,0,1,0,0,0,1,0,SP500,252
2024-09-03,weekly,47,11,36,0,-25,0.31,763,23.40,76.60,-1.77,2.64,11,0,47,11,,23.40,0.00,555,17,1,47,16,17.00,36.17,2.13,854,14,0,47,14,,29.79,0.00,709,34,47,72.34,32,47,68.09,38,47,80.85,0,0,0,0,0,0,0,1,0,1,0,0,0,0,1,0,SP500,252
2024-09-04,weekly,47,24,23,0,1,1.04,764,51.06,48.94,0.17,1.20,9,0,47,9,,19.15,0.00,564,10,2,47,8,5.00,21.28,4.26,862,9,0,47,9,,19.15,0.00,718,32,47,68.09,31,47,65.96,38,47,80.85,0,0,0,0,0,0,0,0,0,0,0,0,0,0,1,0,SP500,252
2024-09-05,weekly,47,12,35,0,-23,0.34,741,25.53,74.47,-0.51,1.37,4,0,47,4,,8.51,0.00,568,6,2,47,4,3.00,12.77,4.26,866,4,0,47,4,,8.51,0.00,722,27,47,57.45,31,47,65.96,39,47,82.98,0,0,0,0,0,0,0,1,0,1,0,0,0,0,1,0,SP500,252
2024-09-06,weekly,47,8,39,0,-31,0.21,710,17.02,82.98,-1.74,2.16,2,0,47,2,,4.26,0.00,570,3,11,47,-8,0.27,6.38,23.40,858,2,3,47,-1,0.67,4.26,6.38,721,16,47,34.04,27,47,57.45,37,47,78.72,0,0,0,0,0,0,0,1,0,1,0,0,0,0,0,0,SP500,252
2024-09-09,weekly,47,42,5,0,37,8.40,747,89.36,10.64,1.45,2.24,4,0,47,4,,8.51,0.00,574,5,3,47,2,1.67,10.64,6.38,860,5,2,47,3,2.50,10.64,4.26,724,25,47,53.19,29,47,61.70,38,47,80.85,0,0,0,0,0,0,1,0,1,0,0,0,0,0,1,0,SP500,252
2024-09-10,weekly,47,28,18,1,10,1.56,757,59.57,38.30,0.59,2.39,5,0,47,5,,10.64,0.00,579,6,5,47,1,1.20,12.77,10.64,861,6,1,47,5,6.00,12.77,2.13,729,25,47,53.19,30,47,63.83,38,47,80.85,0,0,0,0,0,0,0,0,0,0,0,0,0,0,1,0,SP500,252
2024-09-11,weekly,47,29,18,0,11,1.61,768,61.70,38.30,0.85,2.18,3,0,47,3,,6.38,0.00,582,5,6,47,-1,0.83,10.64,12.77,860,4,1,47,3,4.00,8.51,2.13,732,27,47,57.45,33,47,70.21,38,47,80.85,0,0,0,0,0,0,0,0,0,0,0,0,0,0,1,0,SP500,252
2024-09-12,weekly,47,34,13,0,21,2.62,789,72.34,27.66,0.85,1.20,7,0,47,7,,14.89,0.00,589,10,1,47,9,10.00,21.28,2.13,869,8,0,47,8,,17.02,0.00,740,30,47,63.83,36,47,76.60,39,47,82.98,0,0,0,0,0,0,1,0,1,0,0,0,0,0,1,0,SP500,252
2024-09-13,weekly,47,34,13,0,21,2.62,810,72.34,27.66,0.75,1.23,10,0,47,10,,21.28,0.00,599,15,0,47,15,,31.91,0.00,884,12,0,47,12,,25.53,0.00,752,33,47,70.21,37,47,78.72,39,47,82.98,0,0,0,0,0,0,1,0,1,0,0,0,0,0,1,0,SP500,252
2024-09-16,weekly,47,31,16,0,15,1.94,825,65.96,34.04,0.57,1.34,9,0,47,9,,19.15,0.00,608,15,1,47,14,15.00,31.91,2.13,898,12,0,47,12,,25.53,0.00,764,33,47,70.21,36,47,76.60,39,47,82.98,0,0,0,0,0,0,0,0,0,0,0,0,0,0,1,0,SP500,252
2024-09-17,weekly,47,26,21,0,5,1.24,830,55.32,44.68,-0.13,1.42,5,0,47,5,,10.64,0.00,613,12,0,47,12,,25.53,0.00,910,8,0,47,8,,17.02,0.00,772,32,47,68.09,36,47,76.60,40,47,85.11,0,0,0,0,0,0,0,0,0,0,0,0,0,0,1,0,SP500,252
2024-09-18,weekly,47,17,30,0,-13,0.57,817,36.17,63.83,-0.35,0.96,7,0,47,7,,14.89,0.00,620,10,0,47,10,,21.28,0.00,920,7,0,47,7,,14.89,0.00,779,32,47,68.09,34,47,72.34,41,47,87.23,0,0,0,0,0,0,0,0,0,0,0,0,0,0,1,0,SP500,252
2024-09-19,weekly,47,37,10,0,27,3.70,844,78.72,21.28,1.59,1.96,8,0,47,8,,17.02,0.00,628,15,1,47,14,15.00,31.91,2.13,934,9,0,47,9,,19.15,0.00,788,36,47,76.60,42,47,89.36,43,47,91.49,0,0,0,0,0,0,1,0,1,0,0,0,1,0,1,0,SP500,252
2024-09-20,weekly,47,23,24,0,-1,0.96,843,48.94,51.06,0.00,1.12,5,0,47,5,,10.64,0.00,633,8,2,47,6,4.00,17.02,4.26,940,5,0,47,5,,10.64,0.00,793,36,47,76.60,39,47,82.98,42,47,89.36,0,0,0,0,0,0,0,0,0,0,0,0,1,0,1,0,SP500,252
2024-09-23,weekly,47,31,16,0,15,1.94,858,65.96,34.04,0.40,1.14,6,0,47,6,,12.77,0.00,639,10,0,47,10,,21.28,0.00,950,6,0,47,6,,12.77,0.00,799,37,47,78.72,43,47,91.49,42,47,89.36,0,0,0,0,0,0,0,0,0,0,0,0,1,0,1,0,SP500,252
2024-09-24,weekly,47,23,24,0,-1,0.96,857,48.94,51.06,-0.01,1.46,5,0,47,5,,10.64,0.00,644,9,2,47,7,4.50,19.15,4.26,957,5,0,47,5,,10.64,0.00,804,33,47,70.21,42,47,89.36,42,47,89.36,0,0,0,0,0,0,0,0,0,0,0,0,1,0,1,0,SP500,252
2024-09-25,weekly,47,21,26,0,-5,0.81,852,44.68,55.32,-0.21,1.23,6,0,47,6,,12.77,0.00,650,8,3,47,5,2.67,17.02,6.38,962,7,0,47,7,,14.89,0.00,811,31,47,65.96,35,47,74.47,41,47,87.23,0,0,0,0,0,0,0,0,0,0,0,0,0,0,1,0,SP500,252
2024-09-26,weekly,47,24,23,0,1,1.04,853,51.06,48.94,0.32,1.52,6,0,47,6,,12.77,0.00,656,12,2,47,10,6.00,25.53,4.26,972,8,0,47,8,,17.02,0.00,819,31,47,65.96,39,47,82.98,44,47,93.62,0,0,0,0,0,0,0,0,0,0,0,0,1,0,1,0,SP500,252
2024-09-27,weekly,47,28,19,0,9,1.47,862,59.57,40.43,0.01,1.59,1,0,47,1,,2.13,0.00,657,6,1,47,5,6.00,12.77,2.13,977,1,0,47,1,,2.13,0.00,820,34,47,72.34,42,47,89.36,44,47,93.62,0,0,0,0,0,0,0,0,0,0,0,0,1,0,1,0,SP500,252
2024-09-30,weekly,47,37,10,0,27,3.70,889,78.72,21.28,0.60,0.89,2,0,47,2,,4.26,0.00,659,6,1,47,5,6.00,12.77,2.13,982,3,0,47,3,,6.38,0.00,823,37,47,78.72,44,47,93.62,44,47,93.62,0,0,0,0,0,0,1,0,1,0,0,0,1,0,1,0,SP500,252
2024-10-01,weekly,47,12,35,0,-23,0.34,866,25.53,74.47,-0.72,1.30,3,0,47,3,,6.38,0.00,662,7,0,47,7,,14.89,0.00,989,4,0,47,4,,8.51,0.00,827,31,47,65.96,42,47,89.36,43,47,91.49,0,0,0,0,0,0,0,1,0,1,0,0,1,0,1,0,SP500,252
2024-10-02,weekly,47,27,20,0,7,1.35,873,57.45,42.55,0.12,1.12,3,0,47,3,,6.38,0.00,665,5,1,47,4,5.00,10.64,2.13,993,3,0,47,3,,6.38,0.00,830,32,47,68.09,41,47,87.23,43,47,91.49,0,0,0,0,0,0,0,0,0,0,0,0,1,0,1,0,SP500,252
2024-10-03,weekly,47,17,28,2,-11,0.61,862,36.17,59.57,-0.06,1.28,6,0,47,6,,12.77,0.00,671,7,2,47,5,3.50,14.89,4.26,998,7,0,47,7,,14.89,0.00,837,29,47,61.70,39,47,82.98,44,47,93.62,0,0,0,0,0,0,0,0,0,0,0,0,1,0,1,0,SP500,252
2024-10-04,weekly,47,37,10,0,27,3.70,889,78.72,21.28,1.16,1.37,6,0,47,6,,12.77,0.00,677,9,5,47,4,1.80,19.15,10.64,1002,7,0,47,7,,14.89,0.00,844,33,47,70.21,41,47,87.23,44,47,93.62,0,0,0,0,0,0,1,0,1,0,0,0,1,0,1,0,SP500,252
2024-10-07,weekly,47,7,40,0,-33,0.17,856,14.89,85.11,-0.97,1.15,5,0,47,5,,10.64,0.00,682,8,3,47,5,2.67,17.02,6.38,1007,5,0,47,5,,10.64,0.00,849,25,47,53.19,35,47,74.47,43,47,91.49,0,0,0,0,0,0,0,1,0,1,0,0,0,0,1,0,SP500,252
2024-10-08,weekly,47,38,9,0,29,4.22,885,80.85,19.15,1.03,1.43,7,0,47,7,,14.89,0.00,689,11,4,47,7,2.75,23.40,8.51,1014,8,0,47,8,,17.02,0.00,857,31,47,65.96,38,47,80.85,43,47,91.49,0,0,0,0,0,0,1,0,1,0,0,0,1,0,1,0,SP500,252
2024-10-09,weekly,47,39,8,0,31,4.88,916,82.98,17.02,0.82,1.10,10,0,47,10,,21.28,0.00,699,14,1,47,13,14.00,29.79,2.13,1027,11,0,47,11,,23.40,0.00,868,35,47,74.47,40,47,85.11,44,47,93.62,0,0,0,0,0,0,1,0,1,0,0,0,1,0,1,0,SP500,252
2024-10-10,weekly,47,13,34,0,-21,0.38,895,27.66,72.34,-0.37,0.91,6,0,47,6,,12.77,0.00,705,8,1,47,7,8.00,17.02,2.13,1034,7,0,47,7,,14.89,0.00,875,29,47,61.70,40,47,85.11,44,47,93.62,0,0,0,0,0,0,0,1,0,1,0,0,1,0,1,0,SP500,252
2024-10-11,weekly,47,38,9,0,29,4.22,924,80.85,19.15,0.69,1.88,10,0,47,10,,21.28,0.00,715,15,1,47,14,15.00,31.91,2.13,1048,11,0,47,11,,23.40,0.00,886,38,47,80.85,41,47,87.23,44,47,93.62,0,0,0,0,0,0,1,0,1,0,1,0,1,0,1,0,SP500,252
2024-10-14,weekly,47,36,11,0,25,3.27,949,76.60,23.40,0.60,1.08,11,0,47,11,,23.40,0.00,726,16,1,47,15,16.00,34.04,2.13,1063,12,0,47,12,,25.53,0.00,898,41,47,87.23,43,47,91.49,46,47,97.87,0,0,0,0,0,0,1,0,1,0,1,0,1,0,1,0,SP500,252
2024-10-15,weekly,47,22,24,1,-2,0.92,947,46.81,51.06,-0.92,2.04,12,0,47,12,,25.53,0.00,738,19,1,47,18,19.00,40.43,2.13,1081,15,1,47,14,15.00,31.91,2.13,912,38,47,80.85,42,47,89.36,44,47,93.62,0,0,0,0,0,0,0,0,0,0,1,0,1,0,1,0,SP500,252
2024-10-16,weekly,47,30,17,0,13,1.76,960,63.83,36.17,0.60,1.40,5,0,47,5,,10.64,0.00,743,7,0,47,7,,14.89,0.00,1088,7,0,47,7,,14.89,0.00,919,35,47,74.47,41,47,87.23,42,47,89.36,0,0,0,0,0,0,0,0,0,0,0,0,1,0,1,0,SP500,252
2024-10-17,weekly,47,21,26,0,-5,0.81,955,44.68,55.32,-0.20,0.99,7,0,47,7,,14.89,0.00,750,11,1,47,10,11.00,23.40,2.13,1098,9,0,47,9,,19.15,0.00,928,32,47,68.09,36,47,76.60,43,47,91.49,0,0,0,0,0,0,0,0,0,0,0,0,0,0,1,0,SP500,252
2024-10-18,weekly,47,32,15,0,17,2.13,972,68.09,31.91,0.71,2.25,7,0,47,7,,14.89,0.00,757,9,0,47,9,,19.15,0.00,1107,8,0,47,8,,17.02,0.00,936,34,47,72.34,40,47,85.11,44,47,93.62,0,0,0,0,0,0,1,0,0,0,0,0,1,0,1,0,SP500,252
2024-10-21,weekly,47,17,30,0,-13,0.57,959,36.17,63.83,-0.25,1.12,6,0,47,6,,12.77,0.00,763,8,2,47,6,4.00,17.02,4.26,1113,8,0,47,8,,17.02,0.00,944,30,47,63.83,37,47,78.72,44,47,93.62,0,0,0,0,0,0,0,0,0,0,0,0,0,0,1,0,SP500,252
2024-10-22,weekly,47,25,21,1,4,1.19,963,53.19,44.68,0.12,2.30,3,0,47,3,,6.38,0.00,766,4,3,47,1,1.33,8.51,6.38,1114,4,0,47,4,,8.51,0.00,948,34,47,72.34,38,47,80.85,45,47,95.74,0,0,0,0,0,0,0,0,0,0,0,0,1,0,1,0,SP500,252
2024-10-23,weekly,47,10,36,1,-26,0.28,937,21.28,76.60,-0.57,1.72,3,0,47,3,,6.38,0.00,769,3,3,47,0,1.00,6.38,6.38,1114,3,0,47,3,,6.38,0.00,951,26,47,55.32,37,47,78.72,43,47,91.49,0,0,0,0,0,0,0,1,0,1,0,0,0,0,1,0,SP500,252
2024-10-24,weekly,47,24,23,0,1,1.04,938,51.06,48.94,0.65,3.56,3,0,47,3,,6.38,0.00,772,3,3,47,0,1.00,6.38,6.38,1114,3,0,47,3,,6.38,0.00,954,26,47,55.32,37,47,78.72,43,47,91.49,0,0,0,0,0,0,0,0,0,0,0,0,0,0,1,0,SP500,252
2024-10-25,weekly,47,19,28,0,-9,0.68,929,40.43,59.57,-0.16,1.35,4,0,47,4,,8.51,0.00,776,8,2,47,6,4.00,17.02,4.26,1120,7,0,47,7,,14.89,0.00,961,26,47,55.32,34,47,72.34,42,47,89.36,0,0,0,0,0,0,0,0,0,0,0,0,0,0,1,0,SP500,252
2024-10-28,weekly,47,30,17,0,13,1.76,942,63.83,36.17,0.28,1.10,2,0,47,2,,4.26,0.00,778,3,3,47,0,1.00,6.38,6.38,1120,2,0,47,2,,4.26,0.00,963,27,47,57.45,35,47,74.47,42,47,89.36,0,0,0,0,0,0,0,0,0,0,0,0,0,0,1,0,SP500,252
2024-10-29,weekly,47,21,26,0,-5,0.81,937,44.68,55.32,0.23,1.48,2,0,47,2,,4.26,0.00,780,5,5,47,0,1.00,10.64,10.64,1120,2,1,47,1,2.00,4.26,2.13,964,29,47,61.70,33,47,70.21,44,47,93.62,0,0,0,0,0,0,0,0,0,0,0,0,0,0,1,0,SP500,252
2024-10-30,weekly,47,15,32,0,-17,0.47,920,31.91,68.09,-0.60,2.45,3,0,47,3,,6.38,0.00,783,7,11,47,-4,0.64,14.89,23.40,1116,6,1,47,5,6.00,12.77,2.13,969,24,47,51.06,31,47,65.96,42,47,89.36,0,0,0,0,0,0,0,1,0,0,0,0,0,0,1,0,SP500,252
2024-10-31,weekly,47,12,35,0,-23,0.34,897,25.53,74.47,-1.39,1.74,5,0,47,5,,10.64,0.00,788,5,15,47,-10,0.33,10.64,31.91,1106,5,1,47,4,5.00,10.64,2.13,973,17,47,36.17,28,47,59.57,41,47,87.23,0,0,0,0,0,0,0,1,0,1,0,0,0,0,1,0,SP500,252
2024-11-01,weekly,47,25,22,0,3,1.14,900,53.19,46.81,0.48,1.71,1,0,47,1,,2.13,0.00,789,4,8,47,-4,0.50,8.51,17.02,1102,4,1,47,3,4.00,8.51,2.13,976,19,47,40.43,28,47,59.57,41,47,87.23,0,0,0,0,0,0,0,0,0,0,0,0,0,0,1,0,SP500,252
2024-11-04,weekly,47,17,30,0,-13,0.57,887,36.17,63.83,-0.37,1.02,0,0,47,0,,0.00,0.00,789,1,10,47,-9,0.10,2.13,21.28,1093,1,3,47,-2,0.33,2.13,6.38,974,16,47,34.04,29,47,61.70,41,47,87.23,0,0,0,0,0,0,0,0,0,0,0,0,0,0,1,0,SP500,252
2024-11-05,weekly,47,44,3,0,41,14.67,928,93.62,6.38,1.67,3.46,3,0,47,3,,6.38,0.00,792,3,4,47,-1,0.75,6.38,8.51,1092,3,3,47,0,1.00,6.38,6.38,974,21,47,44.68,30,47,63.83,41,47,87.23,0,0,0,0,0,0,1,0,1,0,0,0,0,0,1,0,SP500,252
2024-11-06,weekly,47,35,12,0,23,2.92,951,74.47,25.53,2.65,3.86,16,0,47,16,,34.04,0.00,808,18,6,47,12,3.00,38.30,12.77,1104,17,4,47,13,4.25,36.17,8.51,987,34,47,72.34,36,47,76.60,41,47,87.23,0,0,0,0,0,0,1,0,1,0,0,0,0,0,1,0,SP500,252
2024-11-07,weekly,47,31,16,0,15,1.94,966,65.96,34.04,0.71,1.59,9,0,47,9,,19.15,0.00,817,12,0,47,12,,25.53,0.00,1116,11,0,47,11,,23.40,0.00,998,35,47,74.47,38,47,80.85,41,47,87.23,0,0,0,0,0,0,0,0,0,0,0,0,1,0,1,0,SP500,252
2024-11-08,weekly,47,26,21,0,5,1.24,971,55.32,44.68,0.55,2.20,13,0,47,13,,27.66,0.00,830,14,1,47,13,14.00,29.79,2.13,1129,13,0,47,13,,27.66,0.00,1011,37,47,78.72,39,47,82.98,44,47,93.62,0,0,0,0,0,0,0,0,0,0,0,0,1,0,1,0,SP500,252
2024-11-11,weekly,47,25,22,0,3,1.14,974,53.19,46.81,0.20,2.62,13,0,47,13,,27.66,0.00,843,15,2,47,13,7.50,31.91,4.26,1142,14,2,47,12,7.00,29.79,4.26,1023,34,47,72.34,35,47,74.47,41,47,87.23,0,0,0,0,0,0,0,0,0,0,0,0,0,0,1,0,SP500,252
2024-11-12,weekly,47,17,29,1,-12,0.59,962,36.17,61.70,-0.71,1.93,2,0,47,2,,4.26,0.00,845,4,5,47,-1,0.80,8.51,10.64,1141,4,4,47,0,1.00,8.51,8.51,1023,34,47,72.34,36,47,76.60,39,47,82.98,0,0,0,0,0,0,0,0,0,0,0,0,0,0,1,0,SP500,252
2024-11-13,weekly,47,28,19,0,9,1.47,971,59.57,40.43,0.21,1.26,7,0,47,7,,14.89,0.00,852,10,5,47,5,2.00,21.28,10.64,1146,9,3,47,6,3.00,19.15,6.38,1029,34,47,72.34,36,47,76.60,39,47,82.98,0,0,0,0,0,0,0,0,0,0,0,0,0,0,1,0,SP500,252
2024-11-14,weekly,47,14,33,0,-19,0.42,952,29.79,70.21,-0.80,1.46,4,0,47,4,,8.51,0.00,856,7,6,47,1,1.17,14.89,12.77,1147,6,5,47,1,1.20,12.77,10.64,1030,33,47,70.21,35,47,74.47,40,47,85.11,0,0,0,0,0,0,0,1,0,1,0,0,0,0,1,0,SP500,252
2024-11-15,weekly,47,16,31,0,-15,0.52,937,34.04,65.96,-0.77,2.58,2,0,47,2,,4.26,0.00,858,4,10,47,-6,0.40,8.51,21.28,1141,3,5,47,-2,0.60,6.38,10.64,1028,30,47,63.83,29,47,61.70,37,47,78.72,0,0,0,0,0,0,0,0,0,0,0,0,0,0,0,0,SP500,252
2024-11-18,weekly,47,30,17,0,13,1.76,950,63.83,36.17,0.41,1.87,5,0,47,5,,10.64,0.00,863,8,5,47,3,1.60,17.02,10.64,1144,6,2,47,4,3.00,12.77,4.26,1032,30,47,63.83,31,47,65.96,38,47,80.85,0,0,0,0,0,0,0,0,0,0,0,0,0,0,1,0,SP500,252
2024-11-19,weekly,47,25,22,0,3,1.14,953,53.19,46.81,0.34,1.59,2,0,47,2,,4.26,0.00,865,2,3,47,-1,0.67,4.26,6.38,1143,2,2,47,0,1.00,4.26,4.26,1032,30,47,63.83,30,47,63.83,37,47,78.72,0,0,0,0,0,0,0,0,0,0,0,0,0,0,0,0,SP500,252
2024-11-20,weekly,47,27,20,0,7,1.35,960,57.45,42.55,0.11,1.59,1,0,47,1,,2.13,0.00,866,1,2,47,-1,0.50,2.13,4.26,1142,1,1,47,0,1.00,2.13,2.13,1032,31,47,65.96,31,47,65.96,37,47,78.72,0,0,0,0,0,0,0,0,0,0,0,0,0,0,0,0,SP500,252
2024-11-21,weekly,47,35,12,0,23,2.92,983,74.47,25.53,0.68,1.74,9,0,47,9,,19.15,0.00,875,12,2,47,10,6.00,25.53,4.26,1152,9,0,47,9,,19.15,0.00,1041,33,47,70.21,35,47,74.47,39,47,82.98,0,0,0,0,0,0,1,0,1,0,0,0,0,0,1,0,SP500,252
2024-11-22,weekly,47,31,16,0,15,1.94,998,65.96,34.04,0.50,1.52,10,0,47,10,,21.28,0.00,885,14,0,47,14,,29.79,0.00,1166,10,0,47,10,,21.28,0.00,1051,32,47,68.09,32,47,68.09,39,47,82.98,0,0,0,0,0,0,0,0,0,0,0,0,0,0,1,0,SP500,252
2024-11-25,weekly,47,33,14,0,19,2.36,1017,70.21,29.79,0.17,1.85,12,0,47,12,,25.53,0.00,897,14,0,47,14,,29.79,0.00,1180,12,0,47,12,,25.53,0.00,1063,35,47,74.47,33,47,70.21,41,47,87.23,0,0,0,0,0,0,1,0,1,0,0,0,0,0,1,0,SP500,252
2024-11-26,weekly,47,35,12,0,23,2.92,1040,74.47,25.53,0.66,1.58,8,0,47,8,,17.02,0.00,905,10,1,47,9,10.00,21.28,2.13,1189,8,1,47,7,8.00,17.02,2.13,1070,37,47,78.72,36,47,76.60,42,47,89.36,0,0,0,0,0,0,1,0,1,0,0,0,0,0,1,0,SP500,252
2024-11-27,weekly,47,21,26,0,-5,0.81,1035,44.68,55.32,-0.45,1.99,9,0,47,9,,19.15,0.00,914,13,4,47,9,3.25,27.66,8.51,1198,10,0,47,10,,21.28,0.00,1080,36,47,76.60,35,47,74.47,42,47,89.36,0,0,0,0,0,0,0,0,0,0,0,0,0,0,1,0,SP500,252
2024-11-29,weekly,47,32,15,0,17,2.13,1052,68.09,31.91,0.52,0.90,5,0,47,5,,10.64,0.00,919,5,0,47,5,,10.64,0.00,1203,5,0,47,5,,10.64,0.00,1085,37,47,78.72,35,47,74.47,42,47,89.36,0,0,0,0,0,0,1,0,0,0,0,0,0,0,1,0,SP500,252
2024-12-02,weekly,47,27,20,0,7,1.35,1059,57.45,42.55,0.46,1.58,6,0,47,6,,12.77,0.00,925,8,0,47,8,,17.02,0.00,1211,7,0,47,7,,14.89,0.00,1092,38,47,80.85,35,47,74.47,42,47,89.36,0,0,0,0,0,0,0,0,0,0,1,0,0,0,1,0,SP500,252
2024-12-03,weekly,47,23,24,0,-1,0.96,1058,48.94,51.06,0.07,1.54,6,0,47,6,,12.77,0.00,931,7,0,47,7,,14.89,0.00,1218,7,0,47,7,,14.89,0.00,1099,34,47,72.34,35,47,74.47,41,47,87.23,0,0,0,0,0,0,0,0,0,0,0,0,0,0,1,0,SP500,252
2024-12-04,weekly,47,28,19,0,9,1.47,1067,59.57,40.43,0.35,1.50,8,0,47,8,,17.02,0.00,939,12,1,47,11,12.00,25.53,2.13,1229,9,0,47,9,,19.15,0.00,1108,34,47,72.34,35,47,74.47,39,47,82.98,0,0,0,0,0,0,0,0,0,0,0,0,0,0,1,0,SP500,252
2024-12-05,weekly,47,25,22,0,3,1.14,1070,53.19,46.81,0.01,1.54,9,0,47,9,,19.15,0.00,948,11,3,47,8,3.67,23.40,6.38,1237,11,1,47,10,11.00,23.40,2.13,1118,30,47,63.83,33,47,70.21,40,47,85.11,0,0,0,0,0,0,0,0,0,0,0,0,0,0,1,0,SP500,252
2024-12-06,weekly,47,27,20,0,7,1.35,1077,57.45,42.55,0.77,2.98,10,0,47,10,,21.28,0.00,958,12,4,47,8,3.00,25.53,8.51,1245,12,1,47,11,12.00,25.53,2.13,1129,33,47,70.21,35,47,74.47,39,47,82.98,0,0,0,0,0,0,0,0,0,0,0,0,0,0,1,0,SP500,252
2024-12-09,weekly,47,16,31,0,-15,0.52,1062,34.04,65.96,-0.82,1.96,5,0,47,5,,10.64,0.00,963,8,5,47,3,1.60,17.02,10.64,1248,8,1,47,7,8.00,17.02,2.13,1136,24,47,51.06,34,47,72.34,39,47,82.98,0,0,0,0,0,0,0,0,0,0,0,0,0,0,1,0,SP500,252
2024-12-10,weekly,47,18,29,0,-11,0.62,1051,38.30,61.70,-0.23,2.08,3,0,47,3,,6.38,0.00,966,6,7,47,-1,0.86,12.77,14.89,1247,6,3,47,3,2.00,12.77,6.38,1139,25,47,53.19,31,47,65.96,39,47,82.98,0,0,0,0,0,0,0,0,0,0,0,0,0,0,1,0,SP500,252
2024-12-11,weekly,47,27,20,0,7,1.35,1058,57.45,42.55,0.73,2.30,9,0,47,9,,19.15,0.00,975,11,8,47,3,1.38,23.40,17.02,1250,10,5,47,5,2.00,21.28,10.64,1144,26,47,55.32,32,47,68.09,38,47,80.85,0,0,0,0,0,0,0,0,0,0,0,0,0,0,1,0,SP500,252
2024-12-12,weekly,47,14,32,1,-18,0.44,1040,29.79,68.09,-0.64,1.12,2,0,47,2,,4.26,0.00,977,3,6,47,-3,0.50,6.38,12.77,1247,3,3,47,0,1.00,6.38,6.38,1144,24,47,51.06,30,47,63.83,37,47,78.72,0,0,0,0,0,0,0,1,0,1,0,0,0,0,0,0,SP500,252
2024-12-13,weekly,47,18,29,0,-11,0.62,1029,38.30,61.70,0.38,3.86,3,0,47,3,,6.38,0.00,980,3,8,47,-5,0.38,6.38,17.02,1242,3,3,47,0,1.00,6.38,6.38,1144,20,47,42.55,28,47,59.57,38,47,80.85,0,0,0,0,0,0,0,0,0,0,0,0,0,0,1,0,SP500,252
2024-12-16,weekly,47,20,27,0,-7,0.74,1022,42.55,57.45,0.21,2.41,9,0,47,9,,19.15,0.00,989,9,12,47,-3,0.75,19.15,25.53,1239,9,5,47,4,1.80,19.15,10.64,1148,20,47,42.55,27,47,57.45,36,47,76.60,0,0,0,0,0,0,0,0,0,0,0,0,0,0,0,0,SP500,252
2024-12-17,weekly,47,18,29,0,-11,0.62,1011,38.30,61.70,-0.40,1.38,5,0,47,5,,10.64,0.00,994,5,12,47,-7,0.42,10.64,25.53,1232,5,4,47,1,1.25,10.64,8.51,1149,21,47,44.68,25,47,53.19,35,47,74.47,0,0,0,0,0,0,0,0,0,0,0,0,0,0,0,0,SP500,252
2024-12-18,weekly,47,1,46,0,-45,0.02,966,2.13,97.87,-2.76,1.73,4,1,47,3,4.00,8.51,2.13,997,4,19,47,-15,0.21,8.51,40.43,1217,4,5,47,-1,0.80,8.51,10.64,1148,12,47,25.53,21,47,44.68,34,47,72.34,0,0,0,0,0,0,0,1,0,1,0,0,0,0,0,0,SP500,252
2024-12-19,weekly,47,24,23,0,1,1.04,967,51.06,48.94,0.23,1.82,0,2,47,-2,0.00,0.00,4.26,995,1,16,47,-15,0.06,2.13,34.04,1202,0,7,47,-7,0.00,0.00,14.89,1141,14,47,29.79,22,47,46.81,34,47,72.34,0,0,0,0,0,0,0,0,0,0,0,0,0,0,0,0,SP500,252
2024-12-20,weekly,47,40,7,0,33,5.71,1000,85.11,14.89,1.18,1.70,1,1,47,0,1.00,2.13,2.13,995,1,15,47,-14,0.07,2.13,31.91,1188,1,6,47,-5,0.17,2.13,12.77,1136,15,47,31.91,22,47,46.81,35,47,74.47,0,0,0,0,0,0,1,0,1,0,0,0,0,0,0,0,SP500,252
2024-12-23,weekly,47,36,11,0,25,3.27,1025,76.60,23.40,0.79,1.48,2,0,47,2,,4.26,0.00,997,2,4,47,-2,0.50,4.26,8.51,1186,2,0,47,2,,4.26,0.00,1138,19,47,40.43,23,47,48.94,36,47,76.60,0,0,0,0,0,0,1,0,1,0,0,0,0,0,0,0,SP500,252
2024-12-24,weekly,47,44,3,0,41,14.67,1066,93.62,6.38,1.16,1.16,2,0,47,2,,4.26,0.00,999,2,0,47,2,,4.26,0.00,1188,2,0,47,2,,4.26,0.00,1140,23,47,48.94,25,47,53.19,36,47,76.60,0,0,0,0,0,0,1,0,1,0,0,0,0,0,0,0,SP500,252
2024-12-26,weekly,47,25,22,0,3,1.14,1069,53.19,46.81,-0.02,0.64,2,0,47,2,,4.26,0.00,1001,3,0,47,3,,6.38,0.00,1191,3,0,47,3,,6.38,0.00,1143,23,47,48.94,26,47,55.32,36,47,76.60,0,0,0,0,0,0,0,0,0,0,0,0,0,0,0,0,SP500,252
2024-12-27,weekly,47,4,43,0,-39,0.09,1030,8.51,91.49,-0.97,0.98,0,0,47,0,,0.00,0.00,1001,1,1,47,0,1.00,2.13,2.13,1191,1,0,47,1,,2.13,0.00,1144,16,47,34.04,23,47,48.94,36,47,76.60,0,0,0,0,0,0,0,1,0,1,0,0,0,0,0,0,SP500,252
2024-12-30,weekly,47,2,45,0,-43,0.04,987,4.26,95.74,-1.12,0.66,0,0,47,0,,0.00,0.00,1001,1,3,47,-2,0.33,2.13,6.38,1189,1,1,47,0,1.00,2.13,2.13,1144,12,47,25.53,20,47,42.55,35,47,74.47,0,0,0,0,0,0,0,1,0,1,0,0,0,0,0,0,SP500,252
2024-12-31,weekly,47,18,27,2,-9,0.67,978,38.30,57.45,-0.32,0.90,1,0,47,1,,2.13,0.00,1002,1,2,47,-1,0.50,2.13,4.26,1188,1,0,47,1,,2.13,0.00,1145,11,47,23.40,19,47,40.43,34,47,72.34,0,0,0,0,0,0,0,0,0,0,0,0,0,0,0,0,SP500,252
2025-01-02,weekly,47,20,27,0,-7,0.74,971,42.55,57.45,-0.14,1.39,1,0,47,1,,2.13,0.00,1003,1,6,47,-5,0.17,2.13,12.77,1183,1,0,47,1,,2.13,0.00,1146,9,47,19.15,20,47,42.55,34,47,72.34,0,0,0,0,0,0,0,0,0,0,0,1,0,0,0,0,SP500,252
2025-01-03,weekly,47,41,6,0,35,6.83,1006,87.23,12.77,1.34,1.73,0,0,47,0,,0.00,0.00,1003,2,1,47,1,2.00,4.26,2.13,1184,0,0,47,0,,0.00,0.00,1146,16,47,34.04,22,47,46.81,34,47,72.34,0,0,0,0,0,0,1,0,1,0,0,0,0,0,0,0,SP500,252
2025-01-06,weekly,47,26,21,0,5,1.24,1011,55.32,44.68,0.48,2.02,4,0,47,4,,8.51,0.00,1007,7,5,47,2,1.40,14.89,10.64,1186,4,1,47,3,4.00,8.51,2.13,1149,21,47,44.68,22,47,46.81,36,47,76.60,0,0,0,0,0,0,0,0,0,0,0,0,0,0,0,0,SP500,252
2025-01-07,weekly,47,18,29,0,-11,0.62,1000,38.30,61.70,-0.65,1.89,5,0,47,5,,10.64,0.00,1012,6,4,47,2,1.50,12.77,8.51,1188,5,2,47,3,2.50,10.64,4.26,1152,23,47,48.94,21,47,44.68,34,47,72.34,0,0,0,0,0,0,0,0,0,0,0,0,0,0,0,0,SP500,252
2025-01-08,weekly,47,29,18,0,11,1.61,1011,61.70,38.30,0.16,1.35,1,0,47,1,,2.13,0.00,1013,1,4,47,-3,0.25,2.13,8.51,1185,1,1,47,0,1.00,2.13,2.13,1152,21,47,44.68,23,47,48.94,35,47,74.47,0,0,0,0,0,0,0,0,0,0,0,0,0,0,0,0,SP500,252
2025-01-10,weekly,47,9,38,0,-29,0.24,982,19.15,80.85,-1.32,1.57,0,1,47,-1,0.00,0.00,2.13,1012,0,15,47,-15,0.00,0.00,31.91,1170,0,6,47,-6,0.00,0.00,12.77,1146,17,47,36.17,18,47,38.30,34,47,72.34,0,0,0,0,0,0,0,1,0,1,0,0,0,0,0,0,SP500,252
2025-01-13,weekly,47,24,23,0,1,1.04,983,51.06,48.94,0.21,1.36,0,1,47,-1,0.00,0.00,2.13,1011,2,14,47,-12,0.14,4.26,29.79,1158,0,4,47,-4,0.00,0.00,8.51,1142,18,47,38.30,18,47,38.30,35,47,74.47,0,0,0,0,0,0,0,0,0,0,0,0,0,0,0,0,SP500,252
2025-01-14,weekly,47,27,20,0,7,1.35,990,57.45,42.55,0.14,1.62,1,0,47,1,,2.13,0.00,1012,3,4,47,-1,0.75,6.38,8.51,1157,1,0,47,1,,2.13,0.00,1143,17,47,36.17,19,47,40.43,35,47,74.47,0,0,0,0,0,0,0,0,0,0,0,0,0,0,0,0,SP500,252
2025-01-15,weekly,47,42,5,0,37,8.40,1027,89.36,10.64,1.86,2.08,6,0,47,6,,12.77,0.00,1018,12,0,47,12,,25.53,0.00,1169,6,0,47,6,,12.77,0.00,1149,26,47,55.32,25,47,53.19,36,47,76.60,0,0,0,0,0,0,1,0,1,0,0,0,0,0,0,0,SP500,252
2025-01-16,weekly,47,27,20,0,7,1.35,1034,57.45,42.55,-0.09,1.59,5,0,47,5,,10.64,0.00,1023,12,1,47,11,12.00,25.53,2.13,1180,5,0,47,5,,10.64,0.00,1154,26,47,55.32,27,47,57.45,35,47,74.47,0,0,0,0,0,0,0,0,0,0,0,0,0,0,0,0,SP500,252
2025-01-17,weekly,47,39,8,0,31,4.88,1065,82.98,17.02,1.01,1.36,7,0,47,7,,14.89,0.00,1030,16,1,47,15,16.00,34.04,2.13,1195,7,0,47,7,,14.89,0.00,1161,35,47,74.47,28,47,59.57,35,47,74.47,0,0,0,0,0,0,1,0,1,0,0,0,0,0,0,0,SP500,252
2025-01-21,weekly,47,40,7,0,33,5.71,1098,85.11,14.89,1.12,1.50,10,0,47,10,,21.28,0.00,1040,22,1,47,21,22.00,46.81,2.13,1216,10,1,47,9,10.00,21.28,2.13,1170,39,47,82.98,29,47,61.70,35,47,74.47,0,0,0,0,0,0,1,0,1,0,1,0,0,0,0,0,SP500,252
2025-01-22,weekly,47,26,21,0,5,1.24,1103,55.32,44.68,0.71,2.54,9,0,47,9,,19.15,0.00,1049,14,1,47,13,14.00,29.79,2.13,1229,9,0,47,9,,19.15,0.00,1179,40,47,85.11,31,47,65.96,35,47,74.47,0,0,0,0,0,0,0,0,0,0,1,0,0,0,0,0,SP500,252
2025-01-23,weekly,47,32,15,0,17,2.13,1120,68.09,31.91,0.87,1.34,10,0,47,10,,21.28,0.00,1059,16,0,47,16,,34.04,0.00,1245,10,0,47,10,,21.28,0.00,1189,39,47,82.98,33,47,70.21,36,47,76.60,0,0,0,0,0,0,1,0,0,0,1,0,0,0,0,0,SP500,252
2025-01-24,weekly,47,22,23,2,-1,0.96,1119,46.81,48.94,-0.09,1.45,7,0,47,7,,14.89,0.00,1066,13,0,47,13,,27.66,0.00,1258,7,0,47,7,,14.89,0.00,1196,42,47,89.36,35,47,74.47,35,47,74.47,0,0,0,0,0,0,0,0,0,0,1,0,0,0,0,0,SP500,252
2025-01-27,weekly,47,30,17,0,13,1.76,1132,63.83,36.17,-1.33,6.54,6,1,47,5,6.00,12.77,2.13,1071,19,5,47,14,3.80,40.43,10.64,1272,6,2,47,4,3.00,12.77,4.26,1200,36,47,76.60,36,47,76.60,39,47,82.98,0,0,0,0,0,0,0,0,0,0,0,0,0,0,1,0,SP500,252
2025-01-28,weekly,47,22,25,0,-3,0.88,1129,46.81,53.19,0.69,2.50,10,0,47,10,,21.28,0.00,1081,17,2,47,15,8.50,36.17,4.26,1287,10,1,47,9,10.00,21.28,2.13,1209,37,47,78.72,35,47,74.47,37,47,78.72,0,0,0,0,0,0,0,0,0,0,0,0,0,0,0,0,SP500,252
2025-01-29,weekly,47,27,20,0,7,1.35,1136,57.45,42.55,0.08,1.40,4,0,47,4,,8.51,0.00,1085,6,0,47,6,,12.77,0.00,1293,4,0,47,4,,8.51,0.00,1213,37,47,78.72,36,47,76.60,36,47,76.60,0,0,0,0,0,0,0,0,0,0,0,0,0,0,0,0,SP500,252
2025-01-30,weekly,47,41,6,0,35,6.83,1171,87.23,12.77,1.34,2.08,7,0,47,7,,14.89,0.00,1092,14,0,47,14,,29.79,0.00,1307,8,0,47,8,,17.02,0.00,1221,40,47,85.11,38,47,80.85,37,47,78.72,0,0,0,0,0,0,1,0,1,0,1,0,1,0,0,0,SP500,252
2025-01-31,weekly,47,18,29,0,-11,0.62,1160,38.30,61.70,-0.31,1.55,8,0,47,8,,17.02,0.00,1100,14,0,47,14,,29.79,0.00,1321,9,0,47,9,,19.15,0.00,1230,37,47,78.72,37,47,78.72,35,47,74.47,0,0,0,0,0,0,0,0,0,0,0,0,0,0,0,0,SP500,252
2025-02-03,weekly,47,22,25,0,-3,0.88,1157,46.81,53.19,-0.25,1.66,2,0,47,2,,4.26,0.00,1102,4,5,47,-1,0.80,8.51,10.64,1320,2,2,47,0,1.00,4.26,4.26,1230,36,47,76.60,37,47,78.72,35,47,74.47,0,0,0,0,0,0,0,0,0,0,0,0,0,0,0,0,SP500,252
2025-02-04,weekly,47,33,13,1,20,2.54,1177,70.21,27.66,1.28,3.61,9,0,47,9,,19.15,0.00,1111,12,0,47,12,,25.53,0.00,1332,9,0,47,9,,19.15,0.00,1239,37,47,78.72,37,47,78.72,37,47,78.72,0,0,0,0,0,0,1,0,1,0,0,0,0,0,0,0,SP500,252
2025-02-05,weekly,47,36,11,0,25,3.27,1202,76.60,23.40,0.62,2.61,8,1,47,7,8.00,17.02,2.13,1118,15,1,47,14,15.00,31.91,2.13,1346,9,1,47,8,9.00,19.15,2.13,1247,36,47,76.60,37,47,78.72,40,47,85.11,0,0,0,0,0,0,1,0,1,0,0,0,0,0,1,0,SP500,252
2025-02-06,weekly,47,29,18,0,11,1.61,1213,61.70,38.30,0.60,2.54,11,0,47,11,,23.40,0.00,1129,17,1,47,16,17.00,36.17,2.13,1362,12,0,47,12,,25.53,0.00,1259,35,47,74.47,37,47,78.72,38,47,80.85,0,0,0,0,0,0,0,0,0,0,0,0,0,0,1,0,SP500,252
2025-02-07,weekly,47,14,32,1,-18,0.44,1195,29.79,68.09,-0.69,1.40,11,0,47,11,,23.40,0.00,1140,13,4,47,9,3.25,27.66,8.51,1371,12,1,47,11,12.00,25.53,2.13,1270,31,47,65.96,35,47,74.47,39,47,82.98,0,0,0,0,0,0,0,1,0,1,0,0,0,0,1,0,SP500,252
2025-02-10,weekly,47,35,12,0,23,2.92,1218,74.47,25.53,0.88,1.62,5,0,47,5,,10.64,0.00,1145,6,1,47,5,6.00,12.77,2.13,1376,6,0,47,6,,12.77,0.00,1276,40,47,85.11,38,47,80.85,38,47,80.85,0,0,0,0,0,0,1,0,1,0,1,0,1,0,1,0,SP500,252
2025-02-11,weekly,47,26,20,1,6,1.30,1224,55.32,42.55,0.14,1.81,8,0,47,8,,17.02,0.00,1153,10,1,47,9,10.00,21.28,2.13,1385,9,0,47,9,,19.15,0.00,1285,38,47,80.85,39,47,82.98,40,47,85.11,0,0,0,0,0,0,0,0,0,0,1,0,1,0,1,0,SP500,252
2025-02-12,weekly,47,20,27,0,-7,0.74,1217,42.55,57.45,-0.28,1.59,7,0,47,7,,14.89,0.00,1160,9,3,47,6,3.00,19.15,6.38,1391,8,1,47,7,8.00,17.02,2.13,1292,32,47,68.09,35,47,74.47,39,47,82.98,0,0,0,0,0,0,0,0,0,0,0,0,0,0,1,0,SP500,252
2025-02-13,weekly,47,42,5,0,37,8.40,1254,89.36,10.64,0.94,1.14,9,0,47,9,,19.15,0.00,1169,13,0,47,13,,27.66,0.00,1404,11,0,47,11,,23.40,0.00,1303,34,47,72.34,39,47,82.98,40,47,85.11,0,0,0,0,0,0,1,0,1,0,0,0,1,0,1,0,SP500,252
2025-02-14,weekly,47,18,29,0,-11,0.62,1243,38.30,61.70,-0.21,1.63,9,0,47,9,,19.15,0.00,1178,14,1,47,13,14.00,29.79,2.13,1417,11,0,47,11,,23.40,0.00,1314,33,47,70.21,37,47,78.72,38,47,80.85,0,0,0,0,0,0,0,0,0,0,0,0,0,0,1,0,SP500,252
2025-02-18,weekly,47,29,18,0,11,1.61,1254,61.70,38.30,0.32,1.69,6,0,47,6,,12.77,0.00,1184,9,6,47,3,1.50,19.15,12.77,1420,7,0,47,7,,14.89,0.00,1321,34,47,72.34,36,47,76.60,39,47,82.98,0,0,0,0,0,0,0,0,0,0,0,0,0,0,1,0,SP500,252
2025-02-19,weekly,47,33,14,0,19,2.36,1273,70.21,29.79,-0.02,1.98,4,0,47,4,,8.51,0.00,1188,12,2,47,10,6.00,25.53,4.26,1430,7,0,47,7,,14.89,0.00,1328,34,47,72.34,37,47,78.72,41,47,87.23,0,0,0,0,0,0,1,0,1,0,0,0,0,0,1,0,SP500,252
2025-02-20,weekly,47,15,32,0,-17,0.47,1256,31.91,68.09,-0.76,1.79,2,0,47,2,,4.26,0.00,1190,8,3,47,5,2.67,17.02,6.38,1435,4,0,47,4,,8.51,0.00,1332,31,47,65.96,35,47,74.47,41,47,87.23,0,0,0,0,0,0,0,1,0,0,0,0,0,0,1,0,SP500,252
2025-02-21,weekly,47,9,38,0,-29,0.24,1227,19.15,80.85,-1.78,2.40,2,0,47,2,,4.26,0.00,1192,9,7,47,2,1.29,19.15,14.89,1437,7,1,47,6,7.00,14.89,2.13,1338,24,47,51.06,30,47,63.83,42,47,89.36,0,0,0,0,0,0,0,1,0,1,0,0,0,0,1,0,SP500,252
2025-02-24,weekly,47,19,28,0,-9,0.68,1218,40.43,59.57,-0.67,2.32,4,0,47,4,,8.51,0.00,1196,11,12,47,-1,0.92,23.40,25.53,1436,8,5,47,3,1.60,17.02,10.64,1341,22,47,46.81,30,47,63.83,41,47,87.23,0,0,0,0,0,0,0,0,0,0,0,0,0,0,1,0,SP500,252
2025-02-25,weekly,47,24,23,0,1,1.04,1219,51.06,48.94,-0.36,2.16,5,1,47,4,5.00,10.64,2.13,1200,12,17,47,-5,0.71,25.53,36.17,1431,9,5,47,4,1.80,19.15,10.64,1345,20,47,42.55,30,47,63.83,39,47,82.98,0,0,0,0,0,0,0,0,0,0,0,0,0,0,1,0,SP500,252
2025-02-26,weekly,47,18,28,1,-10,0.64,1209,38.30,59.57,-0.02,1.97,2,0,47,2,,4.26,0.00,1202,3,5,47,-2,0.60,6.38,10.64,1429,3,2,47,1,1.50,6.38,4.26,1346,19,47,40.43,31,47,65.96,39,47,82.98,0,0,0,0,0,0,0,0,0,0,0,0,0,0,1,0,SP500,252
2025-02-27,weekly,47,14,33,0,-19,0.42,1190,29.79,70.21,-1.59,2.61,3,1,47,2,3.00,6.38,2.13,1204,4,9,47,-5,0.44,8.51,19.15,1424,4,3,47,1,1.33,8.51,6.38,1347,15,47,31.91,25,47,53.19,36,47,76.60,0,0,0,0,0,0,0,1,0,1,0,0,0,0,0,0,SP500,252
2025-02-28,weekly,47,45,2,0,43,22.50,1233,95.74,4.26,1.37,1.64,3,1,47,2,3.00,6.38,2.13,1206,5,12,47,-7,0.42,10.64,25.53,1417,3,8,47,-5,0.38,6.38,17.02,1342,20,47,42.55,28,47,59.57,36,47,76.60,0,0,0,0,0,0,1,0,1,0,0,0,0,0,0,0,SP500,252
2025-03-03,weekly,47,11,36,0,-25,0.31,1208,23.40,76.60,-1.52,2.37,8,1,47,7,8.00,17.02,2.13,1213,12,12,47,0,1.00,25.53,25.53,1417,10,8,47,2,1.25,21.28,17.02,1344,16,47,34.04,24,47,51.06,36,47,76.60,0,0,0,0,0,0,0,1,0,1,0,0,0,0,0,0,SP500,252
2025-03-04,weekly,47,11,36,0,-25,0.31,1183,23.40,76.60,-1.36,2.02,5,2,47,3,2.50,10.64,4.26,1216,6,24,47,-18,0.25,12.77,51.06,1399,6,12,47,-6,0.50,12.77,25.53,1338,10,47,21.28,19,47,40.43,35,47,74.47,0,0,0,0,0,0,0,1,0,1,0,0,0,0,0,0,SP500,252
2025-03-05,weekly,47,38,9,0,29,4.22,1212,80.85,19.15,1.12,1.43,0,0,47,0,,0.00,0.00,1216,0,6,47,-6,0.00,0.00,12.77,1393,0,4,47,-4,0.00,0.00,8.51,1334,12,47,25.53,21,47,44.68,35,47,74.47,0,0,0,0,0,0,1,0,1,0,0,0,0,0,0,0,SP500,252
2025-03-06,weekly,47,10,37,0,-27,0.27,1185,21.28,78.72,-2.07,2.81,0,0,47,0,,0.00,0.00,1216,0,14,47,-14,0.00,0.00,29.79,1379,0,5,47,-5,0.00,0.00,10.64,1329,10,47,21.28,18,47,38.30,33,47,70.21,0,0,0,0,0,0,0,1,0,1,0,0,0,0,0,0,SP500,252
2025-03-07,weekly,47,26,21,0,5,1.24,1190,55.32,44.68,0.15,2.43,0,0,47,0,,0.00,0.00,1216,1,22,47,-21,0.05,2.13,46.81,1358,1,10,47,-9,0.10,2.13,21.28,1320,10,47,21.28,17,47,36.17,32,47,68.09,0,0,0,0,0,0,0,0,0,0,0,0,0,0,0,0,SP500,252
2025-03-10,weekly,47,10,37,0,-27,0.27,1163,21.28,78.72,-2.91,3.21,2,2,47,0,1.00,4.26,4.26,1216,5,27,47,-22,0.19,10.64,57.45,1336,4,15,47,-11,0.27,8.51,31.91,1309,10,47,21.28,14,47,29.79,27,47,57.45,0,0,0,0,0,0,0,1,0,1,0,0,0,0,0,0,SP500,252
2025-03-11,weekly,47,16,31,0,-15,0.52,1148,34.04,65.96,-0.55,2.17,0,2,47,-2,0.00,0.00,4.26,1214,0,20,47,-20,0.00,0.00,42.55,1316,0,14,47,-14,0.00,0.00,29.79,1295,7,47,14.89,11,47,23.40,26,47,55.32,0,0,0,0,0,0,0,0,0,0,0,1,0,0,0,0,SP500,252
2025-03-12,weekly,47,22,25,0,-3,0.88,1145,46.81,53.19,0.67,2.41,0,0,47,0,,0.00,0.00,1214,0,12,47,-12,0.00,0.00,25.53,1304,0,8,47,-8,0.00,0.00,17.02,1287,5,47,10.64,11,47,23.40,25,47,53.19,0,0,0,0,0,0,0,0,0,0,0,1,0,0,0,0,SP500,252
2025-03-13,weekly,47,10,37,0,-27,0.27,1118,21.28,78.72,-1.34,1.64,0,0,47,0,,0.00,0.00,1214,0,16,47,-16,0.00,0.00,34.04,1288,0,10,47,-10,0.00,0.00,21.28,1277,4,47,8.51,11,47,23.40,23,47,48.94,0,0,0,0,0,0,0,1,0,1,0,1,0,0,0,0,SP500,252
2025-03-14,weekly,47,44,3,0,41,14.67,1159,93.62,6.38,2.00,1.59,0,0,47,0,,0.00,0.00,1214,0,3,47,-3,0.00,0.00,6.38,1285,0,2,47,-2,0.00,0.00,4.26,1275,7,47,14.89,13,47,27.66,24,47,51.06,0,0,0,0,0,0,1,0,1,0,0,1,0,0,0,0,SP500,252
2025-03-17,weekly,47,39,7,1,32,5.57,1191,82.98,14.89,1.16,1.69,1,0,47,1,,2.13,0.00,1215,2,0,47,2,,4.26,0.00,1287,2,0,47,2,,4.26,0.00,1277,12,47,25.53,14,47,29.79,27,47,57.45,0,0,0,0,0,0,1,0,1,0,0,0,0,0,0,0,SP500,252
2025-03-18,weekly,47,13,34,0,-21,0.38,1170,27.66,72.34,-1.06,1.46,1,0,47,1,,2.13,0.00,1216,3,4,47,-1,0.75,6.38,8.51,1286,3,4,47,-1,0.75,6.38,8.51,1276,12,47,25.53,13,47,27.66,26,47,55.32,0,0,0,0,0,0,0,1,0,1,0,0,0,0,0,0,SP500,252
2025-03-19,weekly,47,40,7,0,33,5.71,1203,85.11,14.89,1.29,1.31,2,0,47,2,,4.26,0.00,1218,4,0,47,4,,8.51,0.00,1290,3,0,47,3,,6.38,0.00,1279,14,47,29.79,15,47,31.91,27,47,57.45,0,0,0,0,0,0,1,0,1,0,0,0,0,0,0,0,SP500,252
2025-03-20,weekly,47,22,25,0,-3,0.88,1200,46.81,53.19,-0.23,1.30,3,0,47,3,,6.38,0.00,1221,5,1,47,4,5.00,10.64,2.13,1294,4,1,47,3,4.00,8.51,2.13,1282,15,47,31.91,16,47,34.04,27,47,57.45,0,0,0,0,0,0,0,0,0,0,0,0,0,0,0,0,SP500,252
2025-03-21,weekly,47,24,23,0,1,1.04,1201,51.06,48.94,0.25,1.27,1,0,47,1,,2.13,0.00,1222,2,2,47,0,1.00,4.26,4.26,1294,1,0,47,1,,2.13,0.00,1283,15,47,31.91,15,47,31.91,27,47,57.45,0,0,0,0,0,0,0,0,0,0,0,0,0,0,0,0,SP500,252
2025-03-24,weekly,47,40,7,0,33,5.71,1234,85.11,14.89,2.02,2.30,2,0,47,2,,4.26,0.00,1224,7,0,47,7,,14.89,0.00,1301,3,0,47,3,,6.38,0.00,1286,23,47,48.94,18,47,38.30,31,47,65.96,0,0,0,0,0,0,1,0,1,0,0,0,0,0,0,0,SP500,252
2025-03-25,weekly,47,29,18,0,11,1.61,1245,61.70,38.30,0.06,1.46,4,0,47,4,,8.51,0.00,1228,8,4,47,4,2.00,17.02,8.51,1305,5,1,47,4,5.00,10.64,2.13,1290,29,47,61.70,19,47,40.43,31,47,65.96,0,0,0,0,0,0,0,0,0,0,0,0,0,0,0,0,SP500,252
2025-03-26,weekly,47,17,30,0,-13,0.57,1232,36.17,63.83,-1.11,2.27,4,0,47,4,,8.51,0.00,1232,7,1,47,6,7.00,14.89,2.13,1311,5,0,47,5,,10.64,0.00,1295,26,47,55.32,18,47,38.30,29,47,61.70,0,0,0,0,0,0,0,0,0,0,0,0,0,0,0,0,SP500,252
2025-03-27,weekly,47,22,25,0,-3,0.88,1229,46.81,53.19,-0.35,1.59,1,0,47,1,,2.13,0.00,1233,1,1,47,0,1.00,2.13,2.13,1311,1,1,47,0,1.00,2.13,2.13,1295,25,47,53.19,16,47,34.04,30,47,63.83,0,0,0,0,0,0,0,0,0,0,0,0,0,0,0,0,SP500,252
2025-03-28,weekly,47,7,40,0,-33,0.17,1196,14.89,85.11,-2.11,2.44,0,0,47,0,,0.00,0.00,1233,1,5,47,-4,0.20,2.13,10.64,1307,0,5,47,-5,0.00,0.00,10.64,1290,13,47,27.66,13,47,27.66,26,47,55.32,0,0,0,0,0,0,0,1,0,1,0,0,0,0,0,0,SP500,252
2025-03-31,weekly,47,34,13,0,21,2.62,1217,72.34,27.66,0.65,1.31,1,2,47,-1,0.50,2.13,4.26,1232,4,14,47,-10,0.29,8.51,29.79,1297,2,13,47,-11,0.15,4.26,27.66,1279,24,47,51.06,14,47,29.79,26,47,55.32,0,0,0,0,0,0,1,0,1,0,0,0,0,0,0,0,SP500,252
2025-04-01,weekly,47,31,16,0,15,1.94,1232,65.96,34.04,0.20,1.64,1,0,47,1,,2.13,0.00,1233,2,2,47,0,1.00,4.26,4.26,1297,1,1,47,0,1.00,2.13,2.13,1279,23,47,48.94,14,47,29.79,25,47,53.19,0,0,0,0,0,0,0,0,0,0,0,0,0,0,0,0,SP500,252
2025-04-02,weekly,47,31,16,0,15,1.94,1247,65.96,34.04,0.68,1.45,1,0,47,1,,2.13,0.00,1234,2,2,47,0,1.00,4.26,4.26,1297,1,1,47,0,1.00,2.13,2.13,1279,27,47,57.45,13,47,27.66,27,47,57.45,0,0,0,0,0,0,0,0,0,0,0,0,0,0,0,0,SP500,252
2025-04-03,weekly,47,9,38,0,-29,0.24,1218,19.15,80.85,-4.55,4.57,3,3,47,0,1.00,6.38,6.38,1234,6,19,47,-13,0.32,12.77,40.43,1284,3,17,47,-14,0.18,6.38,36.17,1265,11,47,23.40,12,47,25.53,21,47,44.68,0,0,0,0,0,0,0,1,0,1,0,0,0,0,0,0,SP500,252
2025-04-04,weekly,47,1,46,0,-45,0.02,1173,2.13,97.87,-6.26,2.65,0,6,47,-6,0.00,0.00,12.77,1228,1,37,47,-36,0.03,2.13,78.72,1248,1,27,47,-26,0.04,2.13,57.45,1239,1,47,2.13,4,47,8.51,10,47,21.28,0,0,0,0,0,0,0,1,0,1,0,1,0,1,0,0,SP500,252
2025-04-07,weekly,47,21,26,0,-5,0.81,1168,44.68,55.32,0.29,2.43,0,10,47,-10,0.00,0.00,21.28,1218,0,43,47,-43,0.00,0.00,91.49,1205,0,33,47,-33,0.00,0.00,70.21,1206,1,47,2.13,2,47,4.26,12,47,25.53,0,0,0,0,0,0,0,0,0,0,0,1,0,1,0,0,SP500,252
2025-04-08,weekly,47,13,34,0,-21,0.38,1147,27.66,72.34,-1.38,2.30,0,2,47,-2,0.00,0.00,4.26,1216,1,8,47,-7,0.12,2.13,17.02,1198,1,5,47,-4,0.20,2.13,10.64,1202,1,47,2.13,3,47,6.38,11,47,23.40,0,0,0,0,0,0,0,1,0,1,0,1,0,1,0,0,SP500,252
2025-04-09,weekly,47,47,0,0,47,,1194,100.00,0.00,9.16,5.49,0,3,47,-3,0.00,0.00,6.38,1213,3,12,47,-9,0.25,6.38,25.53,1189,1,7,47,-6,0.14,2.13,14.89,1196,15,47,31.91,5,47,10.64,20,47,42.55,0,0,0,0,0,0,0,0,1,0,0,0,0,1,0,0,SP500,252
2025-04-10,weekly,47,6,41,0,-35,0.15,1159,12.77,87.23,-3.38,2.67,0,1,47,-1,0.00,0.00,2.13,1212,2,2,47,0,1.00,4.26,4.26,1189,1,2,47,-1,0.50,2.13,4.26,1195,6,47,12.77,6,47,12.77,15,47,31.91,0,0,0,0,0,0,0,1,0,1,0,1,0,1,0,0,SP500,252
2025-04-11,weekly,47,40,7,0,33,5.71,1192,85.11,14.89,1.59,1.50,0,1,47,-1,0.00,0.00,2.13,1211,2,1,47,1,2.00,4.26,2.13,1190,1,1,47,0,1.00,2.13,2.13,1195,16,47,34.04,7,47,14.89,18,47,38.30,0,0,0,0,0,0,1,0,1,0,0,0,0,1,0,0,SP500,252
2025-04-14,weekly,47,36,11,0,25,3.27,1217,76.60,23.40,0.96,1.40,0,0,47,0,,0.00,0.00,1211,1,0,47,1,,2.13,0.00,1191,0,0,47,0,,0.00,0.00,1195,18,47,38.30,9,47,19.15,19,47,40.43,0,0,0,0,0,0,1,0,1,0,0,0,0,1,0,0,SP500,252
2025-04-15,weekly,47,16,31,0,-15,0.52,1202,34.04,65.96,0.16,1.57,0,0,47,0,,0.00,0.00,1211,3,0,47,3,,6.38,0.00,1194,0,0,47,0,,0.00,0.00,1195,16,47,34.04,11,47,23.40,19,47,40.43,0,0,0,0,0,0,0,0,0,0,0,0,0,0,0,0,SP500,252
2025-04-16,weekly,47,6,41,0,-35,0.15,1167,12.77,87.23,-2.09,1.82,0,0,47,0,,0.00,0.00,1211,0,0,47,0,,0.00,0.00,1194,0,0,47,0,,0.00,0.00,1195,10,47,21.28,8,47,17.02,17,47,36.17,0,0,0,0,0,0,0,1,0,1,0,0,0,1,0,0,SP500,252
2025-04-17,weekly,47,27,19,1,8,1.42,1175,57.45,40.43,0.24,4.18,1,0,47,1,,2.13,0.00,1212,3,1,47,2,3.00,6.38,2.13,1196,1,0,47,1,,2.13,0.00,1196,12,47,25.53,12,47,25.53,19,47,40.43,0,0,0,0,0,0,0,0,0,0,0,0,0,0,0,0,SP500,252
2025-04-21,weekly,47,2,45,0,-43,0.04,1132,4.26,95.74,-2.17,1.56,0,1,47,-1,0.00,0.00,2.13,1211,1,2,47,-1,0.50,2.13,4.26,1195,0,2,47,-2,0.00,0.00,4.26,1194,10,47,21.28,7,47,14.89,15,47,31.91,0,0,0,0,0,0,0,1,0,1,0,0,0,1,0,0,SP500,252
2025-04-22,weekly,47,47,0,0,47,,1179,100.00,0.00,2.56,1.17,2,1,47,1,2.00,4.26,2.13,1212,3,1,47,2,3.00,6.38,2.13,1197,2,1,47,1,2.00,4.26,2.13,1195,16,47,34.04,11,47,23.40,18,47,38.30,0,0,0,0,0,0,0,0,1,0,0,0,0,0,0,0,SP500,252
2025-04-23,weekly,47,39,8,0,31,4.88,1210,82.98,17.02,1.73,1.85,1,0,47,1,,2.13,0.00,1213,5,0,47,5,,10.64,0.00,1202,1,0,47,1,,2.13,0.00,1196,24,47,51.06,9,47,19.15,18,47,38.30,0,0,0,0,0,0,1,0,1,0,0,0,0,1,0,0,SP500,252
2025-04-24,weekly,47,41,6,0,35,6.83,1245,87.23,12.77,2.21,2.17,1,0,47,1,,2.13,0.00,1214,5,0,47,5,,10.64,0.00,1207,1,0,47,1,,2.13,0.00,1197,38,47,80.85,15,47,31.91,20,47,42.55,0,0,0,0,0,0,1,0,1,0,1,0,0,0,0,0,SP500,252
2025-04-25,weekly,47,31,16,0,15,1.94,1260,65.96,34.04,0.90,2.82,2,1,47,1,2.00,4.26,2.13,1215,9,2,47,7,4.50,19.15,4.26,1214,2,1,47,1,2.00,4.26,2.13,1198,40,47,85.11,17,47,36.17,22,47,46.81,0,0,0,0,0,0,0,0,0,0,1,0,0,0,0,0,SP500,252
2025-04-28,weekly,47,29,18,0,11,1.61,1271,61.70,38.30,0.26,0.85,2,0,47,2,,4.26,0.00,1217,7,0,47,7,,14.89,0.00,1221,2,0,47,2,,4.26,0.00,1200,42,47,89.36,17,47,36.17,23,47,48.94,0,0,0,0,0,0,0,0,0,0,1,0,0,0,0,0,SP500,252
2025-04-29,weekly,47,37,10,0,27,3.70,1298,78.72,21.28,0.66,0.94,1,1,47,0,1.00,2.13,2.13,1217,6,1,47,5,6.00,12.77,2.13,1226,1,1,47,0,1.00,2.13,2.13,1200,43,47,91.49,19,47,40.43,24,47,51.06,0,0,0,0,0,0,1,0,1,0,1,0,0,0,0,0,SP500,252
2025-04-30,weekly,47,30,16,1,14,1.88,1312,63.83,34.04,0.23,1.13,3,1,47,2,3.00,6.38,2.13,1219,10,1,47,9,10.00,21.28,2.13,1235,3,1,47,2,3.00,6.38,2.13,1202,42,47,89.36,22,47,46.81,23,47,48.94,0,0,0,0,0,0,0,0,0,0,1,0,0,0,0,0,SP500,252
2025-05-01,weekly,47,25,22,0,3,1.14,1315,53.19,46.81,0.05,3.02,2,1,47,1,2.00,4.26,2.13,1220,19,1,47,18,19.00,40.43,2.13,1253,3,1,47,2,3.00,6.38,2.13,1204,39,47,82.98,21,47,44.68,22,47,46.81,0,0,0,0,0,0,0,0,0,0,1,0,0,0,0,0,SP500,252
2025-05-02,weekly,47,43,4,0,39,10.75,1354,91.49,8.51,1.92,1.59,3,1,47,2,3.00,6.38,2.13,1222,30,1,47,29,30.00,63.83,2.13,1282,5,1,47,4,5.00,10.64,2.13,1208,43,47,91.49,32,47,68.09,26,47,55.32,0,0,0,0,0,0,1,0,1,0,1,0,0,0,0,0,SP500,252
2025-05-05,weekly,47,21,25,1,-4,0.84,1350,44.68,53.19,-0.40,1.27,2,0,47,2,,4.26,0.00,1224,20,0,47,20,,42.55,0.00,1302,4,0,47,4,,8.51,0.00,1212,38,47,80.85,29,47,61.70,24,47,51.06,0,0,0,0,0,0,0,0,0,0,1,0,0,0,0,0,SP500,252
2025-05-06,weekly,47,12,35,0,-23,0.34,1327,25.53,74.47,-0.97,2.13,1,0,47,1,,2.13,0.00,1225,4,0,47,4,,8.51,0.00,1306,1,0,47,1,,2.13,0.00,1213,37,47,78.72,29,47,61.70,23,47,48.94,0,0,0,0,0,0,0,1,0,1,0,0,0,0,0,0,SP500,252
2025-05-07,weekly,47,39,8,0,31,4.88,1358,82.98,17.02,0.41,2.06,3,1,47,2,3.00,6.38,2.13,1227,13,1,47,12,13.00,27.66,2.13,1318,5,1,47,4,5.00,10.64,2.13,1217,36,47,76.60,30,47,63.83,26,47,55.32,0,0,0,0,0,0,1,0,1,0,0,0,0,0,0,0,SP500,252
2025-05-08,weekly,47,31,16,0,15,1.94,1373,65.96,34.04,0.42,1.86,1,1,47,0,1.00,2.13,2.13,1227,22,2,47,20,11.00,46.81,4.26,1338,3,2,47,1,1.50,6.38,4.26,1218,37,47,78.72,31,47,65.96,25,47,53.19,0,0,0,0,0,0,0,0,0,0,0,0,0,0,0,0,SP500,252
2025-05-09,weekly,47,22,25,0,-3,0.88,1370,46.81,53.19,-0.20,1.10,0,1,47,-1,0.00,0.00,2.13,1226,5,2,47,3,2.50,10.64,4.26,1341,0,2,47,-2,0.00,0.00,4.26,1216,36,47,76.60,30,47,63.83,25,47,53.19,0,0,0,0,0,0,0,0,0,0,0,0,0,0,0,0,SP500,252
2025-05-12,weekly,47,39,8,0,31,4.88,1401,82.98,17.02,2.90,2.91,1,1,47,0,1.00,2.13,2.13,1226,27,4,47,23,6.75,57.45,8.51,1364,3,2,47,1,1.50,6.38,4.26,1217,37,47,78.72,34,47,72.34,28,47,59.57,0,0,0,0,0,0,1,0,1,0,0,0,0,0,0,0,SP500,252
2025-05-13,weekly,47,28,19,0,9,1.47,1410,59.57,40.43,0.52,3.58,3,1,47,2,3.00,6.38,2.13,1228,25,2,47,23,12.50,53.19,4.26,1387,5,1,47,4,5.00,10.64,2.13,1221,37,47,78.72,35,47,74.47,31,47,65.96,0,0,0,0,0,0,0,0,0,0,0,0,0,0,0,0,SP500,252
2025-05-14,weekly,47,22,24,1,-2,0.92,1408,46.81,51.06,0.16,1.89,1,1,47,0,1.00,2.13,2.13,1228,13,5,47,8,2.60,27.66,10.64,1395,3,2,47,1,1.50,6.38,4.26,1222,35,47,74.47,36,47,76.60,31,47,65.96,0,0,0,0,0,0,0,0,0,0,0,0,0,0,0,0,SP500,252
2025-05-15,weekly,47,30,17,0,13,1.76,1421,63.83,36.17,0.49,2.47,3,1,47,2,3.00,6.38,2.13,1230,10,2,47,8,5.00,21.28,4.26,1403,4,1,47,3,4.00,8.51,2.13,1225,39,47,82.98,38,47,80.85,30,47,63.83,0,0,0,0,0,0,0,0,0,0,1,0,1,0,0,0,SP500,252
2025-05-16,weekly,47,38,9,0,29,4.22,1450,80.85,19.15,0.77,1.25,4,0,47,4,,8.51,0.00,1234,15,0,47,15,,31.91,0.00,1418,5,0,47,5,,10.64,0.00,1230,40,47,85.11,37,47,78.72,31,47,65.96,0,0,0,0,0,0,1,0,1,0,1,0,0,0,0,0,SP500,252
2025-05-19,weekly,47,32,15,0,17,2.13,1467,68.09,31.91,0.32,1.62,4,0,47,4,,8.51,0.00,1238,11,0,47,11,,23.40,0.00,1429,6,0,47,6,,12.77,0.00,1236,41,47,87.23,38,47,80.85,30,47,63.83,0,0,0,0,0,0,1,0,0,0,1,0,1,0,0,0,SP500,252
2025-05-20,weekly,47,14,33,0,-19,0.42,1448,29.79,70.21,-0.31,0.71,2,0,47,2,,4.26,0.00,1240,7,0,47,7,,14.89,0.00,1436,2,0,47,2,,4.26,0.00,1238,40,47,85.11,37,47,78.72,31,47,65.96,0,0,0,0,0,0,0,1,0,1,1,0,0,0,0,0,SP500,252
2025-05-21,weekly,47,7,40,0,-33,0.17,1415,14.89,85.11,-1.33,1.53,3,0,47,3,,6.38,0.00,1243,11,0,47,11,,23.40,0.00,1447,5,0,47,5,,10.64,0.00,1243,35,47,74.47,37,47,78.72,29,47,61.70,0,0,0,0,0,0,0,1,0,1,0,0,0,0,0,0,SP500,252
2025-05-22,weekly,47,23,23,1,0,1.00,1415,48.94,48.94,-0.08,0.90,1,0,47,1,,2.13,0.00,1244,4,1,47,3,4.00,8.51,2.13,1450,2,0,47,2,,4.26,0.00,1245,32,47,68.09,37,47,78.72,30,47,63.83,0,0,0,0,0,0,0,0,0,0,0,0,0,0,0,0,SP500,252
2025-05-23,weekly,47,14,32,1,-18,0.44,1397,29.79,68.09,-0.47,1.01,2,0,47,2,,4.26,0.00,1246,2,2,47,0,1.00,4.26,4.26,1450,2,0,47,2,,4.26,0.00,1247,28,47,59.57,36,47,76.60,28,47,59.57,0,0,0,0,0,0,0,1,0,1,0,0,0,0,0,0,SP500,252
2025-05-27,weekly,47,44,3,0,41,14.67,1438,93.62,6.38,1.82,1.53,4,0,47,4,,8.51,0.00,1250,8,1,47,7,8.00,17.02,2.13,1457,6,0,47,6,,12.77,0.00,1253,38,47,80.85,37,47,78.72,33,47,70.21,0,0,0,0,0,0,1,0,1,0,1,0,0,0,0,0,SP500,252
2025-05-28,weekly,47,13,34,0,-21,0.38,1417,27.66,72.34,-0.48,1.07,3,0,47,3,,6.38,0.00,1253,9,1,47,8,9.00,19.15,2.13,1465,6,0,47,6,,12.77,0.00,1259,33,47,70.21,37,47,78.72,32,47,68.09,0,0,0,0,0,0,0,1,0,1,0,0,0,0,0,0,SP500,252
2025-05-29,weekly,47,31,16,0,15,1.94,1432,65.96,34.04,-0.08,1.85,1,0,47,1,,2.13,0.00,1254,6,2,47,4,3.00,12.77,4.26,1469,4,0,47,4,,8.51,0.00,1263,33,47,70.21,36,47,76.60,32,47,68.09,0,0,0,0,0,0,0,0,0,0,0,0,0,0,0,0,SP500,252
2025-05-30,weekly,47,26,20,1,6,1.30,1438,55.32,42.55,0.41,1.64,2,0,47,2,,4.26,0.00,1256,5,2,47,3,2.50,10.64,4.26,1472,2,0,47,2,,4.26,0.00,1265,34,47,72.34,37,47,78.72,33,47,70.21,0,0,0,0,0,0,0,0,0,0,0,0,0,0,0,0,SP500,252
2025-06-02,weekly,47,34,13,0,21,2.62,1459,72.34,27.66,0.58,1.24,4,0,47,4,,8.51,0.00,1260,10,1,47,9,10.00,21.28,2.13,1481,9,0,47,9,,19.15,0.00,1274,35,47,74.47,38,47,80.85,33,47,70.21,0,0,0,0,0,0,1,0,1,0,0,0,1,0,0,0,SP500,252
2025-06-03,weekly,47,30,17,0,13,1.76,1472,63.83,36.17,0.52,1.37,6,0,47,6,,12.77,0.00,1266,14,1,47,13,14.00,29.79,2.13,1494,12,0,47,12,,25.53,0.00,1286,36,47,76.60,38,47,80.85,33,47,70.21,0,0,0,0,0,0,0,0,0,0,0,0,1,0,0,0,SP500,252
2025-06-04,weekly,47,22,25,0,-3,0.88,1469,46.81,53.19,-0.09,1.16,5,0,47,5,,10.64,0.00,1271,9,1,47,8,9.00,19.15,2.13,1502,8,0,47,8,,17.02,0.00,1294,36,47,76.60,37,47,78.72,31,47,65.96,0,0,0,0,0,0,0,0,0,0,0,0,0,0,0,0,SP500,252
2025-06-05,weekly,47,22,25,0,-3,0.88,1466,46.81,53.19,-0.73,2.50,3,0,47,3,,6.38,0.00,1274,6,2,47,4,3.00,12.77,4.26,1506,6,0,47,6,,12.77,0.00,1300,31,47,65.96,35,47,74.47,30,47,63.83,0,0,0,0,0,0,0,0,0,0,0,0,0,0,0,0,SP500,252
2025-06-06,weekly,47,38,9,0,29,4.22,1495,80.85,19.15,0.76,3.46,4,0,47,4,,8.51,0.00,1278,12,3,47,9,4.00,25.53,6.38,1515,8,0,47,8,,17.02,0.00,1308,34,47,72.34,37,47,78.72,32,47,68.09,0,0,0,0,0,0,1,0,1,0,0,0,0,0,0,0,SP500,252
2025-06-09,weekly,47,17,30,0,-13,0.57,1482,36.17,63.83,-0.08,1.85,2,0,47,2,,4.26,0.00,1280,12,4,47,8,3.00,25.53,8.51,1523,9,0,47,9,,19.15,0.00,1317,31,47,65.96,36,47,76.60,33,47,70.21,0,0,0,0,0,0,0,0,0,0,0,0,0,0,0,0,SP500,252
2025-06-10,weekly,47,32,15,0,17,2.13,1499,68.09,31.91,0.43,1.60,1,0,47,1,,2.13,0.00,1281,12,3,47,9,4.00,25.53,6.38,1532,5,0,47,5,,10.64,0.00,1322,32,47,68.09,38,47,80.85,34,47,72.34,0,0,0,0,0,0,1,0,0,0,0,0,1,0,0,0,SP500,252
2025-06-11,weekly,47,22,25,0,-3,0.88,1496,46.81,53.19,-0.09,1.48,4,0,47,4,,8.51,0.00,1285,17,3,47,14,5.67,36.17,6.38,1546,13,0,47,13,,27.66,0.00,1335,33,47,70.21,36,47,76.60,31,47,65.96,0,0,0,0,0,0,0,0,0,0,0,0,0,0,0,0,SP500,252
2025-06-12,weekly,47,26,21,0,5,1.24,1501,55.32,44.68,0.28,2.24,3,0,47,3,,6.38,0.00,1288,8,6,47,2,1.33,17.02,12.77,1548,4,1,47,3,4.00,8.51,2.13,1338,32,47,68.09,36,47,76.60,32,47,68.09,0,0,0,0,0,0,0,0,0,0,0,0,0,0,0,0,SP500,252
2025-06-13,weekly,47,9,38,0,-29,0.24,1472,19.15,80.85,-0.95,1.99,2,0,47,2,,4.26,0.00,1290,7,8,47,-1,0.88,14.89,17.02,1547,2,1,47,1,2.00,4.26,2.13,1339,26,47,55.32,34,47,72.34,31,47,65.96,0,0,0,0,0,0,0,1,0,1,0,0,0,0,0,0,SP500,252
2025-06-16,weekly,47,35,12,0,23,2.92,1495,74.47,25.53,0.99,1.70,3,0,47,3,,6.38,0.00,1293,9,2,47,7,4.50,19.15,4.26,1554,7,0,47,7,,14.89,0.00,1346,28,47,59.57,34,47,72.34,33,47,70.21,0,0,0,0,0,0,1,0,1,0,0,0,0,0,0,0,SP500,252
2025-06-17,weekly,47,10,37,0,-27,0.27,1468,21.28,78.72,-0.91,1.38,0,0,47,0,,0.00,0.00,1293,3,8,47,-5,0.38,6.38,17.02,1549,1,2,47,-1,0.50,2.13,4.26,1345,25,47,53.19,33,47,70.21,30,47,63.83,0,0,0,0,0,0,0,1,0,1,0,0,0,0,0,0,SP500,252
2025-06-18,weekly,47,21,26,0,-5,0.81,1463,44.68,55.32,-0.26,1.42,2,0,47,2,,4.26,0.00,1295,6,9,47,-3,0.67,12.77,19.15,1546,4,1,47,3,4.00,8.51,2.13,1348,25,47,53.19,31,47,65.96,30,47,63.83,0,0,0,0,0,0,0,0,0,0,0,0,0,0,0,0,SP500,252
2025-06-20,weekly,47,20,27,0,-7,0.74,1456,42.55,57.45,-0.51,1.70,2,1,47,1,2.00,4.26,2.13,1296,6,8,47,-2,0.75,12.77,17.02,1544,6,2,47,4,3.00,12.77,4.26,1352,23,47,48.94,28,47,59.57,28,47,59.57,0,0,0,0,0,0,0,0,0,0,0,0,0,0,0,0,SP500,252
2025-06-23,weekly,47,37,10,0,27,3.70,1483,78.72,21.28,1.27,2.33,4,1,47,3,4.00,8.51,2.13,1299,9,5,47,4,1.80,19.15,10.64,1548,7,1,47,6,7.00,14.89,2.13,1358,26,47,55.32,29,47,61.70,29,47,61.70,0,0,0,0,0,0,1,0,1,0,0,0,0,0,0,0,SP500,252
2025-06-24,weekly,47,39,8,0,31,4.88,1514,82.98,17.02,1.25,1.74,6,0,47,6,,12.77,0.00,1305,12,0,47,12,,25.53,0.00,1560,11,0,47,11,,23.40,0.00,1369,29,47,61.70,30,47,63.83,27,47,57.45,0,0,0,0,0,0,1,0,1,0,0,0,0,0,0,0,SP500,252
2025-06-25,weekly,47,22,25,0,-3,0.88,1511,46.81,53.19,0.02,1.66,10,0,47,10,,21.28,0.00,1315,13,0,47,13,,27.66,0.00,1573,13,0,47,13,,27.66,0.00,1382,27,47,57.45,30,47,63.83,27,47,57.45,0,0,0,0,0,0,0,0,0,0,0,0,0,0,0,0,SP500,252
2025-06-26,weekly,47,35,12,0,23,2.92,1534,74.47,25.53,0.72,1.20,10,0,47,10,,21.28,0.00,1325,13,1,47,12,13.00,27.66,2.13,1585,13,0,47,13,,27.66,0.00,1395,30,47,63.83,31,47,65.96,33,47,70.21,0,0,0,0,0,0,1,0,1,0,0,0,0,0,0,0,SP500,252
2025-06-27,weekly,47,30,17,0,13,1.76,1547,63.83,36.17,0.26,1.90,10,0,47,10,,21.28,0.00,1335,15,1,47,14,15.00,31.91,2.13,1599,14,0,47,14,,29.79,0.00,1409,32,47,68.09,30,47,63.83,33,47,70.21,0,0,0,0,0,0,0,0,0,0,0,0,0,0,0,0,SP500,252
2025-06-30,weekly,47,37,10,0,27,3.70,1574,78.72,21.28,0.76,1.32,11,0,47,11,,23.40,0.00,1346,16,0,47,16,,34.04,0.00,1615,15,0,47,15,,31.91,0.00,1424,31,47,65.96,32,47,68.09,33,47,70.21,0,0,0,0,0,0,1,0,1,0,0,0,0,0,0,0,SP500,252
2025-07-01,weekly,47,28,19,0,9,1.47,1583,59.57,40.43,-0.15,2.37,3,0,47,3,,6.38,0.00,1349,10,1,47,9,10.00,21.28,2.13,1624,4,0,47,4,,8.51,0.00,1428,37,47,78.72,37,47,78.72,35,47,74.47,0,0,0,0,0,0,0,0,0,0,0,0,0,0,0,0,SP500,252
2025-07-02,weekly,47,23,24,0,-1,0.96,1582,48.94,51.06,0.36,1.86,5,0,47,5,,10.64,0.00,1354,8,2,47,6,4.00,17.02,4.26,1630,6,0,47,6,,12.77,0.00,1434,34,47,72.34,36,47,76.60,37,47,78.72,0,0,0,0,0,0,0,0,0,0,0,0,0,0,0,0,SP500,252
2025-07-03,weekly,47,40,7,0,33,5.71,1615,85.11,14.89,0.86,0.80,7,0,47,7,,14.89,0.00,1361,12,0,47,12,,25.53,0.00,1642,11,0,47,11,,23.40,0.00,1445,39,47,82.98,39,47,82.98,38,47,80.85,0,0,0,0,0,0,1,0,1,0,1,0,1,0,1,0,SP500,252
2025-07-07,weekly,47,9,38,0,-29,0.24,1586,19.15,80.85,-0.87,1.57,1,0,47,1,,2.13,0.00,1362,5,1,47,4,5.00,10.64,2.13,1646,4,0,47,4,,8.51,0.00,1449,38,47,80.85,34,47,72.34,36,47,76.60,0,0,0,0,0,0,0,1,0,1,1,0,0,0,0,0,SP500,252
2025-07-08,weekly,47,20,27,0,-7,0.74,1579,42.55,57.45,-0.16,1.49,2,0,47,2,,4.26,0.00,1364,4,1,47,3,4.00,8.51,2.13,1649,4,0,47,4,,8.51,0.00,1453,32,47,68.09,32,47,68.09,34,47,72.34,0,0,0,0,0,0,0,0,0,0,0,0,0,0,0,0,SP500,252
2025-07-09,weekly,47,32,15,0,17,2.13,1596,68.09,31.91,0.44,1.03,5,0,47,5,,10.64,0.00,1369,9,2,47,7,4.50,19.15,4.26,1656,9,0,47,9,,19.15,0.00,1462,37,47,78.72,32,47,68.09,34,47,72.34,0,0,0,0,0,0,1,0,0,0,0,0,0,0,0,0,SP500,252
2025-07-10,weekly,47,27,20,0,7,1.35,1603,57.45,42.55,0.25,1.41,2,0,47,2,,4.26,0.00,1371,8,1,47,7,8.00,17.02,2.13,1663,6,0,47,6,,12.77,0.00,1468,37,47,78.72,32,47,68.09,35,47,74.47,0,0,0,0,0,0,0,0,0,0,0,0,0,0,0,0,SP500,252
2025-07-11,weekly,47,15,32,0,-17,0.47,1586,31.91,68.09,-0.35,1.13,2,0,47,2,,4.26,0.00,1373,7,2,47,5,3.50,14.89,4.26,1668,7,1,47,6,7.00,14.89,2.13,1474,31,47,65.96,31,47,65.96,34,47,72.34,0,0,0,0,0,0,0,1,0,0,0,0,0,0,0,0,SP500,252
2025-07-14,weekly,47,29,18,0,11,1.61,1597,61.70,38.30,0.19,1.39,3,1,47,2,3.00,6.38,2.13,1375,6,1,47,5,6.00,12.77,2.13,1673,6,1,47,5,6.00,12.77,2.13,1479,30,47,63.83,32,47,68.09,35,47,74.47,0,0,0,0,0,0,0,0,0,0,0,0,0,0,0,0,SP500,252
2025-07-15,weekly,47,14,33,0,-19,0.42,1578,29.79,70.21,-0.42,1.82,7,1,47,6,7.00,14.89,2.13,1381,12,3,47,9,4.00,25.53,6.38,1682,11,2,47,9,5.50,23.40,4.26,1488,23,47,48.94,30,47,63.83,34,47,72.34,0,0,0,0,0,0,0,1,0,1,0,0,0,0,0,0,SP500,252
2025-07-16,weekly,47,30,17,0,13,1.76,1591,63.83,36.17,0.62,1.38,4,0,47,4,,8.51,0.00,1385,7,3,47,4,2.33,14.89,6.38,1686,7,1,47,6,7.00,14.89,2.13,1494,27,47,57.45,30,47,63.83,33,47,70.21,0,0,0,0,0,0,0,0,0,0,0,0,0,0,0,0,SP500,252
2025-07-17,weekly,47,32,15,0,17,2.13,1608,68.09,31.91,0.56,1.46,8,0,47,8,,17.02,0.00,1393,10,3,47,7,3.33,21.28,6.38,1693,10,1,47,9,10.00,21.28,2.13,1503,27,47,57.45,29,47,61.70,34,47,72.34,0,0,0,0,0,0,1,0,0,0,0,0,0,0,0,0,SP500,252
2025-07-18,weekly,47,23,24,0,-1,0.96,1607,48.94,51.06,-0.15,1.32,3,0,47,3,,6.38,0.00,1396,8,2,47,6,4.00,17.02,4.26,1699,7,0,47,7,,14.89,0.00,1510,25,47,53.19,30,47,63.83,33,47,70.21,0,0,0,0,0,0,0,0,0,0,0,0,0,0,0,0,SP500,252
2025-07-21,weekly,47,27,20,0,7,1.35,1614,57.45,42.55,0.18,1.21,2,0,47,2,,4.26,0.00,1398,7,2,47,5,3.50,14.89,4.26,1704,6,0,47,6,,12.77,0.00,1516,25,47,53.19,30,47,63.83,34,47,72.34,0,0,0,0,0,0,0,0,0,0,0,0,0,0,0,0,SP500,252
2025-07-22,weekly,47,27,20,0,7,1.35,1621,57.45,42.55,-0.15,1.97,1,0,47,1,,2.13,0.00,1399,7,5,47,2,1.40,14.89,10.64,1706,6,1,47,5,6.00,12.77,2.13,1521,30,47,63.83,31,47,65.96,34,47,72.34,0,0,0,0,0,0,0,0,0,0,0,0,0,0,0,0,SP500,252
2025-07-23,weekly,47,34,13,0,21,2.62,1642,72.34,27.66,1.20,2.40,5,0,47,5,,10.64,0.00,1404,9,5,47,4,1.80,19.15,10.64,1710,9,1,47,8,9.00,19.15,2.13,1529,35,47,74.47,33,47,70.21,34,47,72.34,0,0,0,0,0,0,1,0,1,0,0,0,0,0,0,0,SP500,252
2025-07-24,weekly,47,26,21,0,5,1.24,1647,55.32,44.68,0.01,2.04,4,1,47,3,4.00,8.51,2.13,1407,14,6,47,8,2.33,29.79,12.77,1718,12,4,47,8,3.00,25.53,8.51,1537,35,47,74.47,33,47,70.21,35,47,74.47,0,0,0,0,0,0,0,0,0,0,0,0,0,0,0,0,SP500,252
2025-07-25,weekly,47,32,15,0,17,2.13,1664,68.09,31.91,0.66,1.33,7,1,47,6,7.00,14.89,2.13,1413,13,1,47,12,13.00,27.66,2.13,1730,11,1,47,10,11.00,23.40,2.13,1547,37,47,78.72,36,47,76.60,36,47,76.60,0,0,0,0,0,0,1,0,0,0,0,0,0,0,0,0,SP500,252
2025-07-28,weekly,47,19,28,0,-9,0.68,1655,40.43,59.57,-0.03,1.31,5,1,47,4,5.00,10.64,2.13,1417,10,5,47,5,2.00,21.28,10.64,1735,7,4,47,3,1.75,14.89,8.51,1550,37,47,78.72,36,47,76.60,36,47,76.60,0,0,0,0,0,0,0,0,0,0,0,0,0,0,0,0,SP500,252
2025-07-29,weekly,47,26,21,0,5,1.24,1660,55.32,44.68,-0.33,2.24,7,1,47,6,7.00,14.89,2.13,1423,10,5,47,5,2.00,21.28,10.64,1740,9,2,47,7,4.50,19.15,4.26,1557,31,47,65.96,32,47,68.09,36,47,76.60,0,0,0,0,0,0,0,0,0,0,0,0,0,0,0,0,SP500,252
2025-07-30,weekly,47,20,27,0,-7,0.74,1653,42.55,57.45,-0.13,1.49,3,1,47,2,3.00,6.38,2.13,1425,5,6,47,-1,0.83,10.64,12.77,1739,4,3,47,1,1.33,8.51,6.38,1558,29,47,61.70,31,47,65.96,35,47,74.47,0,0,0,0,0,0,0,0,0,0,0,0,0,0,0,0,SP500,252
2025-07-31,weekly,47,13,34,0,-21,0.38,1632,27.66,72.34,-0.73,2.79,10,3,47,7,3.33,21.28,6.38,1432,15,11,47,4,1.36,31.91,23.40,1743,13,6,47,7,2.17,27.66,12.77,1565,23,47,48.94,31,47,65.96,33,47,70.21,0,0,0,0,0,0,0,1,0,1,0,0,0,0,0,0,SP500,252
2025-08-01,weekly,47,14,33,0,-19,0.42,1613,29.79,70.21,-1.19,2.15,0,3,47,-3,0.00,0.00,6.38,1429,1,10,47,-9,0.10,2.13,21.28,1734,1,4,47,-3,0.25,2.13,8.51,1562,22,47,46.81,27,47,57.45,32,47,68.09,0,0,0,0,0,0,0,1,0,1,0,0,0,0,0,0,SP500,252
2025-08-04,weekly,47,42,5,0,37,8.40,1650,89.36,10.64,1.37,1.46,5,0,47,5,,10.64,0.00,1434,7,4,47,3,1.75,14.89,8.51,1737,5,2,47,3,2.50,10.64,4.26,1565,27,47,57.45,27,47,57.45,34,47,72.34,0,0,0,0,0,0,1,0,1,0,0,0,0,0,0,0,SP500,252
2025-08-05,weekly,47,11,35,1,-24,0.31,1626,23.40,74.47,-0.34,1.76,5,1,47,4,5.00,10.64,2.13,1438,8,5,47,3,1.60,17.02,10.64,1740,6,1,47,5,6.00,12.77,2.13,1570,22,47,46.81,27,47,57.45,33,47,70.21,0,0,0,0,0,0,0,1,0,1,0,0,0,0,0,0,SP500,252
2025-08-06,weekly,47,29,18,0,11,1.61,1637,61.70,38.30,0.90,3.26,3,1,47,2,3.00,6.38,2.13,1440,5,5,47,0,1.00,10.64,10.64,1740,5,1,47,4,5.00,10.64,2.13,1574,27,47,57.45,27,47,57.45,34,47,72.34,0,0,0,0,0,0,0,0,0,0,0,0,0,0,0,0,SP500,252
2025-08-07,weekly,47,26,21,0,5,1.24,1642,55.32,44.68,-0.32,2.56,6,3,47,3,2.00,12.77,6.38,1443,11,6,47,5,1.83,23.40,12.77,1745,9,5,47,4,1.80,19.15,10.64,1578,27,47,57.45,29,47,61.70,33,47,70.21,0,0,0,0,0,0,0,0,0,0,0,0,0,0,0,0,SP500,252
2025-08-08,weekly,47,37,10,0,27,3.70,1669,78.72,21.28,0.90,1.26,4,3,47,1,1.33,8.51,6.38,1444,12,3,47,9,4.00,25.53,6.38,1754,9,3,47,6,3.00,19.15,6.38,1584,30,47,63.83,31,47,65.96,37,47,78.72,0,0,0,0,0,0,1,0,1,0,0,0,0,0,0,0,SP500,252
2025-08-11,weekly,47,20,27,0,-7,0.74,1662,42.55,57.45,-0.13,0.95,3,2,47,1,1.50,6.38,4.26,1445,7,3,47,4,2.33,14.89,6.38,1758,4,2,47,2,2.00,8.51,4.26,1586,30,47,63.83,31,47,65.96,36,47,76.60,0,0,0,0,0,0,0,0,0,0,0,0,0,0,0,0,SP500,252
2025-08-12,weekly,47,38,8,1,30,4.75,1692,80.85,17.02,1.15,1.36,6,1,47,5,6.00,12.77,2.13,1450,14,2,47,12,7.00,29.79,4.26,1770,11,2,47,9,5.50,23.40,4.26,1595,35,47,74.47,32,47,68.09,36,47,76.60,0,0,0,0,0,0,1,0,1,0,0,0,0,0,0,0,SP500,252
2025-08-13,weekly,47,23,24,0,-1,0.96,1691,48.94,51.06,0.20,2.05,7,0,47,7,,14.89,0.00,1457,16,1,47,15,16.00,34.04,2.13,1785,13,1,47,12,13.00,27.66,2.13,1607,32,47,68.09,33,47,70.21,38,47,80.85,0,0,0,0,0,0,0,0,0,0,0,0,0,0,1,0,SP500,252
2025-08-14,weekly,47,25,22,0,3,1.14,1694,53.19,46.81,0.08,1.25,2,0,47,2,,4.26,0.00,1459,5,0,47,5,,10.64,0.00,1790,4,0,47,4,,8.51,0.00,1611,34,47,72.34,33,47,70.21,38,47,80.85,0,0,0,0,0,0,0,0,0,0,0,0,0,0,1,0,SP500,252
2025-08-15,weekly,47,22,25,0,-3,0.88,1691,46.81,53.19,0.08,2.19,2,0,47,2,,4.26,0.00,1461,10,1,47,9,10.00,21.28,2.13,1799,7,0,47,7,,14.89,0.00,1618,30,47,63.83,33,47,70.21,38,47,80.85,0,0,0,0,0,0,0,0,0,0,0,0,0,0,1,0,SP500,252
2025-08-18,weekly,47,27,20,0,7,1.35,1698,57.45,42.55,0.08,0.95,1,0,47,1,,2.13,0.00,1462,5,1,47,4,5.00,10.64,2.13,1803,3,0,47,3,,6.38,0.00,1621,32,47,68.09,33,47,70.21,38,47,80.85,0,0,0,0,0,0,0,0,0,0,0,0,0,0,1,0,SP500,252
2025-08-19,weekly,47,21,26,0,-5,0.81,1693,44.68,55.32,-0.72,2.32,1,0,47,1,,2.13,0.00,1463,5,1,47,4,5.00,10.64,2.13,1807,3,0,47,3,,6.38,0.00,1624,25,47,53.19,37,47,78.72,38,47,80.85,0,0,0,0,0,0,0,0,0,0,0,0,0,0,1,0,SP500,252
2025-08-20,weekly,47,28,19,0,9,1.47,1702,59.57,40.43,0.03,1.05,2,0,47,2,,4.26,0.00,1465,10,5,47,5,2.00,21.28,10.64,1812,4,0,47,4,,8.51,0.00,1628,29,47,61.70,36,47,76.60,39,47,82.98,0,0,0,0,0,0,0,0,0,0,0,0,0,0,1,0,SP500,252
2025-08-21,weekly,47,16,31,0,-15,0.52,1687,34.04,65.96,-0.35,0.98,0,0,47,0,,0.00,0.00,1465,2,2,47,0,1.00,4.26,4.26,1812,1,1,47,0,1.00,2.13,2.13,1628,25,47,53.19,32,47,68.09,37,47,78.72,0,0,0,0,0,0,0,0,0,0,0,0,0,0,0,0,SP500,252
2025-08-22,weekly,47,38,9,0,29,4.22,1716,80.85,19.15,1.28,1.70,5,0,47,5,,10.64,0.00,1470,10,2,47,8,5.00,21.28,4.26,1820,7,0,47,7,,14.89,0.00,1635,32,47,68.09,37,47,78.72,39,47,82.98,0,0,0,0,0,0,1,0,1,0,0,0,0,0,1,0,SP500,252
2025-08-25,weekly,47,10,36,1,-26,0.28,1690,21.28,76.60,-0.61,1.00,4,0,47,4,,8.51,0.00,1474,6,1,47,5,6.00,12.77,2.13,1825,4,0,47,4,,8.51,0.00,1639,30,47,63.83,33,47,70.21,38,47,80.85,0,0,0,0,0,0,0,1,0,1,0,0,0,0,1,0,SP500,252
2025-08-26,weekly,47,28,19,0,9,1.47,1699,59.57,40.43,0.64,1.33,1,0,47,1,,2.13,0.00,1475,3,2,47,1,1.50,6.38,4.26,1826,2,0,47,2,,4.26,0.00,1641,32,47,68.09,33,47,70.21,39,47,82.98,0,0,0,0,0,0,0,0,0,0,0,0,0,0,1,0,SP500,252
2025-08-27,weekly,47,29,18,0,11,1.61,1710,61.70,38.30,0.11,0.74,2,0,47,2,,4.26,0.00,1477,10,0,47,10,,21.28,0.00,1836,2,0,47,2,,4.26,0.00,1643,33,47,70.21,34,47,72.34,39,47,82.98,0,0,0,0,0,0,0,0,0,0,0,0,0,0,1,0,SP500,252
2025-08-28,weekly,47,25,22,0,3,1.14,1713,53.19,46.81,0.43,1.10,4,0,47,4,,8.51,0.00,1481,9,1,47,8,9.00,19.15,2.13,1844,5,0,47,5,,10.64,0.00,1648,35,47,74.47,36,47,76.60,38,47,80.85,0,0,0,0,0,0,0,0,0,0,0,0,0,0,1,0,SP500,252
2025-08-29,weekly,47,26,21,0,5,1.24,1718,55.32,44.68,-0.30,1.62,4,0,47,4,,8.51,0.00,1485,8,1,47,7,8.00,17.02,2.13,1851,6,0,47,6,,12.77,0.00,1654,31,47,65.96,34,47,72.34,39,47,82.98,0,0,0,0,0,0,0,0,0,0,0,0,0,0,1,0,SP500,252
2025-09-02,weekly,47,16,31,0,-15,0.52,1703,34.04,65.96,-0.48,1.16,0,0,47,0,,0.00,0.00,1485,3,8,47,-5,0.38,6.38,17.02,1846,2,0,47,2,,4.26,0.00,1656,28,47,59.57,30,47,63.83,39,47,82.98,0,0,0,0,0,0,0,0,0,0,0,0,0,0,1,0,SP500,252
2025-09-03,weekly,47,22,25,0,-3,0.88,1700,46.81,53.19,0.21,2.34,2,0,47,2,,4.26,0.00,1487,6,6,47,0,1.00,12.77,12.77,1846,5,2,47,3,2.50,10.64,4.26,1659,28,47,59.57,31,47,65.96,39,47,82.98,0,0,0,0,0,0,0,0,0,0,0,0,0,0,1,0,SP500,252
2025-09-04,weekly,47,37,10,0,27,3.70,1727,78.72,21.28,0.92,1.25,5,0,47,5,,10.64,0.00,1492,13,2,47,11,6.50,27.66,4.26,1857,8,0,47,8,,17.02,0.00,1667,31,47,65.96,33,47,70.21,39,47,82.98,0,0,0,0,0,0,1,0,1,0,0,0,0,0,1,0,SP500,252
2025-09-05,weekly,47,20,27,0,-7,0.74,1720,42.55,57.45,-0.60,3.59,7,1,47,6,7.00,14.89,2.13,1498,18,5,47,13,3.60,38.30,10.64,1870,12,1,47,11,12.00,25.53,2.13,1678,25,47,53.19,29,47,61.70,39,47,82.98,0,0,0,0,0,0,0,0,0,0,0,0,0,0,1,0,SP500,252
