date,timeframe,daily_mb_total_stocks,daily_mb_advancing_stocks,daily_mb_declining_stocks,daily_mb_unchanged_stocks,daily_mb_net_advances,daily_mb_ad_ratio,daily_mb_ad_line,daily_mb_advance_pct,daily_mb_decline_pct,daily_mb_avg_pct_change,daily_mb_pct_change_volatility,daily_mb_252day_new_highs,daily_mb_252day_new_lows,daily_mb_total_stocks_hl_252day,daily_mb_net_252day_new_highs,daily_mb_hl_ratio_252day,daily_mb_252day_new_highs_pct,daily_mb_252day_new_lows_pct,daily_mb_net_hl_line_252day,daily_mb_20day_new_highs,daily_mb_20day_new_lows,daily_mb_total_stocks_hl_20day,daily_mb_net_20day_new_highs,daily_mb_hl_ratio_20day,daily_mb_20day_new_highs_pct,daily_mb_20day_new_lows_pct,daily_mb_net_hl_line_20day,daily_mb_63day_new_highs,daily_mb_63day_new_lows,daily_mb_total_stocks_hl_63day,daily_mb_net_63day_new_highs,daily_mb_hl_ratio_63day,daily_mb_63day_new_highs_pct,daily_mb_63day_new_lows_pct,daily_mb_net_hl_line_63day,daily_mb_stocks_above_ma_20,daily_mb_total_stocks_ma_20,daily_mb_pct_above_ma_20,daily_mb_stocks_above_ma_50,daily_mb_total_stocks_ma_50,daily_mb_pct_above_ma_50,daily_mb_stocks_above_ma_200,daily_mb_total_stocks_ma_200,daily_mb_pct_above_ma_200,daily_mb_daily_252day_new_highs_gt_100,daily_mb_10day_successful_252day_new_highs_gt_100,daily_mb_daily_20day_new_highs_gt_100,daily_mb_20day_successful_20day_new_highs_gt_100,daily_mb_daily_63day_new_highs_gt_100,daily_mb_63day_successful_63day_new_highs_gt_100,daily_mb_ad_ratio_gt_2_0,daily_mb_ad_ratio_lt_0_5,daily_mb_strong_advance_breadth,daily_mb_weak_advance_breadth,daily_mb_strong_ma_breadth_20,daily_mb_weak_ma_breadth_20,daily_mb_strong_ma_breadth_50,daily_mb_weak_ma_breadth_50,daily_mb_strong_ma_breadth_200,daily_mb_weak_ma_breadth_200,daily_mb_universe,daily_mb_lookback_days
2024-01-02,daily,23,0,0,0,0,,0,0.00,0.00,0.00,0.00,0,0,23,0,,0.00,0.00,0,0,0,23,0,,0.00,0.00,0,0,0,23,0,,0.00,0.00,0,0,23,0.00,0,23,0.00,0,23,0.00,0,0,0,0,0,0,0,0,0,1,0,1,0,1,0,1,NASDAQ100,252
2024-01-03,daily,23,7,16,0,-9,0.44,-9,30.43,69.57,-0.87,1.50,0,0,23,0,,0.00,0.00,0,0,0,23,0,,0.00,0.00,0,0,0,23,0,,0.00,0.00,0,0,23,0.00,0,23,0.00,0,23,0.00,0,0,0,0,0,0,0,1,0,0,0,1,0,1,0,1,NASDAQ100,252
2024-01-04,daily,23,10,13,0,-3,0.77,-12,43.48,56.52,-0.28,1.00,0,0,23,0,,0.00,0.00,0,0,0,23,0,,0.00,0.00,0,0,0,23,0,,0.00,0.00,0,0,23,0.00,0,23,0.00,0,23,0.00,0,0,0,0,0,0,0,0,0,0,0,1,0,1,0,1,NASDAQ100,252
2024-01-05,daily,23,10,13,0,-3,0.77,-15,43.48,56.52,0.12,0.91,0,0,23,0,,0.00,0.00,0,0,0,23,0,,0.00,0.00,0,0,0,23,0,,0.00,0.00,0,0,23,0.00,0,23,0.00,0,23,0.00,0,0,0,0,0,0,0,0,0,0,0,1,0,1,0,1,NASDAQ100,252
2024-01-08,daily,23,23,0,0,23,,8,100.00,0.00,2.22,1.54,0,0,23,0,,0.00,0.00,0,0,0,23,0,,0.00,0.00,0,0,0,23,0,,0.00,0.00,0,0,23,0.00,0,23,0.00,0,23,0.00,0,0,0,0,0,0,0,0,1,0,0,1,0,1,0,1,NASDAQ100,252
2024-01-09,daily,23,11,12,0,-1,0.92,7,47.83,52.17,0.13,1.22,0,0,23,0,,0.00,0.00,0,0,0,23,0,,0.00,0.00,0,0,0,23,0,,0.00,0.00,0,0,23,0.00,0,23,0.00,0,23,0.00,0,0,0,0,0,0,0,0,0,0,0,1,0,1,0,1,NASDAQ100,252
2024-01-10,daily,23,15,8,0,7,1.88,14,65.22,34.78,1.15,2.38,0,0,23,0,,0.00,0.00,0,0,0,23,0,,0.00,0.00,0,0,0,23,0,,0.00,0.00,0,0,23,0.00,0,23,0.00,0,23,0.00,0,0,0,0,0,0,0,0,0,0,0,1,0,1,0,1,NASDAQ100,252
2024-01-11,daily,23,11,12,0,-1,0.92,13,47.83,52.17,0.19,1.17,0,0,23,0,,0.00,0.00,0,0,0,23,0,,0.00,0.00,0,0,0,23,0,,0.00,0.00,0,0,23,0.00,0,23,0.00,0,23,0.00,0,0,0,0,0,0,0,0,0,0,0,1,0,1,0,1,NASDAQ100,252
2024-01-12,daily,23,14,9,0,5,1.56,18,60.87,39.13,0.02,1.13,0,0,23,0,,0.00,0.00,0,0,0,23,0,,0.00,0.00,0,0,0,23,0,,0.00,0.00,0,0,23,0.00,0,23,0.00,0,23,0.00,0,0,0,0,0,0,0,0,0,0,0,1,0,1,0,1,NASDAQ100,252
2024-01-16,daily,23,8,15,0,-7,0.53,11,34.78,65.22,-0.31,2.39,0,0,23,0,,0.00,0.00,0,5,3,23,2,1.67,21.74,13.04,2,0,0,23,0,,0.00,0.00,0,16,23,69.57,0,23,0.00,0,23,0.00,0,0,0,0,0,0,0,0,0,0,0,0,0,1,0,1,NASDAQ100,252
2024-01-17,daily,23,7,16,0,-9,0.44,2,30.43,69.57,-0.39,0.81,0,0,23,0,,0.00,0.00,0,2,5,23,-3,0.40,8.70,21.74,-1,0,0,23,0,,0.00,0.00,0,17,23,73.91,0,23,0.00,0,23,0.00,0,0,0,0,0,0,0,1,0,0,0,0,0,1,0,1,NASDAQ100,252
2024-01-18,daily,23,21,2,0,19,10.50,21,91.30,8.70,1.66,1.65,0,0,23,0,,0.00,0.00,0,10,1,23,9,10.00,43.48,4.35,8,0,0,23,0,,0.00,0.00,0,18,23,78.26,0,23,0.00,0,23,0.00,0,0,0,0,0,0,1,0,1,0,0,0,0,1,0,1,NASDAQ100,252
2024-01-19,daily,23,21,2,0,19,10.50,40,91.30,8.70,1.64,2.29,0,0,23,0,,0.00,0.00,0,15,1,23,14,15.00,65.22,4.35,22,0,0,23,0,,0.00,0.00,0,19,23,82.61,0,23,0.00,0,23,0.00,0,0,0,0,0,0,1,0,1,0,1,0,0,1,0,1,NASDAQ100,252
2024-01-22,daily,23,12,11,0,1,1.09,41,52.17,47.83,0.33,1.84,0,0,23,0,,0.00,0.00,0,16,1,23,15,16.00,69.57,4.35,37,0,0,23,0,,0.00,0.00,0,19,23,82.61,0,23,0.00,0,23,0.00,0,0,0,0,0,0,0,0,0,0,1,0,0,1,0,1,NASDAQ100,252
2024-01-23,daily,23,15,8,0,7,1.88,48,65.22,34.78,0.28,1.00,0,0,23,0,,0.00,0.00,0,4,0,23,4,,17.39,0.00,41,0,0,23,0,,0.00,0.00,0,19,23,82.61,0,23,0.00,0,23,0.00,0,0,0,0,0,0,0,0,0,0,1,0,0,1,0,1,NASDAQ100,252
2024-01-24,daily,23,12,11,0,1,1.09,49,52.17,47.83,1.15,3.35,0,0,23,0,,0.00,0.00,0,16,0,23,16,,69.57,0.00,57,0,0,23,0,,0.00,0.00,0,18,23,78.26,0,23,0.00,0,23,0.00,0,0,0,0,0,0,0,0,0,0,0,0,0,1,0,1,NASDAQ100,252
2024-01-25,daily,23,16,7,0,9,2.29,58,69.57,30.43,0.17,2.97,0,0,23,0,,0.00,0.00,0,9,1,23,8,9.00,39.13,4.35,65,0,0,23,0,,0.00,0.00,0,17,23,73.91,0,23,0.00,0,23,0.00,0,0,0,0,0,0,1,0,0,0,0,0,0,1,0,1,NASDAQ100,252
2024-01-26,daily,23,11,12,0,-1,0.92,57,47.83,52.17,-0.23,1.02,0,0,23,0,,0.00,0.00,0,4,1,23,3,4.00,17.39,4.35,68,0,0,23,0,,0.00,0.00,0,17,23,73.91,0,23,0.00,0,23,0.00,0,0,0,0,0,0,0,0,0,0,0,0,0,1,0,1,NASDAQ100,252
2024-01-29,daily,23,20,3,0,17,6.67,74,86.96,13.04,0.94,2.47,0,0,23,0,,0.00,0.00,0,8,2,23,6,4.00,34.78,8.70,74,0,0,23,0,,0.00,0.00,0,18,23,78.26,0,23,0.00,0,23,0.00,0,0,0,0,0,0,1,0,1,0,0,0,0,1,0,1,NASDAQ100,252
2024-01-30,daily,23,5,18,0,-13,0.28,61,21.74,78.26,-1.33,2.03,0,0,23,0,,0.00,0.00,0,7,1,23,6,7.00,30.43,4.35,80,0,0,23,0,,0.00,0.00,0,18,23,78.26,0,23,0.00,0,23,0.00,0,0,0,0,0,0,0,1,0,1,0,0,0,1,0,1,NASDAQ100,252
2024-01-31,daily,23,5,18,0,-13,0.28,48,21.74,78.26,-2.11,2.44,0,0,23,0,,0.00,0.00,0,4,2,23,2,2.00,17.39,8.70,82,0,0,23,0,,0.00,0.00,0,12,23,52.17,0,23,0.00,0,23,0.00,0,0,0,0,0,0,0,1,0,1,0,0,0,1,0,1,NASDAQ100,252
2024-02-01,daily,23,19,3,1,16,6.33,64,82.61,13.04,0.99,1.59,0,0,23,0,,0.00,0.00,0,4,0,23,4,,17.39,0.00,86,0,0,23,0,,0.00,0.00,0,11,23,47.83,0,23,0.00,0,23,0.00,0,0,0,0,0,0,1,0,1,0,0,0,0,1,0,1,NASDAQ100,252
2024-02-02,daily,23,14,8,1,6,1.75,70,60.87,34.78,2.36,5.07,0,0,23,0,,0.00,0.00,0,6,3,23,3,2.00,26.09,13.04,89,0,0,23,0,,0.00,0.00,0,13,23,56.52,0,23,0.00,0,23,0.00,0,0,0,0,0,0,0,0,0,0,0,0,0,1,0,1,NASDAQ100,252
2024-02-05,daily,23,10,13,0,-3,0.77,67,43.48,56.52,-0.36,1.85,0,0,23,0,,0.00,0.00,0,4,5,23,-1,0.80,17.39,21.74,88,0,0,23,0,,0.00,0.00,0,13,23,56.52,0,23,0.00,0,23,0.00,0,0,0,0,0,0,0,0,0,0,0,0,0,1,0,1,NASDAQ100,252
2024-02-06,daily,23,12,11,0,1,1.09,68,52.17,47.83,1.45,6.60,0,0,23,0,,0.00,0.00,0,4,1,23,3,4.00,17.39,4.35,91,0,0,23,0,,0.00,0.00,0,14,23,60.87,16,23,69.57,0,23,0.00,0,0,0,0,0,0,0,0,0,0,0,0,0,0,0,1,NASDAQ100,252
2024-02-07,daily,23,20,3,0,17,6.67,85,86.96,13.04,1.28,2.44,0,0,23,0,,0.00,0.00,0,6,1,23,5,6.00,26.09,4.35,96,0,0,23,0,,0.00,0.00,0,14,23,60.87,16,23,69.57,0,23,0.00,0,0,0,0,0,0,1,0,1,0,0,0,0,0,0,1,NASDAQ100,252
2024-02-08,daily,23,12,11,0,1,1.09,86,52.17,47.83,-0.01,1.72,0,0,23,0,,0.00,0.00,0,6,3,23,3,2.00,26.09,13.04,99,0,0,23,0,,0.00,0.00,0,16,23,69.57,16,23,69.57,0,23,0.00,0,0,0,0,0,0,0,0,0,0,0,0,0,0,0,1,NASDAQ100,252
2024-02-09,daily,23,16,7,0,9,2.29,95,69.57,30.43,0.83,1.41,0,0,23,0,,0.00,0.00,0,5,0,23,5,,21.74,0.00,104,0,0,23,0,,0.00,0.00,0,15,23,65.22,16,23,69.57,0,23,0.00,0,0,0,0,0,0,1,0,0,0,0,0,0,0,0,1,NASDAQ100,252
2024-02-12,daily,23,7,16,0,-9,0.44,86,30.43,69.57,-0.30,1.47,0,0,23,0,,0.00,0.00,0,3,1,23,2,3.00,13.04,4.35,106,0,0,23,0,,0.00,0.00,0,15,23,65.22,15,23,65.22,0,23,0.00,0,0,0,0,0,0,0,1,0,0,0,0,0,0,0,1,NASDAQ100,252
2024-02-13,daily,23,0,23,0,-23,0.00,63,0.00,100.00,-1.53,0.97,0,0,23,0,,0.00,0.00,0,0,2,23,-2,0.00,0.00,8.70,104,0,2,23,-2,0.00,0.00,8.70,-2,12,23,52.17,15,23,65.22,0,23,0.00,0,0,0,0,0,0,0,1,0,1,0,0,0,0,0,1,NASDAQ100,252
2024-02-14,daily,23,20,3,0,17,6.67,80,86.96,13.04,1.73,1.45,0,0,23,0,,0.00,0.00,0,1,0,23,1,,4.35,0.00,105,1,0,23,1,,4.35,0.00,-1,13,23,56.52,15,23,65.22,0,23,0.00,0,0,0,0,0,0,1,0,1,0,0,0,0,0,0,1,NASDAQ100,252
2024-02-15,daily,23,13,10,0,3,1.30,83,56.52,43.48,1.40,5.45,0,0,23,0,,0.00,0.00,0,3,1,23,2,3.00,13.04,4.35,107,3,1,23,2,3.00,13.04,4.35,1,14,23,60.87,13,23,56.52,0,23,0.00,0,0,0,0,0,0,0,0,0,0,0,0,0,0,0,1,NASDAQ100,252
2024-02-16,daily,23,2,21,0,-19,0.10,64,8.70,91.30,-0.86,1.36,0,0,23,0,,0.00,0.00,0,3,2,23,1,1.50,13.04,8.70,108,3,2,23,1,1.50,13.04,8.70,2,13,23,56.52,13,23,56.52,0,23,0.00,0,0,0,0,0,0,0,1,0,1,0,0,0,0,0,1,NASDAQ100,252
2024-02-20,daily,23,5,18,0,-13,0.28,51,21.74,78.26,-1.31,1.80,0,0,23,0,,0.00,0.00,0,1,4,23,-3,0.25,4.35,17.39,105,1,3,23,-2,0.33,4.35,13.04,0,11,23,47.83,13,23,56.52,0,23,0.00,0,0,0,0,0,0,0,1,0,1,0,0,0,0,0,1,NASDAQ100,252
2024-02-21,daily,23,11,12,0,-1,0.92,50,47.83,52.17,-0.28,1.24,0,0,23,0,,0.00,0.00,0,0,2,23,-2,0.00,0.00,8.70,103,0,1,23,-1,0.00,0.00,4.35,-1,11,23,47.83,14,23,60.87,0,23,0.00,0,0,0,0,0,0,0,0,0,0,0,0,0,0,0,1,NASDAQ100,252
2024-02-22,daily,23,22,1,0,21,22.00,71,95.65,4.35,3.20,3.75,0,0,23,0,,0.00,0.00,0,5,0,23,5,,21.74,0.00,108,5,0,23,5,,21.74,0.00,4,17,23,73.91,15,23,65.22,0,23,0.00,0,0,0,0,0,0,1,0,1,0,0,0,0,0,0,1,NASDAQ100,252
2024-02-23,daily,23,10,13,0,-3,0.77,68,43.48,56.52,-0.45,1.42,0,0,23,0,,0.00,0.00,0,5,0,23,5,,21.74,0.00,113,5,0,23,5,,21.74,0.00,9,16,23,69.57,16,23,69.57,0,23,0.00,0,0,0,0,0,0,0,0,0,0,0,0,0,0,0,1,NASDAQ100,252
2024-02-26,daily,23,11,12,0,-1,0.92,67,47.83,52.17,0.12,1.97,0,0,23,0,,0.00,0.00,0,3,0,23,3,,13.04,0.00,116,3,0,23,3,,13.04,0.00,12,16,23,69.57,15,23,65.22,0,23,0.00,0,0,0,0,0,0,0,0,0,0,0,0,0,0,0,1,NASDAQ100,252
2024-02-27,daily,23,13,10,0,3,1.30,70,56.52,43.48,0.49,1.40,0,0,23,0,,0.00,0.00,0,4,1,23,3,4.00,17.39,4.35,119,3,1,23,2,3.00,13.04,4.35,14,16,23,69.57,15,23,65.22,0,23,0.00,0,0,0,0,0,0,0,0,0,0,0,0,0,0,0,1,NASDAQ100,252
2024-02-28,daily,23,4,19,0,-15,0.21,55,17.39,82.61,-0.84,1.10,0,0,23,0,,0.00,0.00,0,1,2,23,-1,0.50,4.35,8.70,118,1,1,23,0,1.00,4.35,4.35,14,16,23,69.57,15,23,65.22,0,23,0.00,0,0,0,0,0,0,0,1,0,1,0,0,0,0,0,1,NASDAQ100,252
2024-02-29,daily,23,16,7,0,9,2.29,64,69.57,30.43,1.12,2.11,0,0,23,0,,0.00,0.00,0,3,1,23,2,3.00,13.04,4.35,120,3,1,23,2,3.00,13.04,4.35,16,17,23,73.91,14,23,60.87,0,23,0.00,0,0,0,0,0,0,1,0,0,0,0,0,0,0,0,1,NASDAQ100,252
2024-03-01,daily,23,18,5,0,13,3.60,77,78.26,21.74,1.70,2.36,0,0,23,0,,0.00,0.00,0,10,2,23,8,5.00,43.48,8.70,128,10,2,23,8,5.00,43.48,8.70,24,16,23,69.57,14,23,60.87,0,23,0.00,0,0,0,0,0,0,1,0,1,0,0,0,0,0,0,1,NASDAQ100,252
2024-03-04,daily,23,9,14,0,-5,0.64,72,39.13,60.87,-0.67,2.32,0,0,23,0,,0.00,0.00,0,11,3,23,8,3.67,47.83,13.04,136,11,3,23,8,3.67,47.83,13.04,32,16,23,69.57,14,23,60.87,0,23,0.00,0,0,0,0,0,0,0,0,0,0,0,0,0,0,0,1,NASDAQ100,252
2024-03-05,daily,23,4,19,0,-15,0.21,57,17.39,82.61,-1.46,1.57,0,0,23,0,,0.00,0.00,0,2,4,23,-2,0.50,8.70,17.39,134,2,4,23,-2,0.50,8.70,17.39,30,13,23,56.52,14,23,60.87,0,23,0.00,0,0,0,0,0,0,0,1,0,1,0,0,0,0,0,1,NASDAQ100,252
2024-03-06,daily,23,14,9,0,5,1.56,62,60.87,39.13,1.00,2.67,0,0,23,0,,0.00,0.00,0,8,3,23,5,2.67,34.78,13.04,139,8,3,23,5,2.67,34.78,13.04,35,15,23,65.22,15,23,65.22,0,23,0.00,0,0,0,0,0,0,0,0,0,0,0,0,0,0,0,1,NASDAQ100,252
2024-03-07,daily,23,19,4,0,15,4.75,77,82.61,17.39,1.61,1.75,0,0,23,0,,0.00,0.00,0,8,4,23,4,2.00,34.78,17.39,143,7,4,23,3,1.75,30.43,17.39,38,15,23,65.22,15,23,65.22,0,23,0.00,0,0,0,0,0,0,1,0,1,0,0,0,0,0,0,1,NASDAQ100,252
2024-03-08,daily,23,8,15,0,-7,0.53,70,34.78,65.22,-1.63,2.71,0,0,23,0,,0.00,0.00,0,5,1,23,4,5.00,21.74,4.35,147,4,1,23,3,4.00,17.39,4.35,41,15,23,65.22,15,23,65.22,0,23,0.00,0,0,0,0,0,0,0,0,0,0,0,0,0,0,0,1,NASDAQ100,252
2024-03-11,daily,23,10,13,0,-3,0.77,67,43.48,56.52,-0.84,2.23,0,0,23,0,,0.00,0.00,0,1,0,23,1,,4.35,0.00,148,0,0,23,0,,0.00,0.00,41,11,23,47.83,16,23,69.57,0,23,0.00,0,0,0,0,0,0,0,0,0,0,0,0,0,0,0,1,NASDAQ100,252
2024-03-12,daily,23,17,6,0,11,2.83,78,73.91,26.09,1.53,2.10,0,0,23,0,,0.00,0.00,0,1,1,23,0,1.00,4.35,4.35,148,0,1,23,-1,0.00,0.00,4.35,40,15,23,65.22,16,23,69.57,0,23,0.00,0,0,0,0,0,0,1,0,1,0,0,0,0,0,0,1,NASDAQ100,252
2024-03-13,daily,23,10,13,0,-3,0.77,75,43.48,56.52,-0.41,1.90,0,1,23,-1,0.00,0.00,4.35,-1,2,1,23,1,2.00,8.70,4.35,149,0,1,23,-1,0.00,0.00,4.35,39,16,23,69.57,16,23,69.57,0,23,0.00,0,0,0,0,0,0,0,0,0,0,0,0,0,0,0,1,NASDAQ100,252
2024-03-14,daily,23,11,12,0,-1,0.92,74,47.83,52.17,-0.31,1.84,1,1,23,0,1.00,4.35,4.35,-1,1,1,23,0,1.00,4.35,4.35,149,1,1,23,0,1.00,4.35,4.35,39,12,23,52.17,18,23,78.26,0,23,0.00,0,0,0,0,0,0,0,0,0,0,0,0,0,0,0,1,NASDAQ100,252
2024-03-15,daily,23,4,19,0,-15,0.21,59,17.39,82.61,-0.84,1.48,0,1,23,-1,0.00,0.00,4.35,-2,0,1,23,-1,0.00,0.00,4.35,148,0,1,23,-1,0.00,0.00,4.35,38,13,23,56.52,14,23,60.87,0,23,0.00,0,0,0,0,0,0,0,1,0,1,0,0,0,0,0,1,NASDAQ100,252
2024-03-18,daily,23,17,6,0,11,2.83,70,73.91,26.09,1.51,2.42,2,0,23,2,,8.70,0.00,0,4,1,23,3,4.00,17.39,4.35,151,2,0,23,2,,8.70,0.00,40,13,23,56.52,16,23,69.57,0,23,0.00,0,0,0,0,0,0,1,0,1,0,0,0,0,0,0,1,NASDAQ100,252
2024-03-19,daily,23,11,12,0,-1,0.92,69,47.83,52.17,-0.20,1.33,0,0,23,0,,0.00,0.00,0,0,0,23,0,,0.00,0.00,151,0,0,23,0,,0.00,0.00,40,15,23,65.22,16,23,69.57,0,23,0.00,0,0,0,0,0,0,0,0,0,0,0,0,0,0,0,1,NASDAQ100,252
2024-03-20,daily,23,20,3,0,17,6.67,86,86.96,13.04,1.45,1.30,2,0,23,2,,8.70,0.00,2,3,0,23,3,,13.04,0.00,154,2,0,23,2,,8.70,0.00,42,16,23,69.57,18,23,78.26,0,23,0.00,0,0,0,0,0,0,1,0,1,0,0,0,0,0,0,1,NASDAQ100,252
2024-03-21,daily,23,13,9,1,4,1.44,90,56.52,39.13,0.14,2.43,4,0,23,4,,17.39,0.00,6,5,0,23,5,,21.74,0.00,159,4,0,23,4,,17.39,0.00,46,16,23,69.57,18,23,78.26,0,23,0.00,0,0,0,0,0,0,0,0,0,0,0,0,0,0,0,1,NASDAQ100,252
2024-03-22,daily,23,12,11,0,1,1.09,91,52.17,47.83,-0.48,3.51,0,1,23,-1,0.00,0.00,4.35,5,0,2,23,-2,0.00,0.00,8.70,157,0,1,23,-1,0.00,0.00,4.35,45,16,23,69.57,16,23,69.57,0,23,0.00,0,0,0,0,0,0,0,0,0,0,0,0,0,0,0,1,NASDAQ100,252
2024-03-25,daily,23,7,16,0,-9,0.44,82,30.43,69.57,-0.31,1.27,0,1,23,-1,0.00,0.00,4.35,4,0,2,23,-2,0.00,0.00,8.70,155,0,1,23,-1,0.00,0.00,4.35,44,14,23,60.87,15,23,65.22,0,23,0.00,0,0,0,0,0,0,0,1,0,0,0,0,0,0,0,1,NASDAQ100,252
2024-03-26,daily,23,10,13,0,-3,0.77,79,43.48,56.52,-0.15,1.20,2,1,23,1,2.00,8.70,4.35,5,4,1,23,3,4.00,17.39,4.35,158,2,1,23,1,2.00,8.70,4.35,45,13,23,56.52,15,23,65.22,0,23,0.00,0,0,0,0,0,0,0,0,0,0,0,0,0,0,0,1,NASDAQ100,252
2024-03-27,daily,23,15,8,0,7,1.88,86,65.22,34.78,0.01,1.59,1,0,23,1,,4.35,0.00,6,3,0,23,3,,13.04,0.00,161,1,0,23,1,,4.35,0.00,46,14,23,60.87,15,23,65.22,0,23,0.00,0,0,0,0,0,0,0,0,0,0,0,0,0,0,0,1,NASDAQ100,252
2024-03-28,daily,23,12,11,0,1,1.09,87,52.17,47.83,-0.48,1.43,1,0,23,1,,4.35,0.00,7,2,0,23,2,,8.70,0.00,163,1,0,23,1,,4.35,0.00,47,13,23,56.52,17,23,73.91,0,23,0.00,0,0,0,0,0,0,0,0,0,0,0,0,0,0,0,1,NASDAQ100,252
2024-04-01,daily,23,13,10,0,3,1.30,90,56.52,43.48,0.52,1.38,3,1,23,2,3.00,13.04,4.35,9,3,2,23,1,1.50,13.04,8.70,164,3,1,23,2,3.00,13.04,4.35,49,15,23,65.22,17,23,73.91,0,23,0.00,0,0,0,0,0,0,0,0,0,0,0,0,0,0,0,1,NASDAQ100,252
2024-04-02,daily,23,2,21,0,-19,0.10,71,8.70,91.30,-1.09,1.35,0,2,23,-2,0.00,0.00,8.70,7,0,4,23,-4,0.00,0.00,17.39,160,0,2,23,-2,0.00,0.00,8.70,47,10,23,43.48,13,23,56.52,0,23,0.00,0,0,0,0,0,0,0,1,0,1,0,0,0,0,0,1,NASDAQ100,252
2024-04-03,daily,23,15,8,0,7,1.88,78,65.22,34.78,0.70,1.28,0,1,23,-1,0.00,0.00,4.35,6,0,2,23,-2,0.00,0.00,8.70,158,0,1,23,-1,0.00,0.00,4.35,46,12,23,52.17,13,23,56.52,0,23,0.00,0,0,0,0,0,0,0,0,0,0,0,0,0,0,0,1,NASDAQ100,252
2024-04-04,daily,23,3,20,0,-17,0.15,61,13.04,86.96,-1.75,2.06,5,2,23,3,2.50,21.74,8.70,9,5,4,23,1,1.25,21.74,17.39,159,5,2,23,3,2.50,21.74,8.70,49,9,23,39.13,12,23,52.17,0,23,0.00,0,0,0,0,0,0,0,1,0,1,0,0,0,0,0,1,NASDAQ100,252
2024-04-05,daily,23,20,3,0,17,6.67,78,86.96,13.04,1.36,1.54,3,3,23,0,1.00,13.04,13.04,9,3,5,23,-2,0.60,13.04,21.74,157,3,3,23,0,1.00,13.04,13.04,49,11,23,47.83,14,23,60.87,0,23,0.00,0,0,0,0,0,0,1,0,1,0,0,0,0,0,0,1,NASDAQ100,252
2024-04-08,daily,23,10,13,0,-3,0.77,75,43.48,56.52,0.36,1.56,4,0,23,4,,17.39,0.00,13,4,0,23,4,,17.39,0.00,161,4,0,23,4,,17.39,0.00,53,12,23,52.17,12,23,52.17,0,23,0.00,0,0,0,0,0,0,0,0,0,0,0,0,0,0,0,1,NASDAQ100,252
2024-04-09,daily,23,16,7,0,9,2.29,84,69.57,30.43,0.48,1.39,4,0,23,4,,17.39,0.00,17,6,1,23,5,6.00,26.09,4.35,166,4,0,23,4,,17.39,0.00,57,13,23,56.52,14,23,60.87,0,23,0.00,0,0,0,0,0,0,1,0,0,0,0,0,0,0,0,1,NASDAQ100,252
2024-04-10,daily,23,5,18,0,-13,0.28,71,21.74,78.26,-0.84,1.15,0,3,23,-3,0.00,0.00,13.04,14,0,4,23,-4,0.00,0.00,17.39,162,0,3,23,-3,0.00,0.00,13.04,54,12,23,52.17,14,23,60.87,0,23,0.00,0,0,0,0,0,0,0,1,0,1,0,0,0,0,0,1,NASDAQ100,252
2024-04-11,daily,23,22,1,0,21,22.00,92,95.65,4.35,1.83,1.19,4,1,23,3,4.00,17.39,4.35,17,4,1,23,3,4.00,17.39,4.35,165,4,1,23,3,4.00,17.39,4.35,57,17,23,73.91,15,23,65.22,0,23,0.00,0,0,0,0,0,0,1,0,1,0,0,0,0,0,0,1,NASDAQ100,252
2024-04-12,daily,23,1,22,0,-21,0.05,71,4.35,95.65,-1.88,1.38,2,1,23,1,2.00,8.70,4.35,18,2,2,23,0,1.00,8.70,8.70,165,2,1,23,1,2.00,8.70,4.35,58,11,23,47.83,13,23,56.52,0,23,0.00,0,0,0,0,0,0,0,1,0,1,0,0,0,0,0,1,NASDAQ100,252
2024-04-15,daily,23,0,23,0,-23,0.00,48,0.00,100.00,-1.89,1.43,0,2,23,-2,0.00,0.00,8.70,16,0,6,23,-6,0.00,0.00,26.09,159,0,2,23,-2,0.00,0.00,8.70,56,5,23,21.74,10,23,43.48,0,23,0.00,0,0,0,0,0,0,0,1,0,1,0,0,0,0,0,1,NASDAQ100,252
2024-04-16,daily,23,10,13,0,-3,0.77,45,43.48,56.52,0.15,1.22,0,3,23,-3,0.00,0.00,13.04,13,0,7,23,-7,0.00,0.00,30.43,152,0,3,23,-3,0.00,0.00,13.04,53,5,23,21.74,11,23,47.83,0,23,0.00,0,0,0,0,0,0,0,0,0,0,0,0,0,0,0,1,NASDAQ100,252
2024-04-17,daily,23,5,18,0,-13,0.28,32,21.74,78.26,-1.36,2.09,0,1,23,-1,0.00,0.00,4.35,12,0,8,23,-8,0.00,0.00,34.78,144,0,2,23,-2,0.00,0.00,8.70,51,3,23,13.04,9,23,39.13,0,23,0.00,0,0,0,0,0,0,0,1,0,1,0,1,0,0,0,1,NASDAQ100,252
2024-04-18,daily,23,9,14,0,-5,0.64,27,39.13,60.87,-0.56,1.28,0,3,23,-3,0.00,0.00,13.04,9,0,11,23,-11,0.00,0.00,47.83,133,0,4,23,-4,0.00,0.00,17.39,47,3,23,13.04,8,23,34.78,0,23,0.00,0,0,0,0,0,0,0,0,0,0,0,1,0,0,0,1,NASDAQ100,252
2024-04-19,daily,23,5,18,0,-13,0.28,14,21.74,78.26,-2.21,3.01,0,3,23,-3,0.00,0.00,13.04,6,0,16,23,-16,0.00,0.00,69.57,117,0,4,23,-4,0.00,0.00,17.39,43,4,23,17.39,5,23,21.74,0,23,0.00,0,0,0,0,0,0,0,1,0,1,0,1,0,0,0,1,NASDAQ100,252
2024-04-22,daily,23,20,3,0,17,6.67,31,86.96,13.04,1.44,2.24,1,1,23,0,1.00,4.35,4.35,6,3,5,23,-2,0.60,13.04,21.74,115,1,1,23,0,1.00,4.35,4.35,43,5,23,21.74,6,23,26.09,0,23,0.00,0,0,0,0,0,0,1,0,1,0,0,0,0,0,0,1,NASDAQ100,252
2024-04-23,daily,23,23,0,0,23,,54,100.00,0.00,1.96,1.30,1,0,23,1,,4.35,0.00,7,2,0,23,2,,8.70,0.00,117,1,0,23,1,,4.35,0.00,44,8,23,34.78,8,23,34.78,0,23,0.00,0,0,0,0,0,0,0,0,1,0,0,0,0,0,0,1,NASDAQ100,252
2024-04-24,daily,23,11,12,0,-1,0.92,53,47.83,52.17,0.18,2.91,1,0,23,1,,4.35,0.00,8,2,0,23,2,,8.70,0.00,119,1,0,23,1,,4.35,0.00,45,8,23,34.78,6,23,26.09,0,23,0.00,0,0,0,0,0,0,0,0,0,0,0,0,0,0,0,1,NASDAQ100,252
2024-04-25,daily,23,9,14,0,-5,0.64,48,39.13,60.87,-0.10,3.14,1,0,23,1,,4.35,0.00,9,2,4,23,-2,0.50,8.70,17.39,117,1,1,23,0,1.00,4.35,4.35,45,9,23,39.13,6,23,26.09,0,23,0.00,0,0,0,0,0,0,0,0,0,0,0,0,0,0,0,1,NASDAQ100,252
2024-04-26,daily,23,18,5,0,13,3.60,61,78.26,21.74,2.42,3.17,2,0,23,2,,8.70,0.00,11,2,1,23,1,2.00,8.70,4.35,118,2,0,23,2,,8.70,0.00,47,12,23,52.17,11,23,47.83,0,23,0.00,0,0,0,0,0,0,1,0,1,0,0,0,0,0,0,1,NASDAQ100,252
2024-04-29,daily,23,10,13,0,-3,0.77,58,43.48,56.52,0.47,3.61,1,0,23,1,,4.35,0.00,12,2,1,23,1,2.00,8.70,4.35,119,1,0,23,1,,4.35,0.00,48,15,23,65.22,13,23,56.52,0,23,0.00,0,0,0,0,0,0,0,0,0,0,0,0,0,0,0,1,NASDAQ100,252
2024-04-30,daily,23,1,22,0,-21,0.05,37,4.35,95.65,-1.93,1.44,0,1,23,-1,0.00,0.00,4.35,11,0,1,23,-1,0.00,0.00,4.35,118,0,1,23,-1,0.00,0.00,4.35,47,11,23,47.83,8,23,34.78,0,23,0.00,0,0,0,0,0,0,0,1,0,1,0,0,0,0,0,1,NASDAQ100,252
2024-05-01,daily,23,11,12,0,-1,0.92,36,47.83,52.17,-0.69,2.46,1,1,23,0,1.00,4.35,4.35,11,3,3,23,0,1.00,13.04,13.04,118,1,3,23,-2,0.33,4.35,13.04,45,10,23,43.48,9,23,39.13,0,23,0.00,0,0,0,0,0,0,0,0,0,0,0,0,0,0,0,1,NASDAQ100,252
2024-05-02,daily,23,18,5,0,13,3.60,49,78.26,21.74,2.01,2.88,1,1,23,0,1.00,4.35,4.35,11,2,2,23,0,1.00,8.70,8.70,118,1,2,23,-1,0.50,4.35,8.70,44,14,23,60.87,12,23,52.17,0,23,0.00,0,0,0,0,0,0,1,0,1,0,0,0,0,0,0,1,NASDAQ100,252
2024-05-03,daily,23,21,2,0,19,10.50,68,91.30,8.70,2.35,2.57,1,0,23,1,,4.35,0.00,12,6,0,23,6,,26.09,0.00,124,1,0,23,1,,4.35,0.00,45,16,23,69.57,13,23,56.52,0,23,0.00,0,0,0,0,0,0,1,0,1,0,0,0,0,0,0,1,NASDAQ100,252
2024-05-06,daily,23,16,7,0,9,2.29,77,69.57,30.43,1.22,2.38,0,0,23,0,,0.00,0.00,12,4,0,23,4,,17.39,0.00,128,0,0,23,0,,0.00,0.00,45,18,23,78.26,15,23,65.22,0,23,0.00,0,0,0,0,0,0,1,0,0,0,0,0,0,0,0,1,NASDAQ100,252
2024-05-07,daily,23,12,11,0,1,1.09,78,52.17,47.83,-0.63,3.42,2,0,23,2,,8.70,0.00,14,3,0,23,3,,13.04,0.00,131,2,0,23,2,,8.70,0.00,47,16,23,69.57,14,23,60.87,0,23,0.00,0,0,0,0,0,0,0,0,0,0,0,0,0,0,0,1,NASDAQ100,252
2024-05-08,daily,23,13,10,0,3,1.30,81,56.52,43.48,-0.09,1.41,1,0,23,1,,4.35,0.00,15,2,0,23,2,,8.70,0.00,133,1,0,23,1,,4.35,0.00,48,19,23,82.61,15,23,65.22,0,23,0.00,0,0,0,0,0,0,0,0,0,0,1,0,0,0,0,1,NASDAQ100,252
2024-05-09,daily,23,15,8,0,7,1.88,88,65.22,34.78,0.77,3.23,3,0,23,3,,13.04,0.00,18,4,0,23,4,,17.39,0.00,137,3,0,23,3,,13.04,0.00,51,21,23,91.30,14,23,60.87,0,23,0.00,0,0,0,0,0,0,0,0,0,0,1,0,0,0,0,1,NASDAQ100,252
2024-05-10,daily,23,11,12,0,-1,0.92,87,47.83,52.17,0.03,1.18,2,0,23,2,,8.70,0.00,20,2,0,23,2,,8.70,0.00,139,2,0,23,2,,8.70,0.00,53,20,23,86.96,16,23,69.57,0,23,0.00,0,0,0,0,0,0,0,0,0,0,1,0,0,0,0,1,NASDAQ100,252
2024-05-13,daily,23,12,11,0,1,1.09,88,52.17,47.83,0.14,1.31,2,0,23,2,,8.70,0.00,22,5,0,23,5,,21.74,0.00,144,3,0,23,3,,13.04,0.00,56,20,23,86.96,17,23,73.91,0,23,0.00,0,0,0,0,0,0,0,0,0,0,1,0,0,0,0,1,NASDAQ100,252
2024-05-14,daily,23,17,6,0,11,2.83,99,73.91,26.09,0.68,1.47,1,0,23,1,,4.35,0.00,23,4,0,23,4,,17.39,0.00,148,2,0,23,2,,8.70,0.00,58,20,23,86.96,16,23,69.57,0,23,0.00,0,0,0,0,0,0,1,0,1,0,1,0,0,0,0,1,NASDAQ100,252
2024-05-15,daily,23,18,5,0,13,3.60,112,78.26,21.74,1.45,1.69,3,0,23,3,,13.04,0.00,26,9,0,23,9,,39.13,0.00,157,4,0,23,4,,17.39,0.00,62,20,23,86.96,18,23,78.26,0,23,0.00,0,0,0,0,0,0,1,0,1,0,1,0,0,0,0,1,NASDAQ100,252
2024-05-16,daily,23,9,14,0,-5,0.64,107,39.13,60.87,-0.39,1.21,3,0,23,3,,13.04,0.00,29,10,1,23,9,10.00,43.48,4.35,166,4,0,23,4,,17.39,0.00,66,20,23,86.96,17,23,73.91,0,23,0.00,0,0,0,0,0,0,0,0,0,0,1,0,0,0,0,1,NASDAQ100,252
2024-05-17,daily,23,14,9,0,5,1.56,112,60.87,39.13,0.21,0.98,2,0,23,2,,8.70,0.00,31,5,1,23,4,5.00,21.74,4.35,170,3,0,23,3,,13.04,0.00,69,21,23,91.30,17,23,73.91,0,23,0.00,0,0,0,0,0,0,0,0,0,0,1,0,0,0,0,1,NASDAQ100,252
2024-05-20,daily,23,15,8,0,7,1.88,119,65.22,34.78,0.46,1.42,4,1,23,3,4.00,17.39,4.35,34,7,1,23,6,7.00,30.43,4.35,176,5,1,23,4,5.00,21.74,4.35,73,20,23,86.96,18,23,78.26,0,23,0.00,0,0,0,0,0,0,0,0,0,0,1,0,0,0,0,1,NASDAQ100,252
2024-05-21,daily,23,13,10,0,3,1.30,122,56.52,43.48,0.35,1.76,4,1,23,3,4.00,17.39,4.35,37,6,1,23,5,6.00,26.09,4.35,181,5,1,23,4,5.00,21.74,4.35,77,19,23,82.61,17,23,73.91,0,23,0.00,0,0,0,0,0,0,0,0,0,0,1,0,0,0,0,1,NASDAQ100,252
2024-05-22,daily,23,8,15,0,-7,0.53,115,34.78,65.22,-0.78,1.98,4,1,23,3,4.00,17.39,4.35,40,7,1,23,6,7.00,30.43,4.35,187,5,1,23,4,5.00,21.74,4.35,81,19,23,82.61,17,23,73.91,0,23,0.00,0,0,0,0,0,0,0,0,0,0,1,0,0,0,0,1,NASDAQ100,252
2024-05-23,daily,23,5,18,0,-13,0.28,102,21.74,78.26,-0.38,2.62,6,2,23,4,3.00,26.09,8.70,44,8,2,23,6,4.00,34.78,8.70,193,6,2,23,4,3.00,26.09,8.70,85,18,23,78.26,16,23,69.57,18,23,78.26,0,0,0,0,0,0,0,1,0,1,0,0,0,0,0,0,NASDAQ100,252
2024-05-24,daily,23,20,3,0,17,6.67,119,86.96,13.04,1.64,1.30,5,1,23,4,5.00,21.74,4.35,48,5,1,23,4,5.00,21.74,4.35,197,5,1,23,4,5.00,21.74,4.35,89,19,23,82.61,18,23,78.26,18,23,78.26,0,0,0,0,0,0,1,0,1,0,1,0,0,0,0,0,NASDAQ100,252
2024-05-28,daily,23,16,7,0,9,2.29,128,69.57,30.43,0.31,2.34,3,2,23,1,1.50,13.04,8.70,49,6,2,23,4,3.00,26.09,8.70,201,4,2,23,2,2.00,17.39,8.70,91,16,23,69.57,19,23,82.61,19,23,82.61,0,0,0,0,0,0,1,0,0,0,0,0,1,0,1,0,NASDAQ100,252
2024-05-29,daily,23,7,16,0,-9,0.44,119,30.43,69.57,-0.53,1.31,3,1,23,2,3.00,13.04,4.35,51,3,1,23,2,3.00,13.04,4.35,203,3,1,23,2,3.00,13.04,4.35,93,16,23,69.57,18,23,78.26,18,23,78.26,0,0,0,0,0,0,0,1,0,0,0,0,0,0,0,0,NASDAQ100,252
2024-05-30,daily,23,13,10,0,3,1.30,122,56.52,43.48,-0.21,1.85,4,0,23,4,,17.39,0.00,55,4,1,23,3,4.00,17.39,4.35,206,4,0,23,4,,17.39,0.00,97,14,23,60.87,17,23,73.91,19,23,82.61,0,0,0,0,0,0,0,0,0,0,0,0,0,0,1,0,NASDAQ100,252
2024-05-31,daily,23,10,13,0,-3,0.77,119,43.48,56.52,-0.01,1.34,1,0,23,1,,4.35,0.00,56,1,1,23,0,1.00,4.35,4.35,206,1,0,23,1,,4.35,0.00,98,13,23,56.52,16,23,69.57,19,23,82.61,0,0,0,0,0,0,0,0,0,0,0,0,0,0,1,0,NASDAQ100,252
2024-06-03,daily,23,14,9,0,5,1.56,124,60.87,39.13,0.19,1.57,3,0,23,3,,13.04,0.00,59,4,0,23,4,,17.39,0.00,210,4,0,23,4,,17.39,0.00,102,15,23,65.22,16,23,69.57,18,23,78.26,0,0,0,0,0,0,0,0,0,0,0,0,0,0,0,0,NASDAQ100,252
2024-06-04,daily,23,14,9,0,5,1.56,129,60.87,39.13,0.34,1.33,4,0,23,4,,17.39,0.00,63,5,0,23,5,,21.74,0.00,215,5,0,23,5,,21.74,0.00,107,14,23,60.87,17,23,73.91,19,23,82.61,0,0,0,0,0,0,0,0,0,0,0,0,0,0,1,0,NASDAQ100,252
2024-06-05,daily,23,21,2,0,19,10.50,148,91.30,8.70,2.09,2.68,6,1,23,5,6.00,26.09,4.35,68,9,1,23,8,9.00,39.13,4.35,223,6,1,23,5,6.00,26.09,4.35,112,17,23,73.91,20,23,86.96,19,23,82.61,0,0,0,0,0,0,1,0,1,0,0,0,1,0,1,0,NASDAQ100,252
2024-06-06,daily,23,14,9,0,5,1.56,153,60.87,39.13,0.54,1.44,6,0,23,6,,26.09,0.00,74,8,0,23,8,,34.78,0.00,231,6,0,23,6,,26.09,0.00,118,20,23,86.96,21,23,91.30,19,23,82.61,0,0,0,0,0,0,0,0,0,0,1,0,1,0,1,0,NASDAQ100,252
2024-06-07,daily,23,6,17,0,-11,0.35,142,26.09,73.91,-0.57,0.90,3,0,23,3,,13.04,0.00,77,3,0,23,3,,13.04,0.00,234,3,0,23,3,,13.04,0.00,121,18,23,78.26,21,23,91.30,19,23,82.61,0,0,0,0,0,0,0,1,0,1,0,0,1,0,1,0,NASDAQ100,252
2024-06-10,daily,23,17,6,0,11,2.83,153,73.91,26.09,0.21,1.64,2,1,23,1,2.00,8.70,4.35,78,2,1,23,1,2.00,8.70,4.35,235,2,1,23,1,2.00,8.70,4.35,122,18,23,78.26,20,23,86.96,19,23,82.61,0,0,0,0,0,0,1,0,1,0,0,0,1,0,1,0,NASDAQ100,252
2024-06-11,daily,23,11,12,0,-1,0.92,152,47.83,52.17,0.15,2.06,3,0,23,3,,13.04,0.00,81,6,2,23,4,3.00,26.09,8.70,239,3,0,23,3,,13.04,0.00,125,17,23,73.91,18,23,78.26,19,23,82.61,0,0,0,0,0,0,0,0,0,0,0,0,0,0,1,0,NASDAQ100,252
2024-06-12,daily,23,16,7,0,9,2.29,161,69.57,30.43,0.99,1.83,9,0,23,9,,39.13,0.00,90,12,0,23,12,,52.17,0.00,251,9,0,23,9,,39.13,0.00,134,18,23,78.26,19,23,82.61,19,23,82.61,0,0,0,0,0,0,1,0,0,0,0,0,1,0,1,0,NASDAQ100,252
2024-06-13,daily,23,9,14,0,-5,0.64,156,39.13,60.87,0.32,2.95,3,1,23,2,3.00,13.04,4.35,92,4,2,23,2,2.00,17.39,8.70,253,3,1,23,2,3.00,13.04,4.35,136,18,23,78.26,19,23,82.61,19,23,82.61,0,0,0,0,0,0,0,0,0,0,0,0,1,0,1,0,NASDAQ100,252
2024-06-14,daily,23,15,8,0,7,1.88,163,65.22,34.78,0.32,1.43,4,1,23,3,4.00,17.39,4.35,95,4,1,23,3,4.00,17.39,4.35,256,4,1,23,3,4.00,17.39,4.35,139,18,23,78.26,19,23,82.61,19,23,82.61,0,0,0,0,0,0,0,0,0,0,0,0,1,0,1,0,NASDAQ100,252
2024-06-17,daily,23,19,4,0,15,4.75,178,82.61,17.39,1.47,1.93,7,1,23,6,7.00,30.43,4.35,101,8,2,23,6,4.00,34.78,8.70,262,7,1,23,6,7.00,30.43,4.35,145,18,23,78.26,20,23,86.96,20,23,86.96,0,0,0,0,0,0,1,0,1,0,0,0,1,0,1,0,NASDAQ100,252
2024-06-18,daily,23,12,11,0,1,1.09,179,52.17,47.83,0.10,1.75,6,0,23,6,,26.09,0.00,107,7,1,23,6,7.00,30.43,4.35,268,7,0,23,7,,30.43,0.00,152,17,23,73.91,19,23,82.61,20,23,86.96,0,0,0,0,0,0,0,0,0,0,0,0,1,0,1,0,NASDAQ100,252
2024-06-20,daily,23,8,15,0,-7,0.53,172,34.78,65.22,-0.68,2.19,3,0,23,3,,13.04,0.00,110,4,0,23,4,,17.39,0.00,272,4,0,23,4,,17.39,0.00,156,19,23,82.61,20,23,86.96,19,23,82.61,0,0,0,0,0,0,0,0,0,0,1,0,1,0,1,0,NASDAQ100,252
2024-06-21,daily,23,12,11,0,1,1.09,173,52.17,47.83,-0.46,2.08,2,0,23,2,,8.70,0.00,112,5,0,23,5,,21.74,0.00,277,2,0,23,2,,8.70,0.00,158,19,23,82.61,22,23,95.65,19,23,82.61,0,0,0,0,0,0,0,0,0,0,1,0,1,0,1,0,NASDAQ100,252
2024-06-24,daily,23,8,15,0,-7,0.53,166,34.78,65.22,-0.90,2.23,2,0,23,2,,8.70,0.00,114,4,0,23,4,,17.39,0.00,281,2,0,23,2,,8.70,0.00,160,17,23,73.91,22,23,95.65,19,23,82.61,0,0,0,0,0,0,0,0,0,0,0,0,1,0,1,0,NASDAQ100,252
2024-06-25,daily,23,18,4,1,14,4.50,180,78.26,17.39,1.29,1.82,4,0,23,4,,17.39,0.00,118,4,1,23,3,4.00,17.39,4.35,284,4,0,23,4,,17.39,0.00,164,19,23,82.61,22,23,95.65,20,23,86.96,0,0,0,0,0,0,1,0,1,0,1,0,1,0,1,0,NASDAQ100,252
2024-06-26,daily,23,10,13,0,-3,0.77,177,43.48,56.52,-0.07,1.75,5,0,23,5,,21.74,0.00,123,7,2,23,5,3.50,30.43,8.70,289,5,0,23,5,,21.74,0.00,169,16,23,69.57,19,23,82.61,20,23,86.96,0,0,0,0,0,0,0,0,0,0,0,0,1,0,1,0,NASDAQ100,252
2024-06-27,daily,23,17,6,0,11,2.83,188,73.91,26.09,0.50,1.78,5,0,23,5,,21.74,0.00,128,7,2,23,5,3.50,30.43,8.70,294,5,0,23,5,,21.74,0.00,174,18,23,78.26,21,23,91.30,19,23,82.61,0,0,0,0,0,0,1,0,1,0,0,0,1,0,1,0,NASDAQ100,252
2024-06-28,daily,23,8,15,0,-7,0.53,181,34.78,65.22,-0.52,1.36,1,0,23,1,,4.35,0.00,129,3,2,23,1,1.50,13.04,8.70,295,2,0,23,2,,8.70,0.00,176,16,23,69.57,21,23,91.30,19,23,82.61,0,0,0,0,0,0,0,0,0,0,0,0,1,0,1,0,NASDAQ100,252
2024-07-01,daily,23,17,6,0,11,2.83,192,73.91,26.09,0.86,1.77,2,0,23,2,,8.70,0.00,131,3,3,23,0,1.00,13.04,13.04,295,3,0,23,3,,13.04,0.00,179,16,23,69.57,20,23,86.96,19,23,82.61,0,0,0,0,0,0,1,0,1,0,0,0,1,0,1,0,NASDAQ100,252
2024-07-02,daily,23,16,7,0,9,2.29,201,69.57,30.43,1.01,2.33,3,0,23,3,,13.04,0.00,134,4,1,23,3,4.00,17.39,4.35,298,4,0,23,4,,17.39,0.00,183,18,23,78.26,20,23,86.96,20,23,86.96,0,0,0,0,0,0,1,0,0,0,0,0,1,0,1,0,NASDAQ100,252
2024-07-03,daily,23,15,8,0,7,1.88,208,65.22,34.78,1.04,2.05,4,0,23,4,,17.39,0.00,138,5,0,23,5,,21.74,0.00,303,5,0,23,5,,21.74,0.00,188,19,23,82.61,20,23,86.96,20,23,86.96,0,0,0,0,0,0,0,0,0,0,1,0,1,0,1,0,NASDAQ100,252
2024-07-05,daily,23,17,6,0,11,2.83,219,73.91,26.09,1.37,2.03,11,0,23,11,,47.83,0.00,149,13,0,23,13,,56.52,0.00,316,12,0,23,12,,52.17,0.00,200,19,23,82.61,19,23,82.61,21,23,91.30,0,0,0,0,0,0,1,0,1,0,1,0,1,0,1,0,NASDAQ100,252
2024-07-08,daily,23,10,13,0,-3,0.77,216,43.48,56.52,0.07,1.42,7,0,23,7,,30.43,0.00,156,8,1,23,7,8.00,34.78,4.35,323,8,0,23,8,,34.78,0.00,208,18,23,78.26,19,23,82.61,21,23,91.30,0,0,0,0,0,0,0,0,0,0,0,0,1,0,1,0,NASDAQ100,252
2024-07-09,daily,23,8,14,1,-6,0.57,210,34.78,60.87,0.05,1.32,6,1,23,5,6.00,26.09,4.35,161,7,2,23,5,3.50,30.43,8.70,328,7,1,23,6,7.00,30.43,4.35,214,18,23,78.26,19,23,82.61,21,23,91.30,0,0,0,0,0,0,0,0,0,0,0,0,1,0,1,0,NASDAQ100,252
2024-07-10,daily,23,19,4,0,15,4.75,225,82.61,17.39,1.13,1.35,6,1,23,5,6.00,26.09,4.35,166,8,1,23,7,8.00,34.78,4.35,335,7,1,23,6,7.00,30.43,4.35,220,20,23,86.96,19,23,82.61,21,23,91.30,0,0,0,0,0,0,1,0,1,0,1,0,1,0,1,0,NASDAQ100,252
2024-07-11,daily,23,5,18,0,-13,0.28,212,21.74,78.26,-2.31,2.31,5,0,23,5,,21.74,0.00,171,5,0,23,5,,21.74,0.00,340,5,0,23,5,,21.74,0.00,225,16,23,69.57,20,23,86.96,21,23,91.30,0,0,0,0,0,0,0,1,0,1,0,0,1,0,1,0,NASDAQ100,252
2024-07-12,daily,23,14,9,0,5,1.56,217,60.87,39.13,0.74,1.40,1,0,23,1,,4.35,0.00,172,2,0,23,2,,8.70,0.00,342,1,0,23,1,,4.35,0.00,226,18,23,78.26,21,23,91.30,21,23,91.30,0,0,0,0,0,0,0,0,0,0,0,0,1,0,1,0,NASDAQ100,252
2024-07-15,daily,23,13,10,0,3,1.30,220,56.52,43.48,0.17,1.70,2,1,23,1,2.00,8.70,4.35,173,3,1,23,2,3.00,13.04,4.35,344,2,1,23,1,2.00,8.70,4.35,227,14,23,60.87,21,23,91.30,21,23,91.30,0,0,0,0,0,0,0,0,0,0,0,0,1,0,1,0,NASDAQ100,252
2024-07-16,daily,23,12,10,1,2,1.20,222,52.17,43.48,-0.17,1.16,2,1,23,1,2.00,8.70,4.35,174,3,2,23,1,1.50,13.04,8.70,345,2,1,23,1,2.00,8.70,4.35,228,14,23,60.87,20,23,86.96,21,23,91.30,0,0,0,0,0,0,0,0,0,0,0,0,1,0,1,0,NASDAQ100,252
2024-07-17,daily,23,5,18,0,-13,0.28,209,21.74,78.26,-3.29,3.94,2,0,23,2,,8.70,0.00,176,3,8,23,-5,0.38,13.04,34.78,340,2,0,23,2,,8.70,0.00,230,7,23,30.43,15,23,65.22,18,23,78.26,0,0,0,0,0,0,0,1,0,1,0,0,0,0,0,0,NASDAQ100,252
2024-07-18,daily,23,7,16,0,-9,0.44,200,30.43,69.57,-0.53,1.72,2,0,23,2,,8.70,0.00,178,3,10,23,-7,0.30,13.04,43.48,333,2,0,23,2,,8.70,0.00,232,6,23,26.09,10,23,43.48,19,23,82.61,0,0,0,0,0,0,0,1,0,0,0,0,0,0,1,0,NASDAQ100,252
2024-07-19,daily,23,8,15,0,-7,0.53,193,34.78,65.22,-0.48,2.56,1,1,23,0,1.00,4.35,4.35,178,1,7,23,-6,0.14,4.35,30.43,327,1,1,23,0,1.00,4.35,4.35,232,8,23,34.78,11,23,47.83,18,23,78.26,0,0,0,0,0,0,0,0,0,0,0,0,0,0,0,0,NASDAQ100,252
2024-07-22,daily,23,18,5,0,13,3.60,206,78.26,21.74,1.72,1.96,1,0,23,1,,4.35,0.00,179,1,0,23,1,,4.35,0.00,328,1,0,23,1,,4.35,0.00,233,6,23,26.09,15,23,65.22,20,23,86.96,0,0,0,0,0,0,1,0,1,0,0,0,0,0,1,0,NASDAQ100,252
2024-07-23,daily,23,11,12,0,-1,0.92,205,47.83,52.17,-0.20,1.03,0,0,23,0,,0.00,0.00,179,0,0,23,0,,0.00,0.00,328,0,0,23,0,,0.00,0.00,233,7,23,30.43,14,23,60.87,18,23,78.26,0,0,0,0,0,0,0,0,0,0,0,0,0,0,0,0,NASDAQ100,252
2024-07-24,daily,23,4,19,0,-15,0.21,190,17.39,82.61,-3.91,3.39,0,1,23,-1,0.00,0.00,4.35,178,0,10,23,-10,0.00,0.00,43.48,318,0,1,23,-1,0.00,0.00,4.35,232,3,23,13.04,8,23,34.78,17,23,73.91,0,0,0,0,0,0,0,1,0,1,0,1,0,0,0,0,NASDAQ100,252
2024-07-25,daily,23,3,20,0,-17,0.15,173,13.04,86.96,-1.86,2.18,1,1,23,0,1.00,4.35,4.35,178,1,15,23,-14,0.07,4.35,65.22,304,1,2,23,-1,0.50,4.35,8.70,231,3,23,13.04,8,23,34.78,17,23,73.91,0,0,0,0,0,0,0,1,0,1,0,1,0,0,0,0,NASDAQ100,252
2024-07-26,daily,23,18,5,0,13,3.60,186,78.26,21.74,1.04,1.09,0,0,23,0,,0.00,0.00,178,0,6,23,-6,0.00,0.00,26.09,298,0,0,23,0,,0.00,0.00,231,2,23,8.70,7,23,30.43,17,23,73.91,0,0,0,0,0,0,1,0,1,0,0,1,0,0,0,0,NASDAQ100,252
2024-07-29,daily,23,12,11,0,1,1.09,187,52.17,47.83,0.13,1.59,0,0,23,0,,0.00,0.00,178,1,1,23,0,1.00,4.35,4.35,298,0,0,23,0,,0.00,0.00,231,4,23,17.39,7,23,30.43,18,23,78.26,0,0,0,0,0,0,0,0,0,0,0,1,0,0,0,0,NASDAQ100,252
2024-07-30,daily,23,5,18,0,-13,0.28,174,21.74,78.26,-1.74,2.13,0,0,23,0,,0.00,0.00,178,0,8,23,-8,0.00,0.00,34.78,290,0,1,23,-1,0.00,0.00,4.35,230,2,23,8.70,6,23,26.09,17,23,73.91,0,0,0,0,0,0,0,1,0,1,0,1,0,0,0,0,NASDAQ100,252
2024-07-31,daily,23,21,2,0,19,10.50,193,91.30,8.70,3.47,3.70,0,0,23,0,,0.00,0.00,178,1,1,23,0,1.00,4.35,4.35,290,0,0,23,0,,0.00,0.00,230,5,23,21.74,9,23,39.13,20,23,86.96,0,0,0,0,0,0,1,0,1,0,0,0,0,0,1,0,NASDAQ100,252
2024-08-01,daily,23,5,18,0,-13,0.28,180,21.74,78.26,-2.20,3.80,2,1,23,1,2.00,8.70,4.35,179,2,3,23,-1,0.67,8.70,13.04,289,2,2,23,0,1.00,8.70,8.70,230,6,23,26.09,9,23,39.13,16,23,69.57,0,0,0,0,0,0,0,1,0,1,0,0,0,0,0,0,NASDAQ100,252
2024-08-02,daily,23,4,19,0,-15,0.21,165,17.39,82.61,-2.49,2.96,2,1,23,1,2.00,8.70,4.35,180,2,11,23,-9,0.18,8.70,47.83,280,2,5,23,-3,0.40,8.70,21.74,227,5,23,21.74,6,23,26.09,15,23,65.22,0,0,0,0,0,0,0,1,0,1,0,0,0,0,0,0,NASDAQ100,252
2024-08-05,daily,23,2,21,0,-19,0.10,146,8.70,91.30,-2.55,1.92,0,2,23,-2,0.00,0.00,8.70,178,0,18,23,-18,0.00,0.00,78.26,262,0,10,23,-10,0.00,0.00,43.48,217,2,23,8.70,4,23,17.39,11,23,47.83,0,0,0,0,0,0,0,1,0,1,0,1,0,1,0,0,NASDAQ100,252
2024-08-06,daily,23,18,5,0,13,3.60,159,78.26,21.74,1.69,2.60,0,0,23,0,,0.00,0.00,178,0,1,23,-1,0.00,0.00,4.35,261,0,0,23,0,,0.00,0.00,217,5,23,21.74,6,23,26.09,13,23,56.52,0,0,0,0,0,0,1,0,1,0,0,0,0,0,0,0,NASDAQ100,252
2024-08-07,daily,23,9,14,0,-5,0.64,154,39.13,60.87,-1.10,2.06,1,0,23,1,,4.35,0.00,179,1,1,23,0,1.00,4.35,4.35,261,1,0,23,1,,4.35,0.00,218,5,23,21.74,4,23,17.39,10,23,43.48,0,0,0,0,0,0,0,0,0,0,0,0,0,1,0,0,NASDAQ100,252
2024-08-08,daily,23,23,0,0,23,,177,100.00,0.00,4.22,3.18,0,0,23,0,,0.00,0.00,179,0,0,23,0,,0.00,0.00,261,0,0,23,0,,0.00,0.00,218,7,23,30.43,6,23,26.09,16,23,69.57,0,0,0,0,0,0,0,0,1,0,0,0,0,0,0,0,NASDAQ100,252
2024-08-09,daily,23,14,9,0,5,1.56,182,60.87,39.13,0.35,1.11,3,0,23,3,,13.04,0.00,182,4,0,23,4,,17.39,0.00,265,3,0,23,3,,13.04,0.00,221,9,23,39.13,8,23,34.78,16,23,69.57,0,0,0,0,0,0,0,0,0,0,0,0,0,0,0,0,NASDAQ100,252
2024-08-12,daily,23,11,12,0,-1,0.92,181,47.83,52.17,0.05,1.63,3,1,23,2,3.00,13.04,4.35,184,5,1,23,4,5.00,21.74,4.35,269,3,1,23,2,3.00,13.04,4.35,223,8,23,34.78,9,23,39.13,16,23,69.57,0,0,0,0,0,0,0,0,0,0,0,0,0,0,0,0,NASDAQ100,252
2024-08-13,daily,23,23,0,0,23,,204,100.00,0.00,2.40,1.92,3,0,23,3,,13.04,0.00,187,5,0,23,5,,21.74,0.00,274,3,0,23,3,,13.04,0.00,226,12,23,52.17,10,23,43.48,16,23,69.57,0,0,0,0,0,0,0,0,1,0,0,0,0,0,0,0,NASDAQ100,252
2024-08-14,daily,23,12,11,0,1,1.09,205,52.17,47.83,0.18,1.86,4,0,23,4,,17.39,0.00,191,7,0,23,7,,30.43,0.00,281,4,0,23,4,,17.39,0.00,230,14,23,60.87,12,23,52.17,16,23,69.57,0,0,0,0,0,0,0,0,0,0,0,0,0,0,0,0,NASDAQ100,252
2024-08-15,daily,23,22,1,0,21,22.00,226,95.65,4.35,2.72,2.30,3,0,23,3,,13.04,0.00,194,9,0,23,9,,39.13,0.00,290,4,0,23,4,,17.39,0.00,234,19,23,82.61,15,23,65.22,20,23,86.96,0,0,0,0,0,0,1,0,1,0,1,0,0,0,1,0,NASDAQ100,252
2024-08-16,daily,23,13,10,0,3,1.30,229,56.52,43.48,0.46,1.21,2,0,23,2,,8.70,0.00,196,6,0,23,6,,26.09,0.00,296,2,0,23,2,,8.70,0.00,236,20,23,86.96,15,23,65.22,19,23,82.61,0,0,0,0,0,0,0,0,0,0,1,0,0,0,1,0,NASDAQ100,252
2024-08-19,daily,23,21,2,0,19,10.50,248,91.30,8.70,1.37,1.29,2,0,23,2,,8.70,0.00,198,6,0,23,6,,26.09,0.00,302,2,0,23,2,,8.70,0.00,238,23,23,100.00,16,23,69.57,21,23,91.30,0,0,0,0,0,0,1,0,1,0,1,0,0,0,1,0,NASDAQ100,252
2024-08-20,daily,23,14,9,0,5,1.56,253,60.87,39.13,-0.20,1.25,3,0,23,3,,13.04,0.00,201,8,0,23,8,,34.78,0.00,310,4,0,23,4,,17.39,0.00,242,23,23,100.00,16,23,69.57,20,23,86.96,0,0,0,0,0,0,0,0,0,0,1,0,0,0,1,0,NASDAQ100,252
2024-08-21,daily,23,16,7,0,9,2.29,262,69.57,30.43,0.74,1.20,0,0,23,0,,0.00,0.00,201,6,0,23,6,,26.09,0.00,316,1,0,23,1,,4.35,0.00,243,23,23,100.00,16,23,69.57,21,23,91.30,0,0,0,0,0,0,1,0,0,0,1,0,0,0,1,0,NASDAQ100,252
2024-08-22,daily,23,4,19,0,-15,0.21,247,17.39,82.61,-1.57,1.63,5,0,23,5,,21.74,0.00,206,9,0,23,9,,39.13,0.00,325,6,0,23,6,,26.09,0.00,249,19,23,82.61,14,23,60.87,17,23,73.91,0,0,0,0,0,0,0,1,0,1,1,0,0,0,0,0,NASDAQ100,252
2024-08-23,daily,23,17,6,0,11,2.83,258,73.91,26.09,0.92,1.92,3,0,23,3,,13.04,0.00,209,3,0,23,3,,13.04,0.00,328,3,0,23,3,,13.04,0.00,252,23,23,100.00,16,23,69.57,18,23,78.26,0,0,0,0,0,0,1,0,1,0,1,0,0,0,0,0,NASDAQ100,252
2024-08-26,daily,23,8,15,0,-7,0.53,251,34.78,65.22,-2.17,5.95,1,1,23,0,1.00,4.35,4.35,209,5,1,23,4,5.00,21.74,4.35,332,2,1,23,1,2.00,8.70,4.35,253,21,23,91.30,12,23,52.17,16,23,69.57,0,0,0,0,0,0,0,0,0,0,1,0,0,0,0,0,NASDAQ100,252
2024-08-27,daily,23,14,9,0,5,1.56,256,60.87,39.13,0.15,1.40,3,1,23,2,3.00,13.04,4.35,211,4,1,23,3,4.00,17.39,4.35,335,3,1,23,2,3.00,13.04,4.35,255,21,23,91.30,13,23,56.52,17,23,73.91,0,0,0,0,0,0,0,0,0,0,1,0,0,0,0,0,NASDAQ100,252
2024-08-28,daily,23,2,21,0,-19,0.10,237,8.70,91.30,-1.61,1.63,2,1,23,1,2.00,8.70,4.35,212,3,1,23,2,3.00,13.04,4.35,337,2,1,23,1,2.00,8.70,4.35,256,17,23,73.91,12,23,52.17,16,23,69.57,0,0,0,0,0,0,0,1,0,1,0,0,0,0,0,0,NASDAQ100,252
2024-08-29,daily,23,13,10,0,3,1.30,240,56.52,43.48,0.30,2.07,2,0,23,2,,8.70,0.00,214,4,0,23,4,,17.39,0.00,341,2,0,23,2,,8.70,0.00,258,19,23,82.61,11,23,47.83,16,23,69.57,0,0,0,0,0,0,0,0,0,0,1,0,0,0,0,0,NASDAQ100,252
2024-08-30,daily,23,21,2,0,19,10.50,259,91.30,8.70,1.46,1.27,2,0,23,2,,8.70,0.00,216,3,0,23,3,,13.04,0.00,344,2,0,23,2,,8.70,0.00,260,22,23,95.65,12,23,52.17,19,23,82.61,0,0,0,0,0,0,1,0,1,0,1,0,0,0,1,0,NASDAQ100,252
2024-09-03,daily,23,2,21,0,-19,0.10,240,8.70,91.30,-3.09,2.80,0,0,23,0,,0.00,0.00,216,0,1,23,-1,0.00,0.00,4.35,343,0,0,23,0,,0.00,0.00,260,12,23,52.17,11,23,47.83,14,23,60.87,0,0,0,0,0,0,0,1,0,1,0,0,0,0,0,0,NASDAQ100,252
2024-09-04,daily,23,10,13,0,-3,0.77,237,43.48,56.52,-0.26,1.91,0,0,23,0,,0.00,0.00,216,0,3,23,-3,0.00,0.00,13.04,340,0,0,23,0,,0.00,0.00,260,10,23,43.48,10,23,43.48,14,23,60.87,0,0,0,0,0,0,0,0,0,0,0,0,0,0,0,0,NASDAQ100,252
2024-09-05,daily,23,9,14,0,-5,0.64,232,39.13,60.87,-0.14,1.64,0,0,23,0,,0.00,0.00,216,1,1,23,0,1.00,4.35,4.35,340,0,0,23,0,,0.00,0.00,260,7,23,30.43,12,23,52.17,15,23,65.22,0,0,0,0,0,0,0,0,0,0,0,0,0,0,0,0,NASDAQ100,252
2024-09-06,daily,23,4,19,0,-15,0.21,217,17.39,82.61,-2.81,2.71,0,0,23,0,,0.00,0.00,216,0,8,23,-8,0.00,0.00,34.78,332,0,3,23,-3,0.00,0.00,13.04,257,0,23,0.00,8,23,34.78,13,23,56.52,0,0,0,0,0,0,0,1,0,1,0,1,0,0,0,0,NASDAQ100,252
2024-09-09,daily,23,17,6,0,11,2.83,228,73.91,26.09,1.46,3.23,1,0,23,1,,4.35,0.00,217,1,5,23,-4,0.20,4.35,21.74,328,1,3,23,-2,0.33,4.35,13.04,255,4,23,17.39,9,23,39.13,14,23,60.87,0,0,0,0,0,0,1,0,1,0,0,1,0,0,0,0,NASDAQ100,252
2024-09-10,daily,23,16,6,1,10,2.67,238,69.57,26.09,1.00,1.56,1,0,23,1,,4.35,0.00,218,1,1,23,0,1.00,4.35,4.35,328,1,1,23,0,1.00,4.35,4.35,255,6,23,26.09,11,23,47.83,15,23,65.22,0,0,0,0,0,0,1,0,0,0,0,0,0,0,0,0,NASDAQ100,252
2024-09-11,daily,23,22,1,0,21,22.00,259,95.65,4.35,2.80,3.19,1,0,23,1,,4.35,0.00,219,2,1,23,1,2.00,8.70,4.35,329,1,0,23,1,,4.35,0.00,256,11,23,47.83,12,23,52.17,16,23,69.57,0,0,0,0,0,0,1,0,1,0,0,0,0,0,0,0,NASDAQ100,252
2024-09-12,daily,23,21,2,0,19,10.50,278,91.30,8.70,1.41,1.96,3,0,23,3,,13.04,0.00,222,5,1,23,4,5.00,21.74,4.35,333,3,0,23,3,,13.04,0.00,259,15,23,65.22,15,23,65.22,16,23,69.57,0,0,0,0,0,0,1,0,1,0,0,0,0,0,0,0,NASDAQ100,252
2024-09-13,daily,23,16,7,0,9,2.29,287,69.57,30.43,0.89,1.71,4,0,23,4,,17.39,0.00,226,6,1,23,5,6.00,26.09,4.35,338,4,0,23,4,,17.39,0.00,263,15,23,65.22,16,23,69.57,16,23,69.57,0,0,0,0,0,0,1,0,0,0,0,0,0,0,0,0,NASDAQ100,252
2024-09-16,daily,23,12,11,0,1,1.09,288,52.17,47.83,0.14,1.61,3,0,23,3,,13.04,0.00,229,6,1,23,5,6.00,26.09,4.35,343,4,0,23,4,,17.39,0.00,267,15,23,65.22,15,23,65.22,16,23,69.57,0,0,0,0,0,0,0,0,0,0,0,0,0,0,0,0,NASDAQ100,252
2024-09-17,daily,23,14,9,0,5,1.56,293,60.87,39.13,0.34,1.64,2,0,23,2,,8.70,0.00,231,5,0,23,5,,21.74,0.00,348,3,0,23,3,,13.04,0.00,270,16,23,69.57,15,23,65.22,16,23,69.57,0,0,0,0,0,0,0,0,0,0,0,0,0,0,0,0,NASDAQ100,252
2024-09-18,daily,23,7,16,0,-9,0.44,284,30.43,69.57,-0.50,1.09,3,0,23,3,,13.04,0.00,234,5,0,23,5,,21.74,0.00,353,3,0,23,3,,13.04,0.00,273,15,23,65.22,14,23,60.87,17,23,73.91,0,0,0,0,0,0,0,1,0,0,0,0,0,0,0,0,NASDAQ100,252
2024-09-19,daily,23,23,0,0,23,,307,100.00,0.00,2.46,1.84,4,0,23,4,,17.39,0.00,238,9,0,23,9,,39.13,0.00,362,5,0,23,5,,21.74,0.00,278,20,23,86.96,18,23,78.26,19,23,82.61,0,0,0,0,0,0,0,0,1,0,1,0,0,0,1,0,NASDAQ100,252
2024-09-20,daily,23,10,13,0,-3,0.77,304,43.48,56.52,-0.32,1.56,2,0,23,2,,8.70,0.00,240,5,0,23,5,,21.74,0.00,367,2,0,23,2,,8.70,0.00,280,19,23,82.61,16,23,69.57,18,23,78.26,0,0,0,0,0,0,0,0,0,0,1,0,0,0,0,0,NASDAQ100,252
2024-09-23,daily,23,15,8,0,7,1.88,311,65.22,34.78,0.44,1.48,3,0,23,3,,13.04,0.00,243,7,1,23,6,7.00,30.43,4.35,373,3,0,23,3,,13.04,0.00,283,19,23,82.61,17,23,73.91,18,23,78.26,0,0,0,0,0,0,0,0,0,0,1,0,0,0,0,0,NASDAQ100,252
2024-09-24,daily,23,15,8,0,7,1.88,318,65.22,34.78,0.87,2.70,3,0,23,3,,13.04,0.00,246,8,1,23,7,8.00,34.78,4.35,380,3,0,23,3,,13.04,0.00,286,20,23,86.96,17,23,73.91,18,23,78.26,0,0,0,0,0,0,0,0,0,0,1,0,0,0,0,0,NASDAQ100,252
2024-09-25,daily,23,15,8,0,7,1.88,325,65.22,34.78,0.20,1.51,4,0,23,4,,17.39,0.00,250,6,1,23,5,6.00,26.09,4.35,385,5,0,23,5,,21.74,0.00,291,19,23,82.61,16,23,69.57,18,23,78.26,0,0,0,0,0,0,0,0,0,0,1,0,0,0,0,0,NASDAQ100,252
2024-09-26,daily,23,14,9,0,5,1.56,330,60.87,39.13,1.23,3.12,5,0,23,5,,21.74,0.00,255,10,0,23,10,,43.48,0.00,395,6,0,23,6,,26.09,0.00,297,21,23,91.30,18,23,78.26,20,23,86.96,0,0,0,0,0,0,0,0,0,0,1,0,0,0,1,0,NASDAQ100,252
2024-09-27,daily,23,9,14,0,-5,0.64,325,39.13,60.87,-0.11,1.90,0,0,23,0,,0.00,0.00,255,5,0,23,5,,21.74,0.00,400,0,0,23,0,,0.00,0.00,297,19,23,82.61,20,23,86.96,20,23,86.96,0,0,0,0,0,0,0,0,0,0,1,0,1,0,1,0,NASDAQ100,252
2024-09-30,daily,23,15,8,0,7,1.88,332,65.22,34.78,0.35,1.18,1,0,23,1,,4.35,0.00,256,5,0,23,5,,21.74,0.00,405,1,0,23,1,,4.35,0.00,298,20,23,86.96,20,23,86.96,20,23,86.96,0,0,0,0,0,0,0,0,0,0,1,0,1,0,1,0,NASDAQ100,252
2024-10-01,daily,23,6,17,0,-11,0.35,321,26.09,73.91,-0.75,2.32,2,0,23,2,,8.70,0.00,258,5,0,23,5,,21.74,0.00,410,2,0,23,2,,8.70,0.00,300,16,23,69.57,19,23,82.61,19,23,82.61,0,0,0,0,0,0,0,1,0,1,0,0,1,0,1,0,NASDAQ100,252
2024-10-02,daily,23,15,8,0,7,1.88,328,65.22,34.78,0.42,1.65,1,0,23,1,,4.35,0.00,259,2,1,23,1,2.00,8.70,4.35,411,2,0,23,2,,8.70,0.00,302,18,23,78.26,19,23,82.61,18,23,78.26,0,0,0,0,0,0,0,0,0,0,0,0,1,0,0,0,NASDAQ100,252
2024-10-03,daily,23,9,13,1,-4,0.69,324,39.13,56.52,0.23,1.78,4,0,23,4,,17.39,0.00,263,4,0,23,4,,17.39,0.00,415,4,0,23,4,,17.39,0.00,306,16,23,69.57,19,23,82.61,19,23,82.61,0,0,0,0,0,0,0,0,0,0,0,0,1,0,1,0,NASDAQ100,252
2024-10-04,daily,23,20,3,0,17,6.67,341,86.96,13.04,1.45,1.43,4,0,23,4,,17.39,0.00,267,6,0,23,6,,26.09,0.00,421,5,0,23,5,,21.74,0.00,311,17,23,73.91,19,23,82.61,19,23,82.61,0,0,0,0,0,0,1,0,1,0,0,0,1,0,1,0,NASDAQ100,252
2024-10-07,daily,23,5,18,0,-13,0.28,328,21.74,78.26,-1.27,1.39,3,0,23,3,,13.04,0.00,270,5,2,23,3,2.50,21.74,8.70,424,3,0,23,3,,13.04,0.00,314,13,23,56.52,15,23,65.22,19,23,82.61,0,0,0,0,0,0,0,1,0,1,0,0,0,0,1,0,NASDAQ100,252
2024-10-08,daily,23,20,2,1,18,10.00,346,86.96,8.70,1.37,2.09,3,0,23,3,,13.04,0.00,273,6,2,23,4,3.00,26.09,8.70,428,4,0,23,4,,17.39,0.00,318,16,23,69.57,18,23,78.26,19,23,82.61,0,0,0,0,0,0,1,0,1,0,0,0,0,0,1,0,NASDAQ100,252
2024-10-09,daily,23,14,9,0,5,1.56,351,60.87,39.13,0.67,1.66,6,0,23,6,,26.09,0.00,279,8,1,23,7,8.00,34.78,4.35,435,7,0,23,7,,30.43,0.00,325,16,23,69.57,18,23,78.26,20,23,86.96,0,0,0,0,0,0,0,0,0,0,0,0,0,0,1,0,NASDAQ100,252
2024-10-10,daily,23,8,15,0,-7,0.53,344,34.78,65.22,-0.39,1.14,5,0,23,5,,21.74,0.00,284,6,0,23,6,,26.09,0.00,441,6,0,23,6,,26.09,0.00,331,13,23,56.52,19,23,82.61,19,23,82.61,0,0,0,0,0,0,0,0,0,0,0,0,1,0,1,0,NASDAQ100,252
2024-10-11,daily,23,16,7,0,9,2.29,353,69.57,30.43,0.22,2.25,4,0,23,4,,17.39,0.00,288,5,1,23,4,5.00,21.74,4.35,445,5,0,23,5,,21.74,0.00,336,19,23,82.61,19,23,82.61,19,23,82.61,0,0,0,0,0,0,1,0,0,0,1,0,1,0,1,0,NASDAQ100,252
2024-10-14,daily,23,16,7,0,9,2.29,362,69.57,30.43,0.46,2.13,4,0,23,4,,17.39,0.00,292,8,1,23,7,8.00,34.78,4.35,452,5,0,23,5,,21.74,0.00,341,20,23,86.96,20,23,86.96,21,23,91.30,0,0,0,0,0,0,1,0,0,0,1,0,1,0,1,0,NASDAQ100,252
2024-10-15,daily,23,9,14,0,-5,0.64,357,39.13,60.87,-1.81,3.70,3,0,23,3,,13.04,0.00,295,6,1,23,5,6.00,26.09,4.35,457,3,1,23,2,3.00,13.04,4.35,343,16,23,69.57,18,23,78.26,19,23,82.61,0,0,0,0,0,0,0,0,0,0,0,0,0,0,1,0,NASDAQ100,252
2024-10-16,daily,23,8,15,0,-7,0.53,350,34.78,65.22,-0.14,2.00,2,1,23,1,2.00,8.70,4.35,296,3,1,23,2,3.00,13.04,4.35,459,3,1,23,2,3.00,13.04,4.35,345,12,23,52.17,17,23,73.91,17,23,73.91,0,0,0,0,0,0,0,0,0,0,0,0,0,0,0,0,NASDAQ100,252
2024-10-17,daily,23,11,12,0,-1,0.92,349,47.83,52.17,-0.27,1.43,3,1,23,2,3.00,13.04,4.35,298,4,2,23,2,2.00,17.39,8.70,461,4,1,23,3,4.00,17.39,4.35,348,11,23,47.83,15,23,65.22,17,23,73.91,0,0,0,0,0,0,0,0,0,0,0,0,0,0,0,0,NASDAQ100,252
2024-10-18,daily,23,18,5,0,13,3.60,362,78.26,21.74,1.58,3.00,4,0,23,4,,17.39,0.00,302,4,0,23,4,,17.39,0.00,465,4,0,23,4,,17.39,0.00,352,13,23,56.52,18,23,78.26,18,23,78.26,0,0,0,0,0,0,1,0,1,0,0,0,0,0,0,0,NASDAQ100,252
2024-10-21,daily,23,12,11,0,1,1.09,363,52.17,47.83,0.52,2.28,5,0,23,5,,21.74,0.00,307,6,1,23,5,6.00,26.09,4.35,470,6,0,23,6,,26.09,0.00,358,12,23,52.17,17,23,73.91,18,23,78.26,0,0,0,0,0,0,0,0,0,0,0,0,0,0,0,0,NASDAQ100,252
2024-10-22,daily,23,14,9,0,5,1.56,368,60.87,39.13,0.32,1.20,2,0,23,2,,8.70,0.00,309,3,1,23,2,3.00,13.04,4.35,472,3,0,23,3,,13.04,0.00,361,17,23,73.91,18,23,78.26,19,23,82.61,0,0,0,0,0,0,0,0,0,0,0,0,0,0,1,0,NASDAQ100,252
2024-10-23,daily,23,3,20,0,-17,0.15,351,13.04,86.96,-1.61,1.40,1,0,23,1,,4.35,0.00,310,1,3,23,-2,0.33,4.35,13.04,470,1,0,23,1,,4.35,0.00,362,11,23,47.83,17,23,73.91,18,23,78.26,0,0,0,0,0,0,0,1,0,1,0,0,0,0,0,0,NASDAQ100,252
2024-10-24,daily,23,14,9,0,5,1.56,356,60.87,39.13,1.37,4.71,1,0,23,1,,4.35,0.00,311,1,4,23,-3,0.25,4.35,17.39,467,1,1,23,0,1.00,4.35,4.35,362,13,23,56.52,18,23,78.26,18,23,78.26,0,0,0,0,0,0,0,0,0,0,0,0,0,0,0,0,NASDAQ100,252
2024-10-25,daily,23,18,5,0,13,3.60,369,78.26,21.74,0.74,1.32,2,0,23,2,,8.70,0.00,313,5,1,23,4,5.00,21.74,4.35,471,4,1,23,3,4.00,17.39,4.35,365,16,23,69.57,19,23,82.61,18,23,78.26,0,0,0,0,0,0,1,0,1,0,0,0,1,0,0,0,NASDAQ100,252
2024-10-28,daily,23,14,9,0,5,1.56,374,60.87,39.13,0.43,1.22,3,0,23,3,,13.04,0.00,316,4,1,23,3,4.00,17.39,4.35,474,3,1,23,2,3.00,13.04,4.35,367,16,23,69.57,19,23,82.61,18,23,78.26,0,0,0,0,0,0,0,0,0,0,0,0,1,0,0,0,NASDAQ100,252
2024-10-29,daily,23,15,8,0,7,1.88,381,65.22,34.78,0.97,1.58,1,0,23,1,,4.35,0.00,317,4,0,23,4,,17.39,0.00,478,1,0,23,1,,4.35,0.00,368,18,23,78.26,19,23,82.61,20,23,86.96,0,0,0,0,0,0,0,0,0,0,0,0,1,0,1,0,NASDAQ100,252
2024-10-30,daily,23,4,19,0,-15,0.21,366,17.39,82.61,-1.40,2.76,1,0,23,1,,4.35,0.00,318,5,4,23,1,1.25,21.74,17.39,479,4,1,23,3,4.00,17.39,4.35,371,14,23,60.87,17,23,73.91,17,23,73.91,0,0,0,0,0,0,0,1,0,1,0,0,0,0,0,0,NASDAQ100,252
2024-10-31,daily,23,3,20,0,-17,0.15,349,13.04,86.96,-2.22,1.81,0,1,23,-1,0.00,0.00,4.35,317,0,7,23,-7,0.00,0.00,30.43,472,0,1,23,-1,0.00,0.00,4.35,370,9,23,39.13,15,23,65.22,16,23,69.57,0,0,0,0,0,0,0,1,0,1,0,0,0,0,0,0,NASDAQ100,252
2024-11-01,daily,23,14,9,0,5,1.56,354,60.87,39.13,0.65,2.30,0,0,23,0,,0.00,0.00,317,2,3,23,-1,0.67,8.70,13.04,471,2,0,23,2,,8.70,0.00,372,10,23,43.48,15,23,65.22,16,23,69.57,0,0,0,0,0,0,0,0,0,0,0,0,0,0,0,0,NASDAQ100,252
2024-11-04,daily,23,7,16,0,-9,0.44,345,30.43,69.57,-0.48,0.99,0,0,23,0,,0.00,0.00,317,1,4,23,-3,0.25,4.35,17.39,468,1,0,23,1,,4.35,0.00,373,10,23,43.48,14,23,60.87,16,23,69.57,0,0,0,0,0,0,0,1,0,0,0,0,0,0,0,0,NASDAQ100,252
2024-11-05,daily,23,21,2,0,19,10.50,364,91.30,8.70,1.89,5.15,1,0,23,1,,4.35,0.00,318,1,1,23,0,1.00,4.35,4.35,468,1,1,23,0,1.00,4.35,4.35,373,13,23,56.52,15,23,65.22,16,23,69.57,0,0,0,0,0,0,1,0,1,0,0,0,0,0,0,0,NASDAQ100,252
2024-11-06,daily,23,17,6,0,11,2.83,375,73.91,26.09,2.31,3.81,8,1,23,7,8.00,34.78,4.35,325,8,4,23,4,2.00,34.78,17.39,472,8,2,23,6,4.00,34.78,8.70,379,17,23,73.91,17,23,73.91,17,23,73.91,0,0,0,0,0,0,1,0,1,0,0,0,0,0,0,0,NASDAQ100,252
2024-11-07,daily,23,21,2,0,19,10.50,394,91.30,8.70,3.69,9.36,7,0,23,7,,30.43,0.00,332,10,1,23,9,10.00,43.48,4.35,481,9,1,23,8,9.00,39.13,4.35,387,19,23,82.61,19,23,82.61,17,23,73.91,0,0,0,0,0,0,1,0,1,0,1,0,1,0,0,0,NASDAQ100,252
2024-11-08,daily,23,7,16,0,-9,0.44,385,30.43,69.57,0.88,4.55,8,0,23,8,,34.78,0.00,340,9,0,23,9,,39.13,0.00,490,8,0,23,8,,34.78,0.00,395,18,23,78.26,19,23,82.61,17,23,73.91,0,0,0,0,0,0,0,1,0,0,0,0,1,0,0,0,NASDAQ100,252
2024-11-11,daily,23,10,13,0,-3,0.77,382,43.48,56.52,0.34,2.39,6,0,23,6,,26.09,0.00,346,6,1,23,5,6.00,26.09,4.35,495,6,0,23,6,,26.09,0.00,401,16,23,69.57,15,23,65.22,16,23,69.57,0,0,0,0,0,0,0,0,0,0,0,0,0,0,0,0,NASDAQ100,252
2024-11-12,daily,23,13,9,1,4,1.44,386,56.52,39.13,-0.58,2.33,1,0,23,1,,4.35,0.00,347,3,4,23,-1,0.75,13.04,17.39,494,3,2,23,1,1.50,13.04,8.70,402,15,23,65.22,16,23,69.57,16,23,69.57,0,0,0,0,0,0,0,0,0,0,0,0,0,0,0,0,NASDAQ100,252
2024-11-13,daily,23,13,10,0,3,1.30,389,56.52,43.48,-0.06,1.41,4,0,23,4,,17.39,0.00,351,5,2,23,3,2.50,21.74,8.70,497,5,0,23,5,,21.74,0.00,407,15,23,65.22,16,23,69.57,16,23,69.57,0,0,0,0,0,0,0,0,0,0,0,0,0,0,0,0,NASDAQ100,252
2024-11-14,daily,23,9,14,0,-5,0.64,384,39.13,60.87,-0.62,1.79,5,0,23,5,,21.74,0.00,356,6,3,23,3,2.00,26.09,13.04,500,6,1,23,5,6.00,26.09,4.35,412,15,23,65.22,16,23,69.57,17,23,73.91,0,0,0,0,0,0,0,0,0,0,0,0,0,0,0,0,NASDAQ100,252
2024-11-15,daily,23,4,19,0,-15,0.21,369,17.39,82.61,-1.37,3.38,1,0,23,1,,4.35,0.00,357,1,5,23,-4,0.20,4.35,21.74,496,1,1,23,0,1.00,4.35,4.35,412,12,23,52.17,13,23,56.52,15,23,65.22,0,0,0,0,0,0,0,1,0,1,0,0,0,0,0,0,NASDAQ100,252
2024-11-18,daily,23,17,6,0,11,2.83,380,73.91,26.09,0.67,2.43,1,1,23,0,1.00,4.35,4.35,357,1,5,23,-4,0.20,4.35,21.74,492,1,3,23,-2,0.33,4.35,13.04,410,12,23,52.17,14,23,60.87,15,23,65.22,0,0,0,0,0,0,1,0,1,0,0,0,0,0,0,0,NASDAQ100,252
2024-11-19,daily,23,18,5,0,13,3.60,393,78.26,21.74,1.13,2.11,2,0,23,2,,8.70,0.00,359,2,1,23,1,2.00,8.70,4.35,493,2,1,23,1,2.00,8.70,4.35,411,13,23,56.52,14,23,60.87,15,23,65.22,0,0,0,0,0,0,1,0,1,0,0,0,0,0,0,0,NASDAQ100,252
2024-11-20,daily,23,9,14,0,-5,0.64,388,39.13,60.87,-0.33,1.78,2,1,23,1,2.00,8.70,4.35,360,2,3,23,-1,0.67,8.70,13.04,492,2,2,23,0,1.00,8.70,8.70,411,13,23,56.52,14,23,60.87,15,23,65.22,0,0,0,0,0,0,0,0,0,0,0,0,0,0,0,0,NASDAQ100,252
2024-11-21,daily,23,12,11,0,1,1.09,389,52.17,47.83,-0.53,2.94,3,0,23,3,,13.04,0.00,363,3,3,23,0,1.00,13.04,13.04,492,3,0,23,3,,13.04,0.00,414,11,23,47.83,14,23,60.87,15,23,65.22,0,0,0,0,0,0,0,0,0,0,0,0,0,0,0,0,NASDAQ100,252
2024-11-22,daily,23,16,7,0,9,2.29,398,69.57,30.43,0.53,2.13,3,0,23,3,,13.04,0.00,366,3,1,23,2,3.00,13.04,4.35,494,3,0,23,3,,13.04,0.00,417,10,23,43.48,12,23,52.17,15,23,65.22,0,0,0,0,0,0,1,0,0,0,0,0,0,0,0,0,NASDAQ100,252
2024-11-25,daily,23,16,7,0,9,2.29,407,69.57,30.43,0.08,2.15,3,0,23,3,,13.04,0.00,369,3,1,23,2,3.00,13.04,4.35,496,3,0,23,3,,13.04,0.00,420,12,23,52.17,13,23,56.52,16,23,69.57,0,0,0,0,0,0,1,0,0,0,0,0,0,0,0,0,NASDAQ100,252
2024-11-26,daily,23,14,9,0,5,1.56,412,60.87,39.13,0.31,1.92,2,0,23,2,,8.70,0.00,371,3,1,23,2,3.00,13.04,4.35,498,2,1,23,1,2.00,8.70,4.35,421,14,23,60.87,15,23,65.22,16,23,69.57,0,0,0,0,0,0,0,0,0,0,0,0,0,0,0,0,NASDAQ100,252
2024-11-27,daily,23,8,15,0,-7,0.53,405,34.78,65.22,-0.43,0.91,2,0,23,2,,8.70,0.00,373,3,3,23,0,1.00,13.04,13.04,498,2,0,23,2,,8.70,0.00,423,13,23,56.52,15,23,65.22,16,23,69.57,0,0,0,0,0,0,0,0,0,0,0,0,0,0,0,0,NASDAQ100,252
2024-11-29,daily,23,19,4,0,15,4.75,420,82.61,17.39,0.92,1.17,1,0,23,1,,4.35,0.00,374,1,1,23,0,1.00,4.35,4.35,498,1,0,23,1,,4.35,0.00,424,15,23,65.22,15,23,65.22,16,23,69.57,0,0,0,0,0,0,1,0,1,0,0,0,0,0,0,0,NASDAQ100,252
2024-12-02,daily,23,19,4,0,15,4.75,435,82.61,17.39,1.41,1.67,4,0,23,4,,17.39,0.00,378,7,0,23,7,,30.43,0.00,505,5,0,23,5,,21.74,0.00,429,17,23,73.91,16,23,69.57,17,23,73.91,0,0,0,0,0,0,1,0,1,0,0,0,0,0,0,0,NASDAQ100,252
2024-12-03,daily,23,17,6,0,11,2.83,446,73.91,26.09,1.12,2.18,5,0,23,5,,21.74,0.00,383,8,0,23,8,,34.78,0.00,513,6,0,23,6,,26.09,0.00,435,17,23,73.91,16,23,69.57,17,23,73.91,0,0,0,0,0,0,1,0,1,0,0,0,0,0,0,0,NASDAQ100,252
2024-12-04,daily,23,19,4,0,15,4.75,461,82.61,17.39,0.80,1.23,7,0,23,7,,30.43,0.00,390,10,0,23,10,,43.48,0.00,523,8,0,23,8,,34.78,0.00,443,21,23,91.30,16,23,69.57,17,23,73.91,0,0,0,0,0,0,1,0,1,0,1,0,0,0,0,0,NASDAQ100,252
2024-12-05,daily,23,12,11,0,1,1.09,462,52.17,47.83,0.17,1.31,8,0,23,8,,34.78,0.00,398,11,0,23,11,,47.83,0.00,534,10,0,23,10,,43.48,0.00,453,18,23,78.26,16,23,69.57,17,23,73.91,0,0,0,0,0,0,0,0,0,0,0,0,0,0,0,0,NASDAQ100,252
2024-12-06,daily,23,15,8,0,7,1.88,469,65.22,34.78,2.01,3.82,9,0,23,9,,39.13,0.00,407,11,0,23,11,,47.83,0.00,545,11,0,23,11,,47.83,0.00,464,18,23,78.26,17,23,73.91,17,23,73.91,0,0,0,0,0,0,0,0,0,0,0,0,0,0,0,0,NASDAQ100,252
2024-12-09,daily,23,10,13,0,-3,0.77,466,43.48,56.52,-1.08,4.39,4,0,23,4,,17.39,0.00,411,7,2,23,5,3.50,30.43,8.70,550,6,1,23,5,6.00,26.09,4.35,469,18,23,78.26,17,23,73.91,17,23,73.91,0,0,0,0,0,0,0,0,0,0,0,0,0,0,0,0,NASDAQ100,252
2024-12-10,daily,23,7,16,0,-9,0.44,457,30.43,69.57,-0.62,2.87,2,0,23,2,,8.70,0.00,413,5,1,23,4,5.00,21.74,4.35,554,5,1,23,4,5.00,21.74,4.35,473,15,23,65.22,15,23,65.22,17,23,73.91,0,0,0,0,0,0,0,1,0,0,0,0,0,0,0,0,NASDAQ100,252
2024-12-11,daily,23,19,4,0,15,4.75,472,82.61,17.39,2.08,2.29,8,0,23,8,,34.78,0.00,421,10,1,23,9,10.00,43.48,4.35,563,9,1,23,8,9.00,39.13,4.35,481,17,23,73.91,17,23,73.91,17,23,73.91,0,0,0,0,0,0,1,0,1,0,0,0,0,0,0,0,NASDAQ100,252
2024-12-12,daily,23,8,15,0,-7,0.53,465,34.78,65.22,-0.64,1.15,1,0,23,1,,4.35,0.00,422,2,0,23,2,,8.70,0.00,565,2,0,23,2,,8.70,0.00,483,16,23,69.57,16,23,69.57,17,23,73.91,0,0,0,0,0,0,0,0,0,0,0,0,0,0,0,0,NASDAQ100,252
2024-12-13,daily,23,8,15,0,-7,0.53,458,34.78,65.22,0.74,5.43,2,0,23,2,,8.70,0.00,424,2,1,23,1,2.00,8.70,4.35,566,2,1,23,1,2.00,8.70,4.35,484,14,23,60.87,17,23,73.91,17,23,73.91,0,0,0,0,0,0,0,0,0,0,0,0,0,0,0,0,NASDAQ100,252
2024-12-16,daily,23,13,10,0,3,1.30,461,56.52,43.48,1.22,3.12,7,0,23,7,,30.43,0.00,431,8,2,23,6,4.00,34.78,8.70,572,7,1,23,6,7.00,30.43,4.35,490,14,23,60.87,16,23,69.57,17,23,73.91,0,0,0,0,0,0,0,0,0,0,0,0,0,0,0,0,NASDAQ100,252
2024-12-17,daily,23,10,13,0,-3,0.77,458,43.48,56.52,-0.24,1.78,4,0,23,4,,17.39,0.00,435,5,2,23,3,2.50,21.74,8.70,575,4,0,23,4,,17.39,0.00,494,15,23,65.22,16,23,69.57,17,23,73.91,0,0,0,0,0,0,0,0,0,0,0,0,0,0,0,0,NASDAQ100,252
2024-12-18,daily,23,0,23,0,-23,0.00,435,0.00,100.00,-3.45,1.99,2,1,23,1,2.00,8.70,4.35,436,3,2,23,1,1.50,13.04,8.70,576,2,1,23,1,2.00,8.70,4.35,495,10,23,43.48,16,23,69.57,17,23,73.91,0,0,0,0,0,0,0,1,0,1,0,0,0,0,0,0,NASDAQ100,252
2024-12-19,daily,23,10,13,0,-3,0.77,432,43.48,56.52,-0.02,1.40,0,2,23,-2,0.00,0.00,8.70,434,0,5,23,-5,0.00,0.00,21.74,571,0,3,23,-3,0.00,0.00,13.04,492,10,23,43.48,15,23,65.22,17,23,73.91,0,0,0,0,0,0,0,0,0,0,0,0,0,0,0,0,NASDAQ100,252
2024-12-20,daily,23,17,6,0,11,2.83,443,73.91,26.09,1.19,2.51,1,1,23,0,1.00,4.35,4.35,434,1,6,23,-5,0.17,4.35,26.09,566,1,2,23,-1,0.50,4.35,8.70,491,11,23,47.83,14,23,60.87,17,23,73.91,0,0,0,0,0,0,1,0,1,0,0,0,0,0,0,0,NASDAQ100,252
2024-12-23,daily,23,21,2,0,19,10.50,462,91.30,8.70,1.52,1.57,2,0,23,2,,8.70,0.00,436,2,1,23,1,2.00,8.70,4.35,567,2,0,23,2,,8.70,0.00,493,14,23,60.87,16,23,69.57,17,23,73.91,0,0,0,0,0,0,1,0,1,0,0,0,0,0,0,0,NASDAQ100,252
2024-12-24,daily,23,19,4,0,15,4.75,477,82.61,17.39,1.19,1.66,2,0,23,2,,8.70,0.00,438,2,0,23,2,,8.70,0.00,569,2,0,23,2,,8.70,0.00,495,14,23,60.87,17,23,73.91,17,23,73.91,0,0,0,0,0,0,1,0,1,0,0,0,0,0,0,0,NASDAQ100,252
2024-12-26,daily,23,8,15,0,-7,0.53,470,34.78,65.22,-0.17,0.84,1,0,23,1,,4.35,0.00,439,1,0,23,1,,4.35,0.00,570,1,0,23,1,,4.35,0.00,496,14,23,60.87,17,23,73.91,17,23,73.91,0,0,0,0,0,0,0,0,0,0,0,0,0,0,0,0,NASDAQ100,252
2024-12-27,daily,23,2,21,0,-19,0.10,451,8.70,91.30,-1.38,1.25,0,0,23,0,,0.00,0.00,439,0,1,23,-1,0.00,0.00,4.35,569,0,0,23,0,,0.00,0.00,496,9,23,39.13,16,23,69.57,17,23,73.91,0,0,0,0,0,0,0,1,0,1,0,0,0,0,0,0,NASDAQ100,252
2024-12-30,daily,23,2,21,0,-19,0.10,432,8.70,91.30,-1.43,0.92,0,0,23,0,,0.00,0.00,439,0,2,23,-2,0.00,0.00,8.70,567,0,1,23,-1,0.00,0.00,4.35,495,9,23,39.13,13,23,56.52,17,23,73.91,0,0,0,0,0,0,0,1,0,1,0,0,0,0,0,0,NASDAQ100,252
2024-12-31,daily,23,4,19,0,-15,0.21,417,17.39,82.61,-0.88,1.25,0,0,23,0,,0.00,0.00,439,0,3,23,-3,0.00,0.00,13.04,564,0,0,23,0,,0.00,0.00,495,7,23,30.43,11,23,47.83,16,23,69.57,0,0,0,0,0,0,0,1,0,1,0,0,0,0,0,0,NASDAQ100,252
2025-01-02,daily,23,11,12,0,-1,0.92,416,47.83,52.17,-0.08,2.13,0,0,23,0,,0.00,0.00,439,0,3,23,-3,0.00,0.00,13.04,561,0,0,23,0,,0.00,0.00,495,6,23,26.09,13,23,56.52,16,23,69.57,0,0,0,0,0,0,0,0,0,0,0,0,0,0,0,0,NASDAQ100,252
2025-01-03,daily,23,19,4,0,15,4.75,431,82.61,17.39,1.82,2.15,0,0,23,0,,0.00,0.00,439,0,0,23,0,,0.00,0.00,561,0,0,23,0,,0.00,0.00,495,9,23,39.13,15,23,65.22,16,23,69.57,0,0,0,0,0,0,1,0,1,0,0,0,0,0,0,0,NASDAQ100,252
2025-01-06,daily,23,19,4,0,15,4.75,446,82.61,17.39,1.39,2.53,0,0,23,0,,0.00,0.00,439,3,2,23,1,1.50,13.04,8.70,562,0,0,23,0,,0.00,0.00,495,14,23,60.87,15,23,65.22,17,23,73.91,0,0,0,0,0,0,1,0,1,0,0,0,0,0,0,0,NASDAQ100,252
2025-01-07,daily,23,4,19,0,-15,0.21,431,17.39,82.61,-1.70,2.49,1,0,23,1,,4.35,0.00,440,1,2,23,-1,0.50,4.35,8.70,561,1,0,23,1,,4.35,0.00,496,12,23,52.17,14,23,60.87,16,23,69.57,0,0,0,0,0,0,0,1,0,1,0,0,0,0,0,0,NASDAQ100,252
2025-01-08,daily,23,10,13,0,-3,0.77,428,43.48,56.52,-0.28,1.33,0,0,23,0,,0.00,0.00,440,0,2,23,-2,0.00,0.00,8.70,559,0,0,23,0,,0.00,0.00,496,12,23,52.17,15,23,65.22,17,23,73.91,0,0,0,0,0,0,0,0,0,0,0,0,0,0,0,0,NASDAQ100,252
2025-01-10,daily,23,5,18,0,-13,0.28,415,21.74,78.26,-1.46,1.81,0,1,23,-1,0.00,0.00,4.35,439,0,5,23,-5,0.00,0.00,21.74,554,0,1,23,-1,0.00,0.00,4.35,495,7,23,30.43,13,23,56.52,16,23,69.57,0,0,0,0,0,0,0,1,0,1,0,0,0,0,0,0,NASDAQ100,252
2025-01-13,daily,23,10,13,0,-3,0.77,412,43.48,56.52,-0.26,1.46,0,1,23,-1,0.00,0.00,4.35,438,0,8,23,-8,0.00,0.00,34.78,546,0,2,23,-2,0.00,0.00,8.70,493,7,23,30.43,11,23,47.83,16,23,69.57,0,0,0,0,0,0,0,0,0,0,0,0,0,0,0,0,NASDAQ100,252
2025-01-14,daily,23,7,16,0,-9,0.44,403,30.43,69.57,-0.27,1.28,0,0,23,0,,0.00,0.00,438,0,3,23,-3,0.00,0.00,13.04,543,0,0,23,0,,0.00,0.00,493,6,23,26.09,11,23,47.83,16,23,69.57,0,0,0,0,0,0,0,1,0,0,0,0,0,0,0,0,NASDAQ100,252
2025-01-15,daily,23,21,2,0,19,10.50,422,91.30,8.70,2.41,2.45,2,0,23,2,,8.70,0.00,440,3,0,23,3,,13.04,0.00,546,2,0,23,2,,8.70,0.00,495,11,23,47.83,13,23,56.52,17,23,73.91,0,0,0,0,0,0,1,0,1,0,0,0,0,0,0,0,NASDAQ100,252
2025-01-16,daily,23,7,16,0,-9,0.44,413,30.43,69.57,-0.56,1.62,2,0,23,2,,8.70,0.00,442,3,1,23,2,3.00,13.04,4.35,548,2,0,23,2,,8.70,0.00,497,10,23,43.48,14,23,60.87,17,23,73.91,0,0,0,0,0,0,0,1,0,0,0,0,0,0,0,0,NASDAQ100,252
2025-01-17,daily,23,22,1,0,21,22.00,434,95.65,4.35,1.91,1.32,2,0,23,2,,8.70,0.00,444,5,0,23,5,,21.74,0.00,553,2,0,23,2,,8.70,0.00,499,18,23,78.26,16,23,69.57,17,23,73.91,0,0,0,0,0,0,1,0,1,0,0,0,0,0,0,0,NASDAQ100,252
2025-01-21,daily,23,17,6,0,11,2.83,445,73.91,26.09,0.65,1.31,4,0,23,4,,17.39,0.00,448,8,1,23,7,8.00,34.78,4.35,560,4,1,23,3,4.00,17.39,4.35,502,19,23,82.61,16,23,69.57,17,23,73.91,0,0,0,0,0,0,1,0,1,0,1,0,0,0,0,0,NASDAQ100,252
2025-01-22,daily,23,18,5,0,13,3.60,458,78.26,21.74,1.67,2.75,4,0,23,4,,17.39,0.00,452,9,0,23,9,,39.13,0.00,569,5,0,23,5,,21.74,0.00,507,20,23,86.96,17,23,73.91,17,23,73.91,0,0,0,0,0,0,1,0,1,0,1,0,0,0,0,0,NASDAQ100,252
2025-01-23,daily,23,13,10,0,3,1.30,461,56.52,43.48,0.45,1.34,3,0,23,3,,13.04,0.00,455,7,0,23,7,,30.43,0.00,576,3,0,23,3,,13.04,0.00,510,20,23,86.96,19,23,82.61,18,23,78.26,0,0,0,0,0,0,0,0,0,0,1,0,1,0,0,0,NASDAQ100,252
2025-01-24,daily,23,9,12,2,-3,0.75,458,39.13,52.17,0.13,2.19,2,0,23,2,,8.70,0.00,457,6,0,23,6,,26.09,0.00,582,2,0,23,2,,8.70,0.00,512,20,23,86.96,19,23,82.61,17,23,73.91,0,0,0,0,0,0,0,0,0,0,1,0,1,0,0,0,NASDAQ100,252
2025-01-27,daily,23,8,15,0,-7,0.53,451,34.78,65.22,-2.75,5.42,1,1,23,0,1.00,4.35,4.35,457,5,4,23,1,1.25,21.74,17.39,583,1,2,23,-1,0.50,4.35,8.70,511,14,23,60.87,17,23,73.91,16,23,69.57,0,0,0,0,0,0,0,0,0,0,0,0,0,0,0,0,NASDAQ100,252
2025-01-28,daily,23,16,7,0,9,2.29,460,69.57,30.43,1.58,2.51,2,0,23,2,,8.70,0.00,459,8,2,23,6,4.00,34.78,8.70,589,2,1,23,1,2.00,8.70,4.35,512,17,23,73.91,18,23,78.26,17,23,73.91,0,0,0,0,0,0,1,0,0,0,0,0,0,0,0,0,NASDAQ100,252
2025-01-29,daily,23,15,8,0,7,1.88,467,65.22,34.78,0.43,2.03,0,0,23,0,,0.00,0.00,459,3,0,23,3,,13.04,0.00,592,0,0,23,0,,0.00,0.00,512,17,23,73.91,19,23,82.61,17,23,73.91,0,0,0,0,0,0,0,0,0,0,0,0,1,0,0,0,NASDAQ100,252
2025-01-30,daily,23,17,6,0,11,2.83,478,73.91,26.09,1.09,2.14,1,0,23,1,,4.35,0.00,460,7,0,23,7,,30.43,0.00,599,2,0,23,2,,8.70,0.00,514,18,23,78.26,19,23,82.61,16,23,69.57,0,0,0,0,0,0,1,0,1,0,0,0,1,0,0,0,NASDAQ100,252
2025-01-31,daily,23,15,8,0,7,1.88,485,65.22,34.78,-0.05,1.56,3,0,23,3,,13.04,0.00,463,7,0,23,7,,30.43,0.00,606,3,0,23,3,,13.04,0.00,517,18,23,78.26,19,23,82.61,15,23,65.22,0,0,0,0,0,0,0,0,0,0,0,0,1,0,0,0,NASDAQ100,252
2025-02-03,daily,23,8,15,0,-7,0.53,478,34.78,65.22,-0.85,2.15,1,0,23,1,,4.35,0.00,464,2,3,23,-1,0.67,8.70,13.04,605,1,1,23,0,1.00,4.35,4.35,517,16,23,69.57,18,23,78.26,15,23,65.22,0,0,0,0,0,0,0,0,0,0,0,0,0,0,0,0,NASDAQ100,252
2025-02-04,daily,23,21,2,0,19,10.50,497,91.30,8.70,2.73,5.03,6,0,23,6,,26.09,0.00,470,8,0,23,8,,34.78,0.00,613,6,0,23,6,,26.09,0.00,523,16,23,69.57,18,23,78.26,15,23,65.22,0,0,0,0,0,0,1,0,1,0,0,0,0,0,0,0,NASDAQ100,252
2025-02-05,daily,23,13,10,0,3,1.30,500,56.52,43.48,-0.18,3.74,4,1,23,3,4.00,17.39,4.35,473,7,1,23,6,7.00,30.43,4.35,619,4,1,23,3,4.00,17.39,4.35,526,16,23,69.57,18,23,78.26,18,23,78.26,0,0,0,0,0,0,0,0,0,0,0,0,0,0,0,0,NASDAQ100,252
2025-02-06,daily,23,14,9,0,5,1.56,505,60.87,39.13,0.67,2.63,5,0,23,5,,21.74,0.00,478,8,1,23,7,8.00,34.78,4.35,626,6,0,23,6,,26.09,0.00,532,17,23,73.91,18,23,78.26,16,23,69.57,0,0,0,0,0,0,0,0,0,0,0,0,0,0,0,0,NASDAQ100,252
2025-02-07,daily,23,3,19,1,-16,0.16,489,13.04,82.61,-1.38,1.49,5,0,23,5,,21.74,0.00,483,6,4,23,2,1.50,26.09,17.39,628,5,1,23,4,5.00,21.74,4.35,536,12,23,52.17,16,23,69.57,16,23,69.57,0,0,0,0,0,0,0,1,0,1,0,0,0,0,0,0,NASDAQ100,252
2025-02-10,daily,23,22,1,0,21,22.00,510,95.65,4.35,1.59,1.69,4,0,23,4,,17.39,0.00,487,6,1,23,5,6.00,26.09,4.35,633,4,0,23,4,,17.39,0.00,540,17,23,73.91,16,23,69.57,16,23,69.57,0,0,0,0,0,0,1,0,1,0,0,0,0,0,0,0,NASDAQ100,252
2025-02-11,daily,23,9,13,1,-4,0.69,506,39.13,56.52,-0.46,1.77,3,0,23,3,,13.04,0.00,490,4,1,23,3,4.00,17.39,4.35,636,3,0,23,3,,13.04,0.00,543,16,23,69.57,16,23,69.57,16,23,69.57,0,0,0,0,0,0,0,0,0,0,0,0,0,0,0,0,NASDAQ100,252
2025-02-12,daily,23,13,10,0,3,1.30,509,56.52,43.48,0.40,1.47,3,0,23,3,,13.04,0.00,493,3,3,23,0,1.00,13.04,13.04,636,3,1,23,2,3.00,13.04,4.35,545,16,23,69.57,16,23,69.57,16,23,69.57,0,0,0,0,0,0,0,0,0,0,0,0,0,0,0,0,NASDAQ100,252
2025-02-13,daily,23,21,2,0,19,10.50,528,91.30,8.70,2.35,4.96,6,0,23,6,,26.09,0.00,499,8,0,23,8,,34.78,0.00,644,8,0,23,8,,34.78,0.00,553,16,23,69.57,18,23,78.26,16,23,69.57,0,0,0,0,0,0,1,0,1,0,0,0,0,0,0,0,NASDAQ100,252
2025-02-14,daily,23,12,11,0,1,1.09,529,52.17,47.83,0.34,2.57,4,0,23,4,,17.39,0.00,503,5,1,23,4,5.00,21.74,4.35,648,5,0,23,5,,21.74,0.00,558,16,23,69.57,17,23,73.91,17,23,73.91,0,0,0,0,0,0,0,0,0,0,0,0,0,0,0,0,NASDAQ100,252
2025-02-18,daily,23,10,13,0,-3,0.77,526,43.48,56.52,-0.12,1.88,1,0,23,1,,4.35,0.00,504,2,4,23,-2,0.50,8.70,17.39,646,2,0,23,2,,8.70,0.00,560,16,23,69.57,16,23,69.57,17,23,73.91,0,0,0,0,0,0,0,0,0,0,0,0,0,0,0,0,NASDAQ100,252
2025-02-19,daily,23,15,8,0,7,1.88,533,65.22,34.78,-0.37,2.39,1,0,23,1,,4.35,0.00,505,1,1,23,0,1.00,4.35,4.35,646,1,0,23,1,,4.35,0.00,561,16,23,69.57,16,23,69.57,18,23,78.26,0,0,0,0,0,0,0,0,0,0,0,0,0,0,0,0,NASDAQ100,252
2025-02-20,daily,23,6,17,0,-11,0.35,522,26.09,73.91,-0.98,2.22,0,0,23,0,,0.00,0.00,505,0,1,23,-1,0.00,0.00,4.35,645,0,0,23,0,,0.00,0.00,561,15,23,65.22,16,23,69.57,17,23,73.91,0,0,0,0,0,0,0,1,0,1,0,0,0,0,0,0,NASDAQ100,252
2025-02-21,daily,23,4,19,0,-15,0.21,507,17.39,82.61,-1.92,2.67,0,0,23,0,,0.00,0.00,505,3,4,23,-1,0.75,13.04,17.39,644,2,0,23,2,,8.70,0.00,563,12,23,52.17,14,23,60.87,19,23,82.61,0,0,0,0,0,0,0,1,0,1,0,0,0,0,1,0,NASDAQ100,252
2025-02-24,daily,23,6,17,0,-11,0.35,496,26.09,73.91,-1.61,3.08,1,0,23,1,,4.35,0.00,506,4,6,23,-2,0.67,17.39,26.09,642,3,2,23,1,1.50,13.04,8.70,564,11,23,47.83,13,23,56.52,18,23,78.26,0,0,0,0,0,0,0,1,0,1,0,0,0,0,0,0,NASDAQ100,252
2025-02-25,daily,23,7,16,0,-9,0.44,487,30.43,69.57,-1.50,2.70,0,1,23,-1,0.00,0.00,4.35,505,3,10,23,-7,0.30,13.04,43.48,635,2,3,23,-1,0.67,8.70,13.04,563,7,23,30.43,12,23,52.17,17,23,73.91,0,0,0,0,0,0,0,1,0,0,0,0,0,0,0,0,NASDAQ100,252
2025-02-26,daily,23,13,10,0,3,1.30,490,56.52,43.48,-0.40,3.39,0,0,23,0,,0.00,0.00,505,1,5,23,-4,0.20,4.35,21.74,631,1,3,23,-2,0.33,4.35,13.04,561,8,23,34.78,12,23,52.17,16,23,69.57,0,0,0,0,0,0,0,0,0,0,0,0,0,0,0,0,NASDAQ100,252
2025-02-27,daily,23,2,21,0,-19,0.10,471,8.70,91.30,-2.83,2.37,0,1,23,-1,0.00,0.00,4.35,504,0,8,23,-8,0.00,0.00,34.78,623,0,3,23,-3,0.00,0.00,13.04,558,5,23,21.74,8,23,34.78,15,23,65.22,0,0,0,0,0,0,0,1,0,1,0,0,0,0,0,0,NASDAQ100,252
2025-02-28,daily,23,22,1,0,21,22.00,492,95.65,4.35,1.30,1.55,0,1,23,-1,0.00,0.00,4.35,503,1,7,23,-6,0.14,4.35,30.43,617,1,5,23,-4,0.20,4.35,21.74,554,6,23,26.09,10,23,43.48,15,23,65.22,0,0,0,0,0,0,1,0,1,0,0,0,0,0,0,0,NASDAQ100,252
2025-03-03,daily,23,3,20,0,-17,0.15,475,13.04,86.96,-1.78,2.46,1,1,23,0,1.00,4.35,4.35,503,2,10,23,-8,0.20,8.70,43.48,609,2,6,23,-4,0.33,8.70,26.09,550,5,23,21.74,8,23,34.78,15,23,65.22,0,0,0,0,0,0,0,1,0,1,0,0,0,0,0,0,NASDAQ100,252
2025-03-04,daily,23,12,11,0,1,1.09,476,52.17,47.83,-0.14,1.84,0,2,23,-2,0.00,0.00,8.70,501,2,13,23,-11,0.15,8.70,56.52,598,2,7,23,-5,0.29,8.70,30.43,545,3,23,13.04,7,23,30.43,14,23,60.87,0,0,0,0,0,0,0,0,0,0,0,1,0,0,0,0,NASDAQ100,252
2025-03-05,daily,23,20,3,0,17,6.67,493,86.96,13.04,1.87,2.01,0,0,23,0,,0.00,0.00,501,1,0,23,1,,4.35,0.00,599,1,0,23,1,,4.35,0.00,546,6,23,26.09,10,23,43.48,14,23,60.87,0,0,0,0,0,0,1,0,1,0,0,0,0,0,0,0,NASDAQ100,252
2025-03-06,daily,23,2,21,0,-19,0.10,474,8.70,91.30,-3.54,4.41,0,0,23,0,,0.00,0.00,501,0,5,23,-5,0.00,0.00,21.74,594,0,2,23,-2,0.00,0.00,8.70,544,4,23,17.39,6,23,26.09,14,23,60.87,0,0,0,0,0,0,0,1,0,1,0,1,0,0,0,0,NASDAQ100,252
2025-03-07,daily,23,15,8,0,7,1.88,481,65.22,34.78,0.87,2.98,0,0,23,0,,0.00,0.00,501,1,8,23,-7,0.12,4.35,34.78,587,1,5,23,-4,0.20,4.35,21.74,540,5,23,21.74,7,23,30.43,14,23,60.87,0,0,0,0,0,0,0,0,0,0,0,0,0,0,0,0,NASDAQ100,252
2025-03-10,daily,23,2,21,0,-19,0.10,462,8.70,91.30,-4.74,3.65,0,2,23,-2,0.00,0.00,8.70,499,1,15,23,-14,0.07,4.35,65.22,573,1,9,23,-8,0.11,4.35,39.13,532,3,23,13.04,5,23,21.74,12,23,52.17,0,0,0,0,0,0,0,1,0,1,0,1,0,0,0,0,NASDAQ100,252
2025-03-11,daily,23,13,10,0,3,1.30,465,56.52,43.48,0.36,2.88,0,2,23,-2,0.00,0.00,8.70,497,0,10,23,-10,0.00,0.00,43.48,563,0,8,23,-8,0.00,0.00,34.78,524,1,23,4.35,4,23,17.39,11,23,47.83,0,0,0,0,0,0,0,0,0,0,0,1,0,1,0,0,NASDAQ100,252
2025-03-12,daily,23,15,8,0,7,1.88,472,65.22,34.78,1.84,2.74,0,0,23,0,,0.00,0.00,497,0,4,23,-4,0.00,0.00,17.39,559,0,2,23,-2,0.00,0.00,8.70,522,2,23,8.70,4,23,17.39,10,23,43.48,0,0,0,0,0,0,0,0,0,0,0,1,0,1,0,0,NASDAQ100,252
2025-03-13,daily,23,4,19,0,-15,0.21,457,17.39,82.61,-1.84,1.82,0,0,23,0,,0.00,0.00,497,0,7,23,-7,0.00,0.00,30.43,552,0,4,23,-4,0.00,0.00,17.39,518,2,23,8.70,4,23,17.39,9,23,39.13,0,0,0,0,0,0,0,1,0,1,0,1,0,1,0,0,NASDAQ100,252
2025-03-14,daily,23,22,1,0,21,22.00,478,95.65,4.35,2.64,2.13,0,0,23,0,,0.00,0.00,497,0,1,23,-1,0.00,0.00,4.35,551,0,1,23,-1,0.00,0.00,4.35,517,3,23,13.04,4,23,17.39,10,23,43.48,0,0,0,0,0,0,1,0,1,0,0,1,0,1,0,0,NASDAQ100,252
2025-03-17,daily,23,15,8,0,7,1.88,485,65.22,34.78,0.97,2.37,0,0,23,0,,0.00,0.00,497,0,0,23,0,,0.00,0.00,551,0,0,23,0,,0.00,0.00,517,5,23,21.74,6,23,26.09,12,23,52.17,0,0,0,0,0,0,0,0,0,0,0,0,0,0,0,0,NASDAQ100,252
2025-03-18,daily,23,3,20,0,-17,0.15,468,13.04,86.96,-2.05,2.10,0,0,23,0,,0.00,0.00,497,0,4,23,-4,0.00,0.00,17.39,547,0,4,23,-4,0.00,0.00,17.39,513,5,23,21.74,5,23,21.74,11,23,47.83,0,0,0,0,0,0,0,1,0,1,0,0,0,0,0,0,NASDAQ100,252
2025-03-19,daily,23,19,4,0,15,4.75,483,82.61,17.39,1.64,1.79,0,0,23,0,,0.00,0.00,497,0,0,23,0,,0.00,0.00,547,0,0,23,0,,0.00,0.00,513,7,23,30.43,6,23,26.09,11,23,47.83,0,0,0,0,0,0,1,0,1,0,0,0,0,0,0,0,NASDAQ100,252
2025-03-20,daily,23,8,15,0,-7,0.53,476,34.78,65.22,0.03,1.39,0,0,23,0,,0.00,0.00,497,0,0,23,0,,0.00,0.00,547,0,0,23,0,,0.00,0.00,513,8,23,34.78,5,23,21.74,11,23,47.83,0,0,0,0,0,0,0,0,0,0,0,0,0,0,0,0,NASDAQ100,252
2025-03-21,daily,23,14,9,0,5,1.56,481,60.87,39.13,0.47,1.93,0,0,23,0,,0.00,0.00,497,0,0,23,0,,0.00,0.00,547,0,0,23,0,,0.00,0.00,513,8,23,34.78,6,23,26.09,11,23,47.83,0,0,0,0,0,0,0,0,0,0,0,0,0,0,0,0,NASDAQ100,252
2025-03-24,daily,23,20,3,0,17,6.67,498,86.96,13.04,2.85,3.04,0,0,23,0,,0.00,0.00,497,2,1,23,1,2.00,8.70,4.35,548,0,0,23,0,,0.00,0.00,513,13,23,56.52,7,23,30.43,14,23,60.87,0,0,0,0,0,0,1,0,1,0,0,0,0,0,0,0,NASDAQ100,252
2025-03-25,daily,23,15,8,0,7,1.88,505,65.22,34.78,0.49,1.51,0,0,23,0,,0.00,0.00,497,2,1,23,1,2.00,8.70,4.35,549,0,0,23,0,,0.00,0.00,513,16,23,69.57,7,23,30.43,14,23,60.87,0,0,0,0,0,0,0,0,0,0,0,0,0,0,0,0,NASDAQ100,252
2025-03-26,daily,23,3,20,0,-17,0.15,488,13.04,86.96,-2.27,2.10,0,0,23,0,,0.00,0.00,497,1,1,23,0,1.00,4.35,4.35,549,0,0,23,0,,0.00,0.00,513,11,23,47.83,7,23,30.43,12,23,52.17,0,0,0,0,0,0,0,1,0,1,0,0,0,0,0,0,NASDAQ100,252
2025-03-27,daily,23,11,12,0,-1,0.92,487,47.83,52.17,-1.38,4.38,0,0,23,0,,0.00,0.00,497,0,1,23,-1,0.00,0.00,4.35,548,0,1,23,-1,0.00,0.00,4.35,512,10,23,43.48,5,23,21.74,12,23,52.17,0,0,0,0,0,0,0,0,0,0,0,0,0,0,0,0,NASDAQ100,252
2025-03-28,daily,23,3,20,0,-17,0.15,470,13.04,86.96,-2.89,3.28,0,0,23,0,,0.00,0.00,497,0,6,23,-6,0.00,0.00,26.09,542,0,5,23,-5,0.00,0.00,21.74,507,2,23,8.70,4,23,17.39,10,23,43.48,0,0,0,0,0,0,0,1,0,1,0,1,0,1,0,0,NASDAQ100,252
2025-03-31,daily,23,9,14,0,-5,0.64,465,39.13,60.87,-0.42,1.42,0,2,23,-2,0.00,0.00,8.70,495,0,10,23,-10,0.00,0.00,43.48,532,0,10,23,-10,0.00,0.00,43.48,497,5,23,21.74,4,23,17.39,8,23,34.78,0,0,0,0,0,0,0,0,0,0,0,0,0,1,0,0,NASDAQ100,252
2025-04-01,daily,23,18,5,0,13,3.60,478,78.26,21.74,0.97,1.78,0,0,23,0,,0.00,0.00,495,0,1,23,-1,0.00,0.00,4.35,531,0,1,23,-1,0.00,0.00,4.35,496,5,23,21.74,3,23,13.04,9,23,39.13,0,0,0,0,0,0,1,0,1,0,0,0,0,1,0,0,NASDAQ100,252
2025-04-02,daily,23,15,8,0,7,1.88,485,65.22,34.78,0.74,1.65,0,0,23,0,,0.00,0.00,495,0,2,23,-2,0.00,0.00,8.70,529,0,1,23,-1,0.00,0.00,4.35,495,9,23,39.13,3,23,13.04,8,23,34.78,0,0,0,0,0,0,0,0,0,0,0,0,0,1,0,0,NASDAQ100,252
2025-04-03,daily,23,4,19,0,-15,0.21,470,17.39,82.61,-5.25,4.04,0,3,23,-3,0.00,0.00,13.04,492,1,13,23,-12,0.08,4.35,56.52,517,0,12,23,-12,0.00,0.00,52.17,483,3,23,13.04,3,23,13.04,8,23,34.78,0,0,0,0,0,0,0,1,0,1,0,1,0,1,0,0,NASDAQ100,252
2025-04-04,daily,23,1,22,0,-21,0.05,449,4.35,95.65,-6.41,3.74,0,6,23,-6,0.00,0.00,26.09,486,0,21,23,-21,0.00,0.00,91.30,496,0,15,23,-15,0.00,0.00,65.22,468,0,23,0.00,0,23,0.00,3,23,13.04,0,0,0,0,0,0,0,1,0,1,0,1,0,1,0,1,NASDAQ100,252
2025-04-07,daily,23,13,10,0,3,1.30,452,56.52,43.48,0.61,2.89,0,6,23,-6,0.00,0.00,26.09,480,0,22,23,-22,0.00,0.00,95.65,474,0,17,23,-17,0.00,0.00,73.91,451,0,23,0.00,0,23,0.00,4,23,17.39,0,0,0,0,0,0,0,0,0,0,0,1,0,1,0,1,NASDAQ100,252
2025-04-08,daily,23,4,19,0,-15,0.21,437,17.39,82.61,-2.24,2.34,0,1,23,-1,0.00,0.00,4.35,479,0,4,23,-4,0.00,0.00,17.39,470,0,3,23,-3,0.00,0.00,13.04,448,0,23,0.00,0,23,0.00,4,23,17.39,0,0,0,0,0,0,0,1,0,1,0,1,0,1,0,1,NASDAQ100,252
2025-04-09,daily,23,23,0,0,23,,460,100.00,0.00,12.24,6.36,0,1,23,-1,0.00,0.00,4.35,478,1,4,23,-3,0.25,4.35,17.39,467,0,2,23,-2,0.00,0.00,8.70,446,11,23,47.83,0,23,0.00,9,23,39.13,0,0,0,0,0,0,0,0,1,0,0,0,0,1,0,0,NASDAQ100,252
2025-04-10,daily,23,1,22,0,-21,0.05,439,4.35,95.65,-4.51,2.27,0,1,23,-1,0.00,0.00,4.35,477,0,1,23,-1,0.00,0.00,4.35,466,0,1,23,-1,0.00,0.00,4.35,445,2,23,8.70,0,23,0.00,6,23,26.09,0,0,0,0,0,0,0,1,0,1,0,1,0,1,0,0,NASDAQ100,252
2025-04-11,daily,23,17,6,0,11,2.83,450,73.91,26.09,1.69,2.26,0,0,23,0,,0.00,0.00,477,0,0,23,0,,0.00,0.00,466,0,0,23,0,,0.00,0.00,445,6,23,26.09,0,23,0.00,6,23,26.09,0,0,0,0,0,0,1,0,1,0,0,0,0,1,0,0,NASDAQ100,252
2025-04-14,daily,23,14,9,0,5,1.56,455,60.87,39.13,0.57,2.24,0,0,23,0,,0.00,0.00,477,0,0,23,0,,0.00,0.00,466,0,0,23,0,,0.00,0.00,445,8,23,34.78,1,23,4.35,6,23,26.09,0,0,0,0,0,0,0,0,0,0,0,0,0,1,0,0,NASDAQ100,252
2025-04-15,daily,23,10,13,0,-3,0.77,452,43.48,56.52,0.45,2.10,0,0,23,0,,0.00,0.00,477,1,0,23,1,,4.35,0.00,467,0,0,23,0,,0.00,0.00,445,8,23,34.78,3,23,13.04,6,23,26.09,0,0,0,0,0,0,0,0,0,0,0,0,0,1,0,0,NASDAQ100,252
2025-04-16,daily,23,0,23,0,-23,0.00,429,0.00,100.00,-3.47,2.01,0,0,23,0,,0.00,0.00,477,0,0,23,0,,0.00,0.00,467,0,0,23,0,,0.00,0.00,445,4,23,17.39,1,23,4.35,6,23,26.09,0,0,0,0,0,0,0,1,0,1,0,1,0,1,0,0,NASDAQ100,252
2025-04-17,daily,23,12,10,1,2,1.20,431,52.17,43.48,0.13,1.56,0,0,23,0,,0.00,0.00,477,1,0,23,1,,4.35,0.00,468,0,0,23,0,,0.00,0.00,445,4,23,17.39,4,23,17.39,6,23,26.09,0,0,0,0,0,0,0,0,0,0,0,1,0,1,0,0,NASDAQ100,252
2025-04-21,daily,23,3,20,0,-17,0.15,414,13.04,86.96,-2.27,1.77,0,0,23,0,,0.00,0.00,477,1,1,23,0,1.00,4.35,4.35,468,0,1,23,-1,0.00,0.00,4.35,444,3,23,13.04,1,23,4.35,4,23,17.39,0,0,0,0,0,0,0,1,0,1,0,1,0,1,0,1,NASDAQ100,252
2025-04-22,daily,23,23,0,0,23,,437,100.00,0.00,2.71,1.14,1,0,23,1,,4.35,0.00,478,1,0,23,1,,4.35,0.00,469,1,0,23,1,,4.35,0.00,445,3,23,13.04,3,23,13.04,5,23,21.74,0,0,0,0,0,0,0,0,1,0,0,1,0,1,0,0,NASDAQ100,252
2025-04-23,daily,23,21,2,0,19,10.50,456,91.30,8.70,2.71,2.01,0,0,23,0,,0.00,0.00,478,1,0,23,1,,4.35,0.00,470,0,0,23,0,,0.00,0.00,445,9,23,39.13,2,23,8.70,6,23,26.09,0,0,0,0,0,0,1,0,1,0,0,0,0,1,0,0,NASDAQ100,252
2025-04-24,daily,23,22,1,0,21,22.00,477,95.65,4.35,3.14,1.83,1,0,23,1,,4.35,0.00,479,3,0,23,3,,13.04,0.00,473,1,0,23,1,,4.35,0.00,446,20,23,86.96,4,23,17.39,7,23,30.43,0,0,0,0,0,0,1,0,1,0,1,0,0,1,0,0,NASDAQ100,252
2025-04-25,daily,23,21,2,0,19,10.50,496,91.30,8.70,1.22,3.50,1,0,23,1,,4.35,0.00,480,6,1,23,5,6.00,26.09,4.35,478,1,0,23,1,,4.35,0.00,447,20,23,86.96,6,23,26.09,8,23,34.78,0,0,0,0,0,0,1,0,1,0,1,0,0,0,0,0,NASDAQ100,252
2025-04-28,daily,23,13,10,0,3,1.30,499,56.52,43.48,0.15,1.04,1,0,23,1,,4.35,0.00,481,3,0,23,3,,13.04,0.00,481,1,0,23,1,,4.35,0.00,448,21,23,91.30,6,23,26.09,8,23,34.78,0,0,0,0,0,0,0,0,0,0,1,0,0,0,0,0,NASDAQ100,252
2025-04-29,daily,23,16,7,0,9,2.29,508,69.57,30.43,0.71,0.98,1,0,23,1,,4.35,0.00,482,3,0,23,3,,13.04,0.00,484,1,0,23,1,,4.35,0.00,449,22,23,95.65,6,23,26.09,9,23,39.13,0,0,0,0,0,0,1,0,0,0,1,0,0,0,0,0,NASDAQ100,252
2025-04-30,daily,23,15,8,0,7,1.88,515,65.22,34.78,-0.09,1.89,1,0,23,1,,4.35,0.00,483,3,0,23,3,,13.04,0.00,487,1,0,23,1,,4.35,0.00,450,22,23,95.65,7,23,30.43,8,23,34.78,0,0,0,0,0,0,0,0,0,0,1,0,0,0,0,0,NASDAQ100,252
2025-05-01,daily,23,15,8,0,7,1.88,522,65.22,34.78,0.50,3.06,1,0,23,1,,4.35,0.00,484,8,0,23,8,,34.78,0.00,495,2,0,23,2,,8.70,0.00,452,20,23,86.96,7,23,30.43,9,23,39.13,0,0,0,0,0,0,0,0,0,0,1,0,0,0,0,0,NASDAQ100,252
2025-05-02,daily,23,20,3,0,17,6.67,539,86.96,13.04,2.56,2.63,1,0,23,1,,4.35,0.00,485,14,0,23,14,,60.87,0.00,509,2,0,23,2,,8.70,0.00,454,21,23,91.30,14,23,60.87,10,23,43.48,0,0,0,0,0,0,1,0,1,0,1,0,0,0,0,0,NASDAQ100,252
2025-05-05,daily,23,8,15,0,-7,0.53,532,34.78,65.22,-0.52,1.14,0,0,23,0,,0.00,0.00,485,5,0,23,5,,21.74,0.00,514,1,0,23,1,,4.35,0.00,455,19,23,82.61,13,23,56.52,10,23,43.48,0,0,0,0,0,0,0,0,0,0,1,0,0,0,0,0,NASDAQ100,252
2025-05-06,daily,23,5,18,0,-13,0.28,519,21.74,78.26,-1.17,2.69,0,0,23,0,,0.00,0.00,485,2,0,23,2,,8.70,0.00,516,0,0,23,0,,0.00,0.00,455,20,23,86.96,13,23,56.52,10,23,43.48,0,0,0,0,0,0,0,1,0,1,1,0,0,0,0,0,NASDAQ100,252
2025-05-07,daily,23,15,8,0,7,1.88,526,65.22,34.78,0.27,2.78,1,0,23,1,,4.35,0.00,486,7,0,23,7,,30.43,0.00,523,1,0,23,1,,4.35,0.00,456,18,23,78.26,13,23,56.52,10,23,43.48,0,0,0,0,0,0,0,0,0,0,0,0,0,0,0,0,NASDAQ100,252
2025-05-08,daily,23,19,4,0,15,4.75,541,82.61,17.39,1.34,3.13,0,0,23,0,,0.00,0.00,486,11,1,23,10,11.00,47.83,4.35,533,1,1,23,0,1.00,4.35,4.35,456,17,23,73.91,14,23,60.87,10,23,43.48,0,0,0,0,0,0,1,0,1,0,0,0,0,0,0,0,NASDAQ100,252
2025-05-09,daily,23,10,13,0,-3,0.77,538,43.48,56.52,-0.27,1.46,0,0,23,0,,0.00,0.00,486,3,1,23,2,3.00,13.04,4.35,535,0,1,23,-1,0.00,0.00,4.35,455,17,23,73.91,14,23,60.87,11,23,47.83,0,0,0,0,0,0,0,0,0,0,0,0,0,0,0,0,NASDAQ100,252
2025-05-12,daily,23,21,2,0,19,10.50,557,91.30,8.70,4.27,2.94,0,0,23,0,,0.00,0.00,486,14,2,23,12,7.00,60.87,8.70,547,1,1,23,0,1.00,4.35,4.35,455,20,23,86.96,18,23,78.26,14,23,60.87,0,0,0,0,0,0,1,0,1,0,1,0,0,0,0,0,NASDAQ100,252
2025-05-13,daily,23,17,6,0,11,2.83,568,73.91,26.09,1.88,2.73,1,0,23,1,,4.35,0.00,487,15,0,23,15,,65.22,0.00,562,2,0,23,2,,8.70,0.00,457,20,23,86.96,18,23,78.26,15,23,65.22,0,0,0,0,0,0,1,0,1,0,1,0,0,0,0,0,NASDAQ100,252
2025-05-14,daily,23,14,9,0,5,1.56,573,60.87,39.13,0.91,2.05,1,0,23,1,,4.35,0.00,488,11,2,23,9,5.50,47.83,8.70,571,3,1,23,2,3.00,13.04,4.35,459,19,23,82.61,20,23,86.96,16,23,69.57,0,0,0,0,0,0,0,0,0,0,1,0,1,0,0,0,NASDAQ100,252
2025-05-15,daily,23,9,14,0,-5,0.64,568,39.13,60.87,0.01,2.04,1,0,23,1,,4.35,0.00,489,5,0,23,5,,21.74,0.00,576,2,0,23,2,,8.70,0.00,461,20,23,86.96,20,23,86.96,16,23,69.57,0,0,0,0,0,0,0,0,0,0,1,0,1,0,0,0,NASDAQ100,252
2025-05-16,daily,23,15,8,0,7,1.88,575,65.22,34.78,0.43,1.06,1,0,23,1,,4.35,0.00,490,7,0,23,7,,30.43,0.00,583,1,0,23,1,,4.35,0.00,462,20,23,86.96,20,23,86.96,16,23,69.57,0,0,0,0,0,0,0,0,0,0,1,0,1,0,0,0,NASDAQ100,252
2025-05-19,daily,23,18,5,0,13,3.60,588,78.26,21.74,0.16,1.16,0,0,23,0,,0.00,0.00,490,3,0,23,3,,13.04,0.00,586,1,0,23,1,,4.35,0.00,463,22,23,95.65,20,23,86.96,16,23,69.57,0,0,0,0,0,0,1,0,1,0,1,0,1,0,0,0,NASDAQ100,252
2025-05-20,daily,23,7,16,0,-9,0.44,579,30.43,69.57,-0.50,0.77,0,0,23,0,,0.00,0.00,490,3,0,23,3,,13.04,0.00,589,0,0,23,0,,0.00,0.00,463,22,23,95.65,19,23,82.61,16,23,69.57,0,0,0,0,0,0,0,1,0,0,1,0,1,0,0,0,NASDAQ100,252
2025-05-21,daily,23,3,20,0,-17,0.15,562,13.04,86.96,-1.03,1.55,1,0,23,1,,4.35,0.00,491,7,0,23,7,,30.43,0.00,596,2,0,23,2,,8.70,0.00,465,20,23,86.96,19,23,82.61,16,23,69.57,0,0,0,0,0,0,0,1,0,1,1,0,1,0,0,0,NASDAQ100,252
2025-05-22,daily,23,16,7,0,9,2.29,571,69.57,30.43,0.25,1.24,0,0,23,0,,0.00,0.00,491,3,0,23,3,,13.04,0.00,599,1,0,23,1,,4.35,0.00,466,19,23,82.61,19,23,82.61,17,23,73.91,0,0,0,0,0,0,1,0,0,0,1,0,1,0,0,0,NASDAQ100,252
2025-05-23,daily,23,4,19,0,-15,0.21,556,17.39,82.61,-0.75,1.03,0,0,23,0,,0.00,0.00,491,0,0,23,0,,0.00,0.00,599,0,0,23,0,,0.00,0.00,466,17,23,73.91,18,23,78.26,14,23,60.87,0,0,0,0,0,0,0,1,0,1,0,0,0,0,0,0,NASDAQ100,252
2025-05-27,daily,23,22,1,0,21,22.00,577,95.65,4.35,1.95,3.82,1,0,23,1,,4.35,0.00,492,4,1,23,3,4.00,17.39,4.35,602,4,0,23,4,,17.39,0.00,470,20,23,86.96,19,23,82.61,17,23,73.91,0,0,0,0,0,0,1,0,1,0,1,0,1,0,0,0,NASDAQ100,252
2025-05-28,daily,23,6,17,0,-11,0.35,566,26.09,73.91,-0.55,1.35,1,0,23,1,,4.35,0.00,493,5,0,23,5,,21.74,0.00,607,5,0,23,5,,21.74,0.00,475,20,23,86.96,19,23,82.61,16,23,69.57,0,0,0,0,0,0,0,1,0,1,1,0,1,0,0,0,NASDAQ100,252
2025-05-29,daily,23,14,9,0,5,1.56,571,60.87,39.13,0.14,1.08,0,0,23,0,,0.00,0.00,493,4,0,23,4,,17.39,0.00,611,4,0,23,4,,17.39,0.00,479,19,23,82.61,19,23,82.61,16,23,69.57,0,0,0,0,0,0,0,0,0,0,1,0,1,0,0,0,NASDAQ100,252
2025-05-30,daily,23,11,12,0,-1,0.92,570,47.83,52.17,0.32,2.37,0,0,23,0,,0.00,0.00,493,2,1,23,1,2.00,8.70,4.35,612,0,0,23,0,,0.00,0.00,479,19,23,82.61,19,23,82.61,17,23,73.91,0,0,0,0,0,0,0,0,0,0,1,0,1,0,0,0,NASDAQ100,252
2025-06-02,daily,23,18,5,0,13,3.60,583,78.26,21.74,0.82,1.44,2,0,23,2,,8.70,0.00,495,6,0,23,6,,26.09,0.00,618,5,0,23,5,,21.74,0.00,484,20,23,86.96,20,23,86.96,16,23,69.57,0,0,0,0,0,0,1,0,1,0,1,0,1,0,0,0,NASDAQ100,252
2025-06-03,daily,23,14,9,0,5,1.56,588,60.87,39.13,0.60,1.43,3,0,23,3,,13.04,0.00,498,9,0,23,9,,39.13,0.00,627,7,0,23,7,,30.43,0.00,491,21,23,91.30,20,23,86.96,15,23,65.22,0,0,0,0,0,0,0,0,0,0,1,0,1,0,0,0,NASDAQ100,252
2025-06-04,daily,23,16,7,0,9,2.29,597,69.57,30.43,0.49,1.67,3,0,23,3,,13.04,0.00,501,7,0,23,7,,30.43,0.00,634,5,0,23,5,,21.74,0.00,496,19,23,82.61,20,23,86.96,16,23,69.57,0,0,0,0,0,0,1,0,0,0,1,0,1,0,0,0,NASDAQ100,252
2025-06-05,daily,23,10,13,0,-3,0.77,594,43.48,56.52,-1.33,3.40,2,0,23,2,,8.70,0.00,503,5,1,23,4,5.00,21.74,4.35,638,5,0,23,5,,21.74,0.00,501,17,23,73.91,19,23,82.61,15,23,65.22,0,0,0,0,0,0,0,0,0,0,0,0,1,0,0,0,NASDAQ100,252
2025-06-06,daily,23,19,4,0,15,4.75,609,82.61,17.39,0.36,4.85,2,0,23,2,,8.70,0.00,505,5,1,23,4,5.00,21.74,4.35,642,3,0,23,3,,13.04,0.00,504,18,23,78.26,20,23,86.96,16,23,69.57,0,0,0,0,0,0,1,0,1,0,0,0,1,0,0,0,NASDAQ100,252
2025-06-09,daily,23,12,11,0,1,1.09,610,52.17,47.83,0.07,3.06,2,0,23,2,,8.70,0.00,507,8,2,23,6,4.00,34.78,8.70,648,6,0,23,6,,26.09,0.00,510,16,23,69.57,19,23,82.61,17,23,73.91,0,0,0,0,0,0,0,0,0,0,0,0,1,0,0,0,NASDAQ100,252
2025-06-10,daily,23,18,5,0,13,3.60,623,78.26,21.74,0.77,1.42,0,0,23,0,,0.00,0.00,507,7,1,23,6,7.00,30.43,4.35,654,4,0,23,4,,17.39,0.00,514,16,23,69.57,19,23,82.61,19,23,82.61,0,0,0,0,0,0,1,0,1,0,0,0,1,0,1,0,NASDAQ100,252
2025-06-11,daily,23,7,16,0,-9,0.44,614,30.43,69.57,-0.42,1.48,2,0,23,2,,8.70,0.00,509,9,2,23,7,4.50,39.13,8.70,661,8,0,23,8,,34.78,0.00,522,16,23,69.57,18,23,78.26,16,23,69.57,0,0,0,0,0,0,0,1,0,0,0,0,0,0,0,0,NASDAQ100,252
2025-06-12,daily,23,11,12,0,-1,0.92,613,47.83,52.17,-0.15,1.28,1,0,23,1,,4.35,0.00,510,4,2,23,2,2.00,17.39,8.70,663,2,1,23,1,2.00,8.70,4.35,523,15,23,65.22,18,23,78.26,17,23,73.91,0,0,0,0,0,0,0,0,0,0,0,0,0,0,0,0,NASDAQ100,252
2025-06-13,daily,23,2,21,0,-19,0.10,594,8.70,91.30,-1.29,1.48,0,0,23,0,,0.00,0.00,510,1,3,23,-2,0.33,4.35,13.04,661,0,1,23,-1,0.00,0.00,4.35,522,15,23,65.22,17,23,73.91,16,23,69.57,0,0,0,0,0,0,0,1,0,1,0,0,0,0,0,0,NASDAQ100,252
2025-06-16,daily,23,21,2,0,19,10.50,613,91.30,8.70,1.63,1.83,2,0,23,2,,8.70,0.00,512,4,1,23,3,4.00,17.39,4.35,664,4,0,23,4,,17.39,0.00,526,15,23,65.22,17,23,73.91,17,23,73.91,0,0,0,0,0,0,1,0,1,0,0,0,0,0,0,0,NASDAQ100,252
2025-06-17,daily,23,1,22,0,-21,0.05,592,4.35,95.65,-1.39,1.28,0,0,23,0,,0.00,0.00,512,1,3,23,-2,0.33,4.35,13.04,662,1,2,23,-1,0.50,4.35,8.70,525,14,23,60.87,17,23,73.91,15,23,65.22,0,0,0,0,0,0,0,1,0,1,0,0,0,0,0,0,NASDAQ100,252
2025-06-18,daily,23,9,14,0,-5,0.64,587,39.13,60.87,-0.33,1.35,1,0,23,1,,4.35,0.00,513,1,3,23,-2,0.33,4.35,13.04,660,1,1,23,0,1.00,4.35,4.35,525,14,23,60.87,17,23,73.91,15,23,65.22,0,0,0,0,0,0,0,0,0,0,0,0,0,0,0,0,NASDAQ100,252
2025-06-20,daily,23,7,16,0,-9,0.44,578,30.43,69.57,-0.85,1.75,2,0,23,2,,8.70,0.00,515,4,4,23,0,1.00,17.39,17.39,660,4,1,23,3,4.00,17.39,4.35,528,12,23,52.17,15,23,65.22,13,23,56.52,0,0,0,0,0,0,0,1,0,0,0,0,0,0,0,0,NASDAQ100,252
2025-06-23,daily,23,18,5,0,13,3.60,591,78.26,21.74,1.17,2.45,2,1,23,1,2.00,8.70,4.35,516,3,5,23,-2,0.60,13.04,21.74,658,3,1,23,2,3.00,13.04,4.35,530,13,23,56.52,17,23,73.91,13,23,56.52,0,0,0,0,0,0,1,0,1,0,0,0,0,0,0,0,NASDAQ100,252
2025-06-24,daily,23,19,4,0,15,4.75,606,82.61,17.39,1.97,2.02,4,0,23,4,,17.39,0.00,520,9,0,23,9,,39.13,0.00,667,8,0,23,8,,34.78,0.00,538,14,23,60.87,17,23,73.91,13,23,56.52,0,0,0,0,0,0,1,0,1,0,0,0,0,0,0,0,NASDAQ100,252
2025-06-25,daily,23,12,11,0,1,1.09,607,52.17,47.83,0.19,1.81,6,0,23,6,,26.09,0.00,526,10,1,23,9,10.00,43.48,4.35,676,9,0,23,9,,39.13,0.00,547,13,23,56.52,16,23,69.57,13,23,56.52,0,0,0,0,0,0,0,0,0,0,0,0,0,0,0,0,NASDAQ100,252
2025-06-26,daily,23,17,6,0,11,2.83,618,73.91,26.09,0.82,1.31,6,0,23,6,,26.09,0.00,532,8,0,23,8,,34.78,0.00,684,8,0,23,8,,34.78,0.00,555,16,23,69.57,17,23,73.91,17,23,73.91,0,0,0,0,0,0,1,0,1,0,0,0,0,0,0,0,NASDAQ100,252
2025-06-27,daily,23,12,11,0,1,1.09,619,52.17,47.83,-0.05,2.50,5,0,23,5,,21.74,0.00,537,8,0,23,8,,34.78,0.00,692,8,0,23,8,,34.78,0.00,563,16,23,69.57,15,23,65.22,18,23,78.26,0,0,0,0,0,0,0,0,0,0,0,0,0,0,0,0,NASDAQ100,252
2025-06-30,daily,23,17,6,0,11,2.83,630,73.91,26.09,0.71,1.67,5,0,23,5,,21.74,0.00,542,8,1,23,7,8.00,34.78,4.35,699,7,0,23,7,,30.43,0.00,570,17,23,73.91,17,23,73.91,18,23,78.26,0,0,0,0,0,0,1,0,1,0,0,0,0,0,0,0,NASDAQ100,252
2025-07-01,daily,23,8,15,0,-7,0.53,623,34.78,65.22,-0.93,2.52,0,0,23,0,,0.00,0.00,542,1,0,23,1,,4.35,0.00,700,0,0,23,0,,0.00,0.00,570,17,23,73.91,18,23,78.26,19,23,82.61,0,0,0,0,0,0,0,0,0,0,0,0,0,0,1,0,NASDAQ100,252
2025-07-02,daily,23,13,10,0,3,1.30,626,56.52,43.48,0.74,1.56,0,0,23,0,,0.00,0.00,542,2,0,23,2,,8.70,0.00,702,1,0,23,1,,4.35,0.00,571,17,23,73.91,17,23,73.91,20,23,86.96,0,0,0,0,0,0,0,0,0,0,0,0,0,0,1,0,NASDAQ100,252
2025-07-03,daily,23,17,6,0,11,2.83,637,73.91,26.09,0.63,1.00,2,0,23,2,,8.70,0.00,544,5,1,23,4,5.00,21.74,4.35,706,5,0,23,5,,21.74,0.00,576,18,23,78.26,17,23,73.91,19,23,82.61,0,0,0,0,0,0,1,0,1,0,0,0,0,0,1,0,NASDAQ100,252
2025-07-07,daily,23,6,17,0,-11,0.35,626,26.09,73.91,-0.97,2.00,0,0,23,0,,0.00,0.00,544,2,0,23,2,,8.70,0.00,708,2,0,23,2,,8.70,0.00,578,19,23,82.61,15,23,65.22,18,23,78.26,0,0,0,0,0,0,0,1,0,1,1,0,0,0,0,0,NASDAQ100,252
2025-07-08,daily,23,12,11,0,1,1.09,627,52.17,47.83,0.03,1.09,0,0,23,0,,0.00,0.00,544,1,1,23,0,1.00,4.35,4.35,708,0,0,23,0,,0.00,0.00,578,16,23,69.57,15,23,65.22,16,23,69.57,0,0,0,0,0,0,0,0,0,0,0,0,0,0,0,0,NASDAQ100,252
2025-07-09,daily,23,16,7,0,9,2.29,636,69.57,30.43,0.69,1.15,3,0,23,3,,13.04,0.00,547,5,1,23,4,5.00,21.74,4.35,712,5,0,23,5,,21.74,0.00,583,19,23,82.61,17,23,73.91,17,23,73.91,0,0,0,0,0,0,1,0,0,0,1,0,0,0,0,0,NASDAQ100,252
2025-07-10,daily,23,10,13,0,-3,0.77,633,43.48,56.52,0.16,1.71,2,0,23,2,,8.70,0.00,549,3,1,23,2,3.00,13.04,4.35,714,3,0,23,3,,13.04,0.00,586,18,23,78.26,16,23,69.57,17,23,73.91,0,0,0,0,0,0,0,0,0,0,0,0,0,0,0,0,NASDAQ100,252
2025-07-11,daily,23,8,15,0,-7,0.53,626,34.78,65.22,-0.31,1.26,1,0,23,1,,4.35,0.00,550,4,1,23,3,4.00,17.39,4.35,717,4,0,23,4,,17.39,0.00,590,16,23,69.57,16,23,69.57,17,23,73.91,0,0,0,0,0,0,0,0,0,0,0,0,0,0,0,0,NASDAQ100,252
2025-07-14,daily,23,15,8,0,7,1.88,633,65.22,34.78,0.47,2.00,1,0,23,1,,4.35,0.00,551,3,0,23,3,,13.04,0.00,720,3,0,23,3,,13.04,0.00,593,15,23,65.22,16,23,69.57,17,23,73.91,0,0,0,0,0,0,0,0,0,0,0,0,0,0,0,0,NASDAQ100,252
2025-07-15,daily,23,11,12,0,-1,0.92,632,47.83,52.17,0.14,2.11,4,0,23,4,,17.39,0.00,555,9,0,23,9,,39.13,0.00,729,9,0,23,9,,39.13,0.00,602,13,23,56.52,15,23,65.22,15,23,65.22,0,0,0,0,0,0,0,0,0,0,0,0,0,0,0,0,NASDAQ100,252
2025-07-16,daily,23,14,9,0,5,1.56,637,60.87,39.13,0.10,2.23,1,0,23,1,,4.35,0.00,556,3,2,23,1,1.50,13.04,8.70,730,3,0,23,3,,13.04,0.00,605,13,23,56.52,14,23,60.87,15,23,65.22,0,0,0,0,0,0,0,0,0,0,0,0,0,0,0,0,NASDAQ100,252
2025-07-17,daily,23,15,8,0,7,1.88,644,65.22,34.78,0.64,1.27,4,0,23,4,,17.39,0.00,560,7,2,23,5,3.50,30.43,8.70,735,5,0,23,5,,21.74,0.00,610,14,23,60.87,15,23,65.22,15,23,65.22,0,0,0,0,0,0,0,0,0,0,0,0,0,0,0,0,NASDAQ100,252
2025-07-18,daily,23,11,12,0,-1,0.92,643,47.83,52.17,-0.21,1.56,2,0,23,2,,8.70,0.00,562,6,1,23,5,6.00,26.09,4.35,740,4,0,23,4,,17.39,0.00,614,13,23,56.52,16,23,69.57,15,23,65.22,0,0,0,0,0,0,0,0,0,0,0,0,0,0,0,0,NASDAQ100,252
2025-07-21,daily,23,15,8,0,7,1.88,650,65.22,34.78,0.58,1.54,1,0,23,1,,4.35,0.00,563,6,4,23,2,1.50,26.09,17.39,742,4,0,23,4,,17.39,0.00,618,16,23,69.57,17,23,73.91,16,23,69.57,0,0,0,0,0,0,0,0,0,0,0,0,0,0,0,0,NASDAQ100,252
2025-07-22,daily,23,9,14,0,-5,0.64,645,39.13,60.87,-0.51,1.99,0,0,23,0,,0.00,0.00,563,5,4,23,1,1.25,21.74,17.39,743,4,1,23,3,4.00,17.39,4.35,621,16,23,69.57,15,23,65.22,17,23,73.91,0,0,0,0,0,0,0,0,0,0,0,0,0,0,0,0,NASDAQ100,252
2025-07-23,daily,23,17,6,0,11,2.83,656,73.91,26.09,1.01,1.53,0,0,23,0,,0.00,0.00,563,5,3,23,2,1.67,21.74,13.04,745,3,1,23,2,3.00,13.04,4.35,623,17,23,73.91,16,23,69.57,17,23,73.91,0,0,0,0,0,0,1,0,1,0,0,0,0,0,0,0,NASDAQ100,252
2025-07-24,daily,23,13,10,0,3,1.30,659,56.52,43.48,0.11,2.47,1,1,23,0,1.00,4.35,4.35,563,8,4,23,4,2.00,34.78,17.39,749,6,3,23,3,2.00,26.09,13.04,626,15,23,65.22,16,23,69.57,18,23,78.26,0,0,0,0,0,0,0,0,0,0,0,0,0,0,0,0,NASDAQ100,252
2025-07-25,daily,23,14,9,0,5,1.56,664,60.87,39.13,0.36,1.30,4,1,23,3,4.00,17.39,4.35,566,5,1,23,4,5.00,21.74,4.35,753,5,1,23,4,5.00,21.74,4.35,630,17,23,73.91,17,23,73.91,17,23,73.91,0,0,0,0,0,0,0,0,0,0,0,0,0,0,0,0,NASDAQ100,252
2025-07-28,daily,23,10,13,0,-3,0.77,661,43.48,56.52,0.29,1.66,3,1,23,2,3.00,13.04,4.35,568,3,2,23,1,1.50,13.04,8.70,754,3,2,23,1,1.50,13.04,8.70,631,17,23,73.91,18,23,78.26,18,23,78.26,0,0,0,0,0,0,0,0,0,0,0,0,0,0,0,0,NASDAQ100,252
2025-07-29,daily,23,12,11,0,1,1.09,662,52.17,47.83,-0.11,1.42,3,1,23,2,3.00,13.04,4.35,570,5,2,23,3,2.50,21.74,8.70,757,3,2,23,1,1.50,13.04,8.70,632,15,23,65.22,16,23,69.57,18,23,78.26,0,0,0,0,0,0,0,0,0,0,0,0,0,0,0,0,NASDAQ100,252
2025-07-30,daily,23,14,9,0,5,1.56,667,60.87,39.13,0.16,1.53,2,1,23,1,2.00,8.70,4.35,571,3,3,23,0,1.00,13.04,13.04,757,3,2,23,1,1.50,13.04,8.70,633,15,23,65.22,16,23,69.57,18,23,78.26,0,0,0,0,0,0,0,0,0,0,0,0,0,0,0,0,NASDAQ100,252
2025-07-31,daily,23,6,17,0,-11,0.35,656,26.09,73.91,-0.73,4.02,6,1,23,5,6.00,26.09,4.35,576,8,7,23,1,1.14,34.78,30.43,758,7,3,23,4,2.33,30.43,13.04,637,13,23,56.52,16,23,69.57,15,23,65.22,0,0,0,0,0,0,0,1,0,1,0,0,0,0,0,0,NASDAQ100,252
2025-08-01,daily,23,5,18,0,-13,0.28,643,21.74,78.26,-1.61,2.08,0,1,23,-1,0.00,0.00,4.35,575,0,7,23,-7,0.00,0.00,30.43,751,0,2,23,-2,0.00,0.00,8.70,635,11,23,47.83,14,23,60.87,14,23,60.87,0,0,0,0,0,0,0,1,0,1,0,0,0,0,0,0,NASDAQ100,252
2025-08-04,daily,23,21,2,0,19,10.50,662,91.30,8.70,1.88,1.48,1,0,23,1,,4.35,0.00,576,1,1,23,0,1.00,4.35,4.35,751,1,0,23,1,,4.35,0.00,636,15,23,65.22,14,23,60.87,16,23,69.57,0,0,0,0,0,0,1,0,1,0,0,0,0,0,0,0,NASDAQ100,252
2025-08-05,daily,23,3,20,0,-17,0.15,645,13.04,86.96,-0.57,2.11,1,0,23,1,,4.35,0.00,577,2,1,23,1,2.00,8.70,4.35,752,1,0,23,1,,4.35,0.00,637,13,23,56.52,14,23,60.87,15,23,65.22,0,0,0,0,0,0,0,1,0,1,0,0,0,0,0,0,NASDAQ100,252
2025-08-06,daily,23,17,6,0,11,2.83,656,73.91,26.09,0.94,2.72,1,0,23,1,,4.35,0.00,578,1,2,23,-1,0.50,4.35,8.70,751,1,0,23,1,,4.35,0.00,638,16,23,69.57,15,23,65.22,16,23,69.57,0,0,0,0,0,0,1,0,1,0,0,0,0,0,0,0,NASDAQ100,252
2025-08-07,daily,23,19,4,0,15,4.75,671,82.61,17.39,1.22,2.88,4,1,23,3,4.00,17.39,4.35,581,7,2,23,5,3.50,30.43,8.70,756,6,2,23,4,3.00,26.09,8.70,642,16,23,69.57,16,23,69.57,16,23,69.57,0,0,0,0,0,0,1,0,1,0,0,0,0,0,0,0,NASDAQ100,252
2025-08-08,daily,23,20,3,0,17,6.67,688,86.96,13.04,1.30,1.43,2,1,23,1,2.00,8.70,4.35,582,7,1,23,6,7.00,30.43,4.35,762,6,1,23,5,6.00,26.09,4.35,647,17,23,73.91,17,23,73.91,20,23,86.96,0,0,0,0,0,0,1,0,1,0,0,0,0,0,1,0,NASDAQ100,252
2025-08-11,daily,23,8,15,0,-7,0.53,681,34.78,65.22,-0.08,1.18,1,1,23,0,1.00,4.35,4.35,582,4,1,23,3,4.00,17.39,4.35,765,2,1,23,1,2.00,8.70,4.35,648,17,23,73.91,17,23,73.91,19,23,82.61,0,0,0,0,0,0,0,0,0,0,0,0,0,0,1,0,NASDAQ100,252
2025-08-12,daily,23,22,1,0,21,22.00,702,95.65,4.35,1.56,1.16,4,0,23,4,,17.39,0.00,586,9,0,23,9,,39.13,0.00,774,8,0,23,8,,34.78,0.00,656,19,23,82.61,17,23,73.91,19,23,82.61,0,0,0,0,0,0,1,0,1,0,1,0,0,0,1,0,NASDAQ100,252
2025-08-13,daily,23,10,13,0,-3,0.77,699,43.48,56.52,0.21,2.19,3,0,23,3,,13.04,0.00,589,9,0,23,9,,39.13,0.00,783,8,0,23,8,,34.78,0.00,664,19,23,82.61,18,23,78.26,21,23,91.30,0,0,0,0,0,0,0,0,0,0,1,0,0,0,1,0,NASDAQ100,252
2025-08-14,daily,23,11,12,0,-1,0.92,698,47.83,52.17,-0.26,1.41,0,0,23,0,,0.00,0.00,589,3,0,23,3,,13.04,0.00,786,2,0,23,2,,8.70,0.00,666,20,23,86.96,18,23,78.26,21,23,91.30,0,0,0,0,0,0,0,0,0,0,1,0,0,0,1,0,NASDAQ100,252
2025-08-15,daily,23,12,11,0,1,1.09,699,52.17,47.83,-0.07,1.72,1,0,23,1,,4.35,0.00,590,6,1,23,5,6.00,26.09,4.35,791,5,0,23,5,,21.74,0.00,671,19,23,82.61,18,23,78.26,21,23,91.30,0,0,0,0,0,0,0,0,0,0,1,0,0,0,1,0,NASDAQ100,252
2025-08-18,daily,23,11,12,0,-1,0.92,698,47.83,52.17,0.04,1.05,0,0,23,0,,0.00,0.00,590,3,1,23,2,3.00,13.04,4.35,793,2,0,23,2,,8.70,0.00,673,19,23,82.61,18,23,78.26,21,23,91.30,0,0,0,0,0,0,0,0,0,0,1,0,0,0,1,0,NASDAQ100,252
2025-08-19,daily,23,5,18,0,-13,0.28,685,21.74,78.26,-1.80,2.50,0,0,23,0,,0.00,0.00,590,2,0,23,2,,8.70,0.00,795,2,0,23,2,,8.70,0.00,675,13,23,56.52,18,23,78.26,21,23,91.30,0,0,0,0,0,0,0,1,0,1,0,0,0,0,1,0,NASDAQ100,252
2025-08-20,daily,23,8,15,0,-7,0.53,678,34.78,65.22,-0.38,0.94,0,0,23,0,,0.00,0.00,590,3,3,23,0,1.00,13.04,13.04,795,2,0,23,2,,8.70,0.00,677,13,23,56.52,17,23,73.91,20,23,86.96,0,0,0,0,0,0,0,0,0,0,0,0,0,0,1,0,NASDAQ100,252
2025-08-21,daily,23,6,17,0,-11,0.35,667,26.09,73.91,-0.39,1.32,0,0,23,0,,0.00,0.00,590,1,2,23,-1,0.50,4.35,8.70,794,1,1,23,0,1.00,4.35,4.35,677,11,23,47.83,12,23,52.17,18,23,78.26,0,0,0,0,0,0,0,1,0,1,0,0,0,0,0,0,NASDAQ100,252
2025-08-22,daily,23,20,3,0,17,6.67,684,86.96,13.04,1.93,2.01,2,0,23,2,,8.70,0.00,592,5,1,23,4,5.00,21.74,4.35,798,4,0,23,4,,17.39,0.00,681,13,23,56.52,18,23,78.26,20,23,86.96,0,0,0,0,0,0,1,0,1,0,0,0,0,0,1,0,NASDAQ100,252
2025-08-25,daily,23,8,15,0,-7,0.53,677,34.78,65.22,-0.28,1.34,2,0,23,2,,8.70,0.00,594,4,0,23,4,,17.39,0.00,802,3,0,23,3,,13.04,0.00,684,14,23,60.87,16,23,69.57,20,23,86.96,0,0,0,0,0,0,0,0,0,0,0,0,0,0,1,0,NASDAQ100,252
2025-08-26,daily,23,17,6,0,11,2.83,688,73.91,26.09,0.70,1.41,0,0,23,0,,0.00,0.00,594,2,1,23,1,2.00,8.70,4.35,803,0,0,23,0,,0.00,0.00,684,14,23,60.87,17,23,73.91,20,23,86.96,0,0,0,0,0,0,1,0,1,0,0,0,0,0,1,0,NASDAQ100,252
2025-08-27,daily,23,13,10,0,3,1.30,691,56.52,43.48,-0.07,0.91,0,0,23,0,,0.00,0.00,594,4,0,23,4,,17.39,0.00,807,1,0,23,1,,4.35,0.00,685,15,23,65.22,17,23,73.91,20,23,86.96,0,0,0,0,0,0,0,0,0,0,0,0,0,0,1,0,NASDAQ100,252
2025-08-28,daily,23,15,7,1,8,2.14,699,65.22,30.43,0.65,1.30,2,0,23,2,,8.70,0.00,596,5,0,23,5,,21.74,0.00,812,3,0,23,3,,13.04,0.00,688,16,23,69.57,19,23,82.61,19,23,82.61,0,0,0,0,0,0,1,0,0,0,0,0,1,0,1,0,NASDAQ100,252
2025-08-29,daily,23,4,19,0,-15,0.21,684,17.39,82.61,-1.11,1.42,2,0,23,2,,8.70,0.00,598,3,0,23,3,,13.04,0.00,815,2,0,23,2,,8.70,0.00,690,13,23,56.52,16,23,69.57,20,23,86.96,0,0,0,0,0,0,0,1,0,1,0,0,0,0,1,0,NASDAQ100,252
2025-09-02,daily,23,7,16,0,-9,0.44,675,30.43,69.57,-0.53,1.02,0,0,23,0,,0.00,0.00,598,0,4,23,-4,0.00,0.00,17.39,811,0,0,23,0,,0.00,0.00,690,10,23,43.48,13,23,56.52,19,23,82.61,0,0,0,0,0,0,0,1,0,0,0,0,0,0,1,0,NASDAQ100,252
2025-09-03,daily,23,14,9,0,5,1.56,680,60.87,39.13,1.00,3.15,2,0,23,2,,8.70,0.00,600,5,2,23,3,2.50,21.74,8.70,814,5,1,23,4,5.00,21.74,4.35,694,10,23,43.48,13,23,56.52,19,23,82.61,0,0,0,0,0,0,0,0,0,0,0,0,0,0,1,0,NASDAQ100,252
2025-09-04,daily,23,18,5,0,13,3.60,693,78.26,21.74,1.18,1.41,2,0,23,2,,8.70,0.00,602,7,1,23,6,7.00,30.43,4.35,820,5,0,23,5,,21.74,0.00,699,13,23,56.52,15,23,65.22,19,23,82.61,0,0,0,0,0,0,1,0,1,0,0,0,0,0,1,0,NASDAQ100,252
2025-09-05,daily,23,12,11,0,1,1.09,694,52.17,47.83,-0.58,4.94,3,1,23,2,3.00,13.04,4.35,604,10,4,23,6,2.50,43.48,17.39,826,5,1,23,4,5.00,21.74,4.35,703,13,23,56.52,15,23,65.22,19,23,82.61,0,0,0,0,0,0,0,0,0,0,0,0,0,0,1,0,NASDAQ100,252
