ticker,model_type,current_price,data_points,above_sma_10,above_sma_20,above_sma_50,sma_10_slope,sma_20_slope,sma_50_slope,trend_score,predicted_price_5d,predicted_return_5d,prediction_confidence,sma_20,upper_band,lower_band,band_position,rsi,oversold_signal,overbought_signal,reversion_score,predicted_direction,reversion_target,potential_return,volatility_daily,volatility_annualized,current_vol_20d,avg_vol_50d,volatility_percentile,volatility_regime,vol_clustering_signal,downside_volatility,var_95_1d,var_95_1w
NVDA,simple_trend,167.02000427246094,91.0,False,True,True,1.4272000122070323,3.224393348693849,0.8369175033569342,83.33333333333333,166.3359458317321,-0.004095667723807202,1.0,,,,,,,,,,,,,,,,,,,,,
NVDA,mean_reversion,167.02000427246094,,,,,,,,,,,,161.95662002563478,196.83109045882657,127.082149592443,0.5725944248605289,67.30912552079477,False,False,0.0,neutral,161.95662002563478,-0.030316034710226814,,,,,,,,,,
NVDA,volatility,167.02000427246094,,,,,,,,,,,,,,,,,,,,,,,0.0704210777567158,1.1178999528084739,0.7579484009879287,1.1727891179189742,4.444444444444445,low,0.39681491064687713,0.6420581509484009,,
MSFT,simple_trend,495.0,91.0,False,True,True,0.4428002929687523,5.8339433288574245,1.3907583618164068,83.33333333333333,499.67965570629,0.009453849911696868,1.0,,,,,,,,,,,,,,,,,,,,,
MSFT,mean_reversion,495.0,,,,,,,,,,,,494.4153747558594,539.360999855276,449.46974965644273,0.5065036946626896,60.89379776403222,False,False,0.0,neutral,494.4153747558594,-0.0011810610992739612,,,,,,,,,,
MSFT,volatility,495.0,,,,,,,,,,,,,,,,,,,,,,,0.030284386687244164,0.4807497346953797,0.26395763055398336,0.49893996643540234,2.2222222222222223,low,0.37341816807418865,0.2670962527826044,,
AAPL,simple_trend,239.69000244140625,91.0,True,True,True,2.647533569335934,0.9553882598876953,-0.052720581054687445,100.0,264.79591534152655,0.1047432627326941,0.5333333333333333,,,,,,,,,,,,,,,,,,,,,
AAPL,mean_reversion,239.69000244140625,,,,,,,,,,,,215.7255081176758,245.40935806999806,186.0416581653535,0.903662165827914,75.17284288623597,False,True,-24.82715711376403,down,215.7255081176758,-0.09998120104983832,,,,,,,,,,
AAPL,volatility,239.69000244140625,,,,,,,,,,,,,,,,,,,,,,,0.03967404989422782,0.6298060171373715,0.701886944093394,0.6149443843907566,51.11111111111111,normal,0.33481053646202547,0.4539382897237728,,
GOOGL,simple_trend,235.0489959716797,91.0,True,True,True,4.179580078124997,2.4894088745117187,0.4512676086425785,100.0,306.9622777253799,0.3059501762873509,0.9333333333333333,,,,,,,,,,,,,,,,,,,,,
GOOGL,mean_reversion,235.0489959716797,,,,,,,,,,,,191.47727432250977,233.57149622234223,149.3830524226773,1.0175499116345863,89.00661657024165,False,True,-10.993383429758353,down,191.47727432250977,-0.18537293243498787,,,,,,,,,,
GOOGL,volatility,235.0489959716797,,,,,,,,,,,,,,,,,,,,,,,0.04119154162103578,0.6538954514917624,0.5989767793136768,0.6297529628751677,31.11111111111111,normal,1.117779422235458,0.37975106129064506,,
GOOG,simple_trend,235.1699981689453,91.0,True,True,True,4.148800048828133,2.4228172302246067,0.43863183593749966,100.0,305.2881428361307,0.29815939623732424,0.8666666666666667,,,,,,,,,,,,,,,,,,,,,
GOOG,mean_reversion,235.1699981689453,,,,,,,,,,,,192.29483642578123,233.8827931123582,150.70687973920425,1.0154756948783032,88.74080642271555,False,True,-11.25919357728445,down,192.29483642578123,-0.18231561031166366,,,,,,,,,,
GOOG,volatility,235.1699981689453,,,,,,,,,,,,,,,,,,,,,,,0.04062397845396641,0.6448856655314479,0.5779419735301023,0.6208603268198094,26.666666666666668,normal,1.1130024490928248,0.38161150038960595,,
AMZN,simple_trend,232.3300018310547,91.0,True,True,True,0.8633996582031273,1.9390000152587903,0.752180007934571,100.0,252.38301787892513,0.08631264102710491,0.9333333333333333,,,,,,,,,,,,,,,,,,,,,
AMZN,mean_reversion,232.3300018310547,,,,,,,,,,,,220.9625015258789,240.98181613645372,200.9431869153041,0.7839133238650219,66.01131567673377,False,False,0.0,neutral,220.9625015258789,-0.048928249539816115,,,,,,,,,,
AMZN,volatility,232.3300018310547,,,,,,,,,,,,,,,,,,,,,,,0.038797279063688433,0.6158877116909548,0.5083363607373699,0.6412101649634678,14.444444444444443,low,0.2164146053090537,0.41203276853241927,,
META,simple_trend,752.4500122070312,91.0,True,True,True,3.760491943359375,9.109411010742189,4.027216033935548,100.0,791.4728960319144,0.051861098002276784,1.0,,,,,,,,,,,,,,,,,,,,,
META,mean_reversion,752.4500122070312,,,,,,,,,,,,717.9205871582031,806.1241020531515,629.7170722632547,0.6957372395530559,65.1201627433035,False,False,0.0,neutral,717.9205871582031,-0.04588932751499186,,,,,,,,,,
META,volatility,752.4500122070312,,,,,,,,,,,,,,,,,,,,,,,0.0495156787215845,0.7860370313753116,0.5717569924661139,0.7505760850483054,1.1111111111111112,low,0.2718212469793584,0.4362247012911542,,
AVGO,simple_trend,334.8900146484375,91.0,True,True,True,4.1999414062500025,5.972036590576169,2.407365951538087,100.0,431.2191673437894,0.28764414727765725,1.0,,,,,,,,,,,,,,,,,,,,,
AVGO,mean_reversion,334.8900146484375,,,,,,,,,,,,279.3413452148437,342.05283548619656,216.6298549434909,0.9428906823393488,83.86244582289602,False,True,-16.13755417710398,down,279.3413452148437,-0.16587138165916337,,,,,,,,,,
AVGO,volatility,334.8900146484375,,,,,,,,,,,,,,,,,,,,,,,0.07580305731143716,1.203336229586635,0.6495640366998703,1.3261679956706007,4.444444444444445,low,0.6733995238389642,0.6233924217428342,,
TSLA,simple_trend,350.8399963378906,91.0,True,True,True,2.54899963378906,3.5305499267578115,2.2560400390624977,100.0,406.9679794451921,0.15998171158696836,0.9333333333333333,,,,,,,,,,,,,,,,,,,,,
TSLA,mean_reversion,350.8399963378906,,,,,,,,,,,,329.7540008544922,362.5419117803101,296.96608992867425,0.8215513719539062,59.706238855939844,False,False,0.0,neutral,329.7540008544922,-0.060101458509567274,,,,,,,,,,
TSLA,volatility,350.8399963378906,,,,,,,,,,,,,,,,,,,,,,,0.0840677410804782,1.3345340170914823,1.0720090075437383,1.4549025689306738,2.2222222222222223,low,0.5137435053689792,0.6631849484104476,,
BRK-A,simple_trend,729687.0,309.0,False,True,True,3974.6600000000094,10581.270000000008,7179.872999999998,83.33333333333333,669848.3724283609,-0.08200588412790571,1.0,,,,,,,,,,,,,,,,,,,,,
BRK-A,mean_reversion,729687.0,,,,,,,,,,,,698988.65,819925.8853478847,578051.4146521153,0.6269185206346662,58.926074533406286,False,False,0.0,neutral,698988.65,-0.042070572725017685,,,,,,,,,,
BRK-A,volatility,729687.0,,,,,,,,,,,,,,,,,,,,,,,0.05195710849368728,0.8247935274977898,0.7981320353229472,0.7598632162637143,60.3896103896104,normal,0.6324137098542134,0.47757466156851314,-0.07102663230240547,-0.15882037804106103
BRK-B,simple_trend,499.7699890136719,90.0,True,True,True,1.1689996337890647,-1.6410000610351574,1.1177698974609371,100.0,529.4826815037904,0.05945273454446207,0.2,,,,,,,,,,,,,,,,,,,,,
BRK-B,mean_reversion,499.7699890136719,,,,,,,,,,,,489.9309967041016,517.2919363509905,462.57005705721264,0.6797999709905628,56.78462860544284,False,False,0.0,neutral,489.9309967041016,-0.019687041090618917,,,,,,,,,,
BRK-B,volatility,499.7699890136719,,,,,,,,,,,,,,,,,,,,,,,0.02357308366462089,0.3742111020690361,0.30971965346878183,0.3874182252890464,15.730337078651685,low,0.8616669963250152,0.21820127331781725,,
JPM,simple_trend,294.3800048828125,90.0,True,True,True,1.4556921386718726,2.7885818481445312,1.6046199798583984,100.0,310.05320137248106,0.0532413758737038,1.0,,,,,,,,,,,,,,,,,,,,,
JPM,mean_reversion,294.3800048828125,,,,,,,,,,,,282.25796966552736,312.79961254706944,251.71632678398527,0.6984509357322609,69.20163021112883,False,False,0.0,neutral,282.25796966552736,-0.04117818811135188,,,,,,,,,,
JPM,volatility,294.3800048828125,,,,,,,,,,,,,,,,,,,,,,,0.03530323007587336,0.560421403548341,0.3792881078441495,0.5962569072487778,1.1235955056179776,low,0.5231601714253229,0.46473994925459533,,
WMT,simple_trend,100.51000213623048,310.0,True,True,True,1.4964752197265625,2.243653163909913,0.8771950187683106,100.0,111.82698566414292,0.11259559533760119,1.0,,,,,,,,,,,,,,,,,,,,,
WMT,mean_reversion,100.51000213623048,,,,,,,,,,,,85.30245342254639,114.97253753909244,55.63236930600034,0.7562774789236835,72.90373333394841,False,False,0.0,neutral,85.30245342254639,-0.15130383434946004,,,,,,,,,,
WMT,volatility,100.51000213623048,,,,,,,,,,,,,,,,,,,,,,,0.05414329872209165,0.8594982214760146,0.9293640532064803,0.8059530605670608,67.63754045307444,normal,0.3670410392417268,0.5505604050891525,-0.07431964902458221,-0.16618378728289177
LLY,simple_trend,727.2100219726562,310.0,False,False,True,-10.150341796875,11.929927825927734,12.836616081237793,66.66666666666666,758.0683367390819,0.04243384144063125,0.13333333333333333,,,,,,,,,,,,,,,,,,,,,
LLY,mean_reversion,727.2100219726562,,,,,,,,,,,,806.7959075927735,942.7723543064359,670.819460879111,0.20735415013561792,35.087432831184216,False,False,0.0,neutral,806.7959075927735,0.10944002862368385,,,,,,,,,,
LLY,volatility,727.2100219726562,,,,,,,,,,,,,,,,,,,,,,,0.07478387544053244,1.1871572189596786,1.429957872243548,1.023918885085948,73.7864077669903,normal,0.6550705377369106,0.7333542606793017,-0.09751584329766658,-0.21805205449679974
V,simple_trend,343.2200012207031,212.0,False,True,True,5.50878845214844,5.264949188232419,2.3257699584960934,83.33333333333333,332.3312865308055,-0.03172517525543554,1.0,,,,,,,,,,,,,,,,,,,,,
V,mean_reversion,343.2200012207031,,,,,,,,,,,,314.63714904785155,392.0204069465439,237.2538911491592,0.684683696118554,71.74361199865922,False,False,0.0,neutral,314.63714904785155,-0.08327851544546716,,,,,,,,,,
V,volatility,343.2200012207031,,,,,,,,,,,,,,,,,,,,,,,0.06388165107705697,1.0140897725405653,0.631413454697532,0.9009265335299954,9.95260663507109,low,0.4026045846484496,0.5924231820181197,,
ORCL,simple_trend,232.8000030517578,310.0,True,True,True,6.798833312988284,4.248270149230959,2.2095286293029788,100.0,390.62444924290503,0.6779400520714707,1.0,,,,,,,,,,,,,,,,,,,,,
ORCL,mean_reversion,232.8000030517578,,,,,,,,,,,,169.61428146362306,253.96883512223292,85.25972780501321,0.8745246631489084,68.7692159927332,False,False,0.0,neutral,169.61428146362306,-0.2714163262879633,,,,,,,,,,
ORCL,volatility,232.8000030517578,,,,,,,,,,,,,,,,,,,,,,,0.09434230483877412,1.4976376602962516,1.9614659830729873,1.1871371625580738,84.78964401294499,high,2.2901662259603253,0.9659077934860708,-0.12024763206579019,-0.2688818794324903
MA,simple_trend,584.219970703125,234.0,True,True,True,7.349738769531245,8.199769592285161,4.0916927947998065,100.0,612.036935662364,0.04761385497616683,1.0,,,,,,,,,,,,,,,,,,,,,
MA,mean_reversion,584.219970703125,,,,,,,,,,,,524.3059646606446,630.180150116898,418.43177920439115,0.7829490767002716,71.40908752227263,False,False,0.0,neutral,524.3059646606446,-0.10255384794595823,,,,,,,,,,
MA,volatility,584.219970703125,,,,,,,,,,,,,,,,,,,,,,,0.08211013280857953,1.3034579491799216,0.612754514471899,1.12013087192579,3.862660944206009,low,0.5504689748016134,0.7797675855099385,,
NFLX,simple_trend,1243.8199462890625,91.0,True,True,True,-3.372004394531268,11.461649169921884,11.044969848632814,100.0,1329.9848477567837,0.0692744168678066,1.0,,,,,,,,,,,,,,,,,,,,,
NFLX,mean_reversion,1243.8199462890625,,,,,,,,,,,,1224.2414916992188,1299.4782737463536,1149.004709652084,0.6301122539875379,51.46991632370258,False,False,0.0,neutral,1224.2414916992188,-0.015740585804445373,,,,,,,,,,
NFLX,volatility,1243.8199462890625,,,,,,,,,,,,,,,,,,,,,,,0.04561340589659799,0.7240903707182729,0.4734284311616061,0.7124480788693008,1.1111111111111112,low,0.36082351743760444,0.39646125671993676,,
XOM,simple_trend,109.2300033569336,310.0,True,False,True,-0.1419209289550764,0.47582801818847714,1.4179250564575199,83.33333333333333,125.24875728946971,0.14665159242182976,0.3333333333333333,,,,,,,,,,,,,,,,,,,,,
XOM,mean_reversion,109.2300033569336,,,,,,,,,,,,109.92106170654297,118.32013237425207,101.52199103883387,0.45886102302566595,46.91474710860731,False,False,0.0,neutral,109.92106170654297,0.006326634883926374,,,,,,,,,,
XOM,volatility,109.2300033569336,,,,,,,,,,,,,,,,,,,,,,,0.06299240601146056,0.9999734447516087,0.8297922356333225,0.969363392296688,50.80906148867314,normal,0.8080898000443849,0.6487589211059576,-0.09311368843017835,-0.20820853696561448
JNJ,simple_trend,178.42999267578125,310.0,True,True,True,1.7307873535156204,0.7092832946777321,0.44634571075439455,100.0,225.8687104870518,0.2658673976267529,0.6666666666666666,,,,,,,,,,,,,,,,,,,,,
JNJ,mean_reversion,178.42999267578125,,,,,,,,,,,,155.61673278808593,179.96176244732712,131.27170312884473,0.9685404003817999,62.0629462212128,False,False,0.0,neutral,155.61673278808593,-0.1278555221887414,,,,,,,,,,
JNJ,volatility,178.42999267578125,,,,,,,,,,,,,,,,,,,,,,,0.047835028965317994,0.7593575435988166,0.7864153749629847,0.6937170473940677,65.0485436893204,normal,1.0100763594639193,0.49390499298775714,-0.06872500751242983,-0.15367378855197683
COST,simple_trend,963.47998046875,91.0,True,False,False,-2.1121472167968705,0.21823516845703353,2.362543640136721,66.66666666666666,919.0665637759995,-0.04609687548582227,0.6,,,,,,,,,,,,,,,,,,,,,
COST,mean_reversion,963.47998046875,,,,,,,,,,,,976.6988830566406,1034.2530500798123,919.144716033469,0.3851612031621567,46.54654064837388,False,False,0.0,neutral,976.6988830566406,0.013719955635673298,,,,,,,,,,
COST,volatility,963.47998046875,,,,,,,,,,,,,,,,,,,,,,,0.02828935000875045,0.44907950924889956,0.34753666852615084,0.48352636852802106,1.1111111111111112,low,0.9922312360201844,0.27884468525461065,,
HD,simple_trend,418.9500122070313,310.0,True,True,True,0.5227514648437477,3.814054260253903,2.6747054748535164,100.0,523.184581294632,0.24879953705811417,1.0,,,,,,,,,,,,,,,,,,,,,
HD,mean_reversion,418.9500122070313,,,,,,,,,,,,376.29598846435545,435.9143132178083,316.6776637109026,0.8577257824592389,61.50672070694222,False,False,0.0,neutral,376.29598846435545,-0.10181172574258723,,,,,,,,,,
HD,volatility,418.9500122070313,,,,,,,,,,,,,,,,,,,,,,,0.07131347556517577,1.1320663288388186,0.9746534286611577,1.0539594955664133,42.71844660194174,normal,0.6849433687062234,0.7168170563313696,-0.11962567250493703,-0.26749113557516674
PLTR,simple_trend,153.11000061035156,91.0,False,True,True,1.575999755859374,3.2568500518798826,2.355420030593872,83.33333333333333,160.23984481095465,0.04656680930168479,1.0,,,,,,,,,,,,,,,,,,,,,
PLTR,mean_reversion,153.11000061035156,,,,,,,,,,,,147.88900146484374,181.2243436619815,114.55365926770601,0.5783102677427457,57.31876498895818,False,False,0.0,neutral,147.88900146484374,-0.03409966118930863,,,,,,,,,,
PLTR,volatility,153.11000061035156,,,,,,,,,,,,,,,,,,,,,,,0.10284997575233512,1.6326927491382122,1.133896577527902,1.6919683176374483,10.0,low,0.10754541990834705,0.7662084813587597,,
BAC,simple_trend,49.77000045776367,310.0,True,True,True,0.7029380035400393,0.8552836132049556,0.3086169776916504,100.0,62.80088185469042,0.26182200677263684,1.0,,,,,,,,,,,,,,,,,,,,,
BAC,mean_reversion,49.77000045776367,,,,,,,,,,,,42.97434978485107,52.15684162189093,33.79185794781121,0.8700330364302996,65.04966069756459,False,False,0.0,neutral,42.97434978485107,-0.1365411012740415,,,,,,,,,,
BAC,volatility,49.77000045776367,,,,,,,,,,,,,,,,,,,,,,,0.10928339065230688,1.7348200445755486,0.9901240667683999,1.623700707570959,27.508090614886733,normal,0.5470065004946836,1.2732439355972753,-0.14551903947517142,-0.3253904642869586
ABBV,simple_trend,212.55999755859372,154.0,True,True,True,1.5794003295898449,2.8912211608886706,2.086341762542724,100.0,271.1380936605509,0.2755838199791553,1.0,,,,,,,,,,,,,,,,,,,,,
ABBV,mean_reversion,212.55999755859372,,,,,,,,,,,,186.18180389404296,221.7382089418153,150.62539884627063,0.8709344860526529,60.06416271840372,False,False,0.0,neutral,186.18180389404296,-0.12409763816110042,,,,,,,,,,
ABBV,volatility,212.55999755859372,,,,,,,,,,,,,,,,,,,,,,,0.0734705866882296,1.166309406330409,1.0269226432163818,1.2307860022041248,25.49019607843137,normal,0.7545697564054591,0.6860474616723855,,
PG,simple_trend,160.02000427246094,310.0,False,False,True,-1.0584530639648448,0.8585008239746088,0.9380285873413087,66.66666666666666,150.62600315941512,-0.05870516724303382,0.06666666666666667,,,,,,,,,,,,,,,,,,,,,
PG,mean_reversion,160.02000427246094,,,,,,,,,,,,162.15408325195312,174.81946394788562,149.48870255602063,0.4157514870367241,46.172139655401466,False,False,0.0,neutral,162.15408325195312,0.013336326224929751,,,,,,,,,,
PG,volatility,160.02000427246094,,,,,,,,,,,,,,,,,,,,,,,0.050878867010824703,0.8076769745962225,0.7227980737674646,0.6976554276031496,60.19417475728155,normal,1.1639693537176623,0.6533502395445019,-0.07435046781774424,-0.16625270019938657
CVX,simple_trend,153.66000366210938,310.0,True,True,True,0.8284628295898415,0.39091880798339956,1.4780367965698233,100.0,189.6995746861097,0.23454100068388342,0.4666666666666667,,,,,,,,,,,,,,,,,,,,,
CVX,mean_reversion,153.66000366210938,,,,,,,,,,,,147.7788200378418,164.2078996184528,131.34974045723078,0.6789870088403592,55.78000533204884,False,False,0.0,neutral,147.7788200378418,-0.03827400419174798,,,,,,,,,,
CVX,volatility,153.66000366210938,,,,,,,,,,,,,,,,,,,,,,,0.0685612561639226,1.0883762003036008,1.0612219237829446,1.0505449620314355,64.72491909385113,normal,0.8150516136624276,0.6793707966748033,-0.1064489550801762,-0.23802709969309557
KO,simple_trend,67.95999908447266,310.0,False,True,True,0.29757118225097656,0.654850177764893,0.43951548767089826,83.33333333333333,65.08172869096087,-0.04235241954512324,1.0,,,,,,,,,,,,,,,,,,,,,
KO,mean_reversion,67.95999908447266,,,,,,,,,,,,66.157643699646,75.05018279546353,57.265104603828476,0.6013408749405649,45.28525888461956,False,False,0.0,neutral,66.157643699646,-0.026520827091041754,,,,,,,,,,
KO,volatility,67.95999908447266,,,,,,,,,,,,,,,,,,,,,,,0.050096489367835784,0.7952571145481091,0.6886348239822798,0.7526155051311688,42.71844660194174,normal,0.4246383549214861,0.5766878293824705,-0.08128449538887883,-0.18175765720630127
ASML,simple_trend,781.7000122070312,91.0,True,True,True,-1.0602001953124955,3.1875408935546945,-3.0878991088867225,0.0,843.2478212918902,0.07873584255306132,0.8666666666666667,,,,,,,,,,,,,,,,,,,,,
ASML,mean_reversion,781.7000122070312,,,,,,,,,,,,753.0195037841797,810.9433199032836,695.0956876650758,0.747570950469477,54.09867837661785,False,False,0.0,neutral,753.0195037841797,-0.03668991681588407,,,,,,,,,,
ASML,volatility,781.7000122070312,,,,,,,,,,,,,,,,,,,,,,,0.05197198718512736,0.8250297194020969,0.5562115330044052,0.845085418189167,7.777777777777778,low,0.6782597731319712,0.7148277397661661,,
GE,simple_trend,279.2300109863281,310.0,True,True,True,9.646499328613277,7.3554764556884775,3.1016287918090826,100.0,362.4208683824217,0.29792949941962665,1.0,,,,,,,,,,,,,,,,,,,,,
GE,mean_reversion,279.2300109863281,,,,,,,,,,,,204.25587539672853,296.9879876027585,111.52376319069855,0.9042512016928067,78.91746152893342,False,True,-21.082538471066584,down,204.25587539672853,-0.2685031430710739,,,,,,,,,,
GE,volatility,279.2300109863281,,,,,,,,,,,,,,,,,,,,,,,0.0890921970382631,1.4142947827176566,1.3422673659970288,1.3325820790606708,56.310679611650485,normal,0.3094945691855603,0.9343526672631434,-0.1293427386116824,-0.28921915593170866
TMUS,simple_trend,252.75999450683597,91.0,True,True,True,2.162399902343748,-0.13481597900390624,1.1018333587646496,100.0,243.13933874875212,-0.03806241480917434,0.3333333333333333,,,,,,,,,,,,,,,,,,,,,
TMUS,mean_reversion,252.75999450683597,,,,,,,,,,,,242.56969299316407,263.54601805781033,221.59336792851784,0.7429000666767589,68.09545156607629,False,False,0.0,neutral,242.56969299316407,-0.04031611700876303,,,,,,,,,,
TMUS,volatility,252.75999450683597,,,,,,,,,,,,,,,,,,,,,,,0.03365444434607267,0.5342477415106324,0.5550145700561864,0.5602420827933137,43.333333333333336,normal,0.4102706019246988,0.3728544762100202,,
UNH,simple_trend,315.3900146484375,310.0,False,False,False,-26.16779846191406,-5.910622100830073,2.8396894989013672,-50.0,319.3339768205805,0.012505031830317556,0.4666666666666667,,,,,,,,,,,,,,,,,,,,,
UNH,mean_reversion,315.3900146484375,,,,,,,,,,,,452.1069961547852,676.4506714473584,227.76332086221194,0.19529566338776652,30.548163921766175,False,False,0.0,neutral,452.1069961547852,0.43348544708603054,,,,,,,,,,
UNH,volatility,315.3900146484375,,,,,,,,,,,,,,,,,,,,,,,0.07412810185186379,1.1767471359677888,1.992403917533904,1.0544405708248479,88.67313915857605,high,2.7008238706456877,0.9134146944687007,-0.10773489094808981,-0.2409025397084556
CSCO,simple_trend,66.9000015258789,91.0,False,True,True,-0.012970886230468182,0.4791485214233397,0.3892230796813966,83.33333333333333,68.26300841067548,0.020373794524792734,1.0,,,,,,,,,,,,,,,,,,,,,
CSCO,mean_reversion,66.9000015258789,,,,,,,,,,,,66.82481002807617,71.51835156420434,62.131268491948,0.5080101025232181,52.24910770615019,False,False,0.0,neutral,66.82481002807617,-0.001123938656020007,,,,,,,,,,
CSCO,volatility,66.9000015258789,,,,,,,,,,,,,,,,,,,,,,,0.02982020581185721,0.47338109173762283,0.5465514626639346,0.47349818127140025,55.55555555555556,normal,0.6256887791706685,0.3367544937448013,,
AMD,simple_trend,151.13999938964844,91.0,False,True,True,1.6405999755859397,3.3657499313354493,-0.19456998443603482,83.33333333333333,143.62507516312218,-0.04972161080371788,1.0,,,,,,,,,,,,,,,,,,,,,
AMD,mean_reversion,151.13999938964844,,,,,,,,,,,,146.64850044250488,192.21062023776878,101.08638064724099,0.5492898373399479,62.05516877528673,False,False,0.0,neutral,146.64850044250488,-0.029717473635580638,,,,,,,,,,
AMD,volatility,151.13999938964844,,,,,,,,,,,,,,,,,,,,,,,0.06672380794300957,1.059207614066637,0.9582763941424867,1.0443858610016024,22.22222222222222,normal,0.527281141754246,0.5938201288804659,,
PM,simple_trend,161.5500030517578,212.0,False,True,True,4.47797500610352,3.8244709777832044,1.4025382843017575,83.33333333333333,151.01887452049567,-0.06518804291132164,1.0,,,,,,,,,,,,,,,,,,,,,
PM,mean_reversion,161.5500030517578,,,,,,,,,,,,135.59666137695314,197.77931802478292,73.41400472912335,0.7086863369459341,68.51625510581833,False,False,0.0,neutral,135.59666137695314,-0.16065206551862254,,,,,,,,,,
PM,volatility,161.5500030517578,,,,,,,,,,,,,,,,,,,,,,,0.0660877172513879,1.049109987378753,1.1405102205168105,1.025063959067396,71.56398104265402,normal,0.7266100537751892,0.6748364503912778,,
AZN,simple_trend,81.69999694824219,91.0,True,True,True,1.1226293945312507,0.3521130371093747,-0.07823143005371094,100.0,84.7283319475553,0.037066525243955685,0.6,,,,,,,,,,,,,,,,,,,,,
AZN,mean_reversion,81.69999694824219,,,,,,,,,,,,74.24231414794922,84.0655608425217,64.41906745337673,0.8795935820492764,79.91224535482426,False,True,-20.087754645175735,down,74.24231414794922,-0.09128131063477873,,,,,,,,,,
AZN,volatility,81.69999694824219,,,,,,,,,,,,,,,,,,,,,,,0.0314533393579432,0.4993062830618263,0.47707331653574453,0.5107013518958482,31.11111111111111,normal,0.37164150390211875,0.3803437178340053,,
C,simple_trend,95.4000015258789,310.0,True,True,True,2.883560867309569,1.987441062927246,0.4636229934692384,100.0,143.1568690306426,0.5005960874309717,1.0,,,,,,,,,,,,,,,,,,,,,
C,mean_reversion,95.4000015258789,,,,,,,,,,,,72.83932685852051,99.9609898646924,45.71766385234862,0.9159161380005427,78.31603107790991,False,True,-21.683968922090088,down,72.83932685852051,-0.2364850556238034,,,,,,,,,,
C,volatility,95.4000015258789,,,,,,,,,,,,,,,,,,,,,,,0.11552194995351903,1.833854103277566,1.1244040742582762,1.7296767462826605,25.88996763754045,normal,0.7477842553866818,1.3698489259555024,-0.15599736075883908,-0.34882070296732237
PDD,simple_trend,124.68000030517578,91.0,True,True,True,1.9232002258300782,0.486000022888183,-0.3771199722290035,100.0,136.96823479318132,0.09855818461604078,0.5333333333333333,,,,,,,,,,,,,,,,,,,,,
PDD,mean_reversion,124.68000030517578,,,,,,,,,,,,112.9060001373291,132.1134078696498,93.69859240500843,0.8064963354746286,69.16543933492325,False,False,0.0,neutral,112.9060001373291,-0.09443375151610356,,,,,,,,,,
PDD,volatility,124.68000030517578,,,,,,,,,,,,,,,,,,,,,,,0.08262923800118269,1.3116984886433831,0.9818695312428863,1.4594776958988318,8.88888888888889,low,0.6797331408211826,0.9588789358949975,,
QCOM,simple_trend,159.83999633789062,91.0,True,True,True,0.24539947509765625,0.5469137191772461,-0.49363716125488394,100.0,168.54100917669032,0.05443576725568966,0.6666666666666666,,,,,,,,,,,,,,,,,,,,,
QCOM,mean_reversion,159.83999633789062,,,,,,,,,,,,154.59365997314453,165.70685316143422,143.48046678485483,0.7360409054291578,58.25260540448505,False,False,0.0,neutral,154.59365997314453,-0.032822425456365156,,,,,,,,,,
QCOM,volatility,159.83999633789062,,,,,,,,,,,,,,,,,,,,,,,0.04585986811738583,0.7280028371809367,0.5341835417285624,0.727515407191157,12.222222222222221,low,0.2103117422130907,0.5609573217866677,,
ISRG,simple_trend,466.8599853515625,91.0,False,False,False,-5.4322998046875,-1.1954751586914028,0.9270749206542973,-50.0,442.86739401805926,-0.051391406602208534,0.6,,,,,,,,,,,,,,,,,,,,,
ISRG,mean_reversion,466.8599853515625,,,,,,,,,,,,504.9667465209961,572.4973863598166,437.43610668217565,0.21785576694974781,36.403484107197535,False,False,0.0,neutral,504.9667465209961,0.08162353246174603,,,,,,,,,,
ISRG,volatility,466.8599853515625,,,,,,,,,,,,,,,,,,,,,,,0.03599200938462328,0.5713554361032966,0.5373289604843999,0.5565976503471948,44.44444444444444,normal,0.4082661284628073,0.3770384009997719,,
ANET,simple_trend,142.85000610351562,137.0,True,True,True,3.097700195312501,2.9441751289367675,1.643263147354126,100.0,292.171237107436,1.0453008374092434,0.9333333333333333,,,,,,,,,,,,,,,,,,,,,
ANET,mean_reversion,142.85000610351562,,,,,,,,,,,,99.03250122070312,145.18984575779137,52.87515668361489,0.974653658288383,70.96265637309261,False,True,-29.037343626907386,down,99.03250122070312,-0.30673785796733066,,,,,,,,,,
ANET,volatility,142.85000610351562,,,,,,,,,,,,,,,,,,,,,,,0.1142936000735335,1.8143546534450594,1.6965527465679318,1.8463041575656947,27.941176470588236,normal,0.7398005625481305,1.0103420371164158,,
SPGI,simple_trend,538.0599975585938,310.0,True,True,True,3.7681567382812546,6.63557418823242,3.345979797363282,100.0,603.9967435321605,0.12254534117524016,1.0,,,,,,,,,,,,,,,,,,,,,
SPGI,mean_reversion,538.0599975585938,,,,,,,,,,,,497.79881896972654,583.428332733579,412.169305205874,0.7350893799297912,56.18539459223613,False,False,0.0,neutral,497.79881896972654,-0.0748265598103357,,,,,,,,,,
SPGI,volatility,538.0599975585938,,,,,,,,,,,,,,,,,,,,,,,0.07168695452131733,1.1379951234660182,0.6801371345491606,1.1166283719716181,10.355987055016183,low,0.38759719514848623,0.7704833378831425,-0.10224193837081748,-0.228619924348492
ACN,simple_trend,254.9499969482422,292.0,False,False,False,-7.850272216796872,-0.9837855529785144,1.7124872894287109,-50.0,178.36422499022711,-0.3003952652471021,0.4666666666666667,,,,,,,,,,,,,,,,,,,,,
ACN,mean_reversion,254.9499969482422,,,,,,,,,,,,311.50037536621096,385.3751726529268,237.62557807949514,0.11725527179119805,33.4597958258946,False,False,0.0,neutral,311.50037536621096,0.22180968462395856,,,,,,,,,,
ACN,volatility,254.9499969482422,,,,,,,,,,,,,,,,,,,,,,,0.07250790909431316,1.1510273732929872,1.1029554436574636,1.0095992726614758,57.388316151202744,normal,0.6312717255171297,0.6578649381226839,-0.1071909577318651,-0.23968626806175705
BSX,simple_trend,107.22000122070312,310.0,True,True,True,2.053600006103514,2.4445500755310063,1.067670013427734,100.0,118.77066950184998,0.10772867141990417,1.0,,,,,,,,,,,,,,,,,,,,,
BSX,mean_reversion,107.22000122070312,,,,,,,,,,,,92.19200057983399,120.07686072133001,64.30714043833797,0.7694652324704628,82.67795290798165,False,False,0.0,neutral,92.19200057983399,-0.1401604222139048,,,,,,,,,,
BSX,volatility,107.22000122070312,,,,,,,,,,,,,,,,,,,,,,,0.08762169360390003,1.3909512643813102,0.7144910710591021,1.3041853308210143,3.2362459546925564,low,0.2264463967935945,0.9142070572552278,-0.12057648415700806,-0.26961721506299646
AMGN,simple_trend,283.6400146484375,91.0,False,False,False,-0.46599914550781707,-0.026415710449219885,-0.4698455200195298,-50.0,265.1628687584195,-0.06514294505632354,0.2,,,,,,,,,,,,,,,,,,,,,
AMGN,mean_reversion,283.6400146484375,,,,,,,,,,,,289.30918579101564,307.3289294036606,271.2894421783707,0.34269556591804334,46.76815864309429,False,False,0.0,neutral,289.30918579101564,0.01998720508319285,,,,,,,,,,
AMGN,volatility,283.6400146484375,,,,,,,,,,,,,,,,,,,,,,,0.0359395274103783,0.5705223105903011,0.4835131311188377,0.5738237860652375,15.555555555555555,low,0.3112541145758764,0.38986242788880054,,
HPQ,simple_trend,29.34000015258789,310.0,True,False,True,-0.6737775039672848,0.018130779266357422,0.20541230392456064,-16.66666666666667,37.84406703133915,0.28984549538256127,0.3333333333333333,,,,,,,,,,,,,,,,,,,,,
HPQ,mean_reversion,29.34000015258789,,,,,,,,,,,,30.18124113082886,37.88815361294999,22.474328648707726,0.4454229576245663,32.931502408541164,False,False,0.0,neutral,30.18124113082886,0.028672153165165026,,,,,,,,,,
HPQ,volatility,29.34000015258789,,,,,,,,,,,,,,,,,,,,,,,0.09528266422954762,1.5125654028423168,1.4057524772719132,1.4037877237249512,50.48543689320388,normal,0.7591490384218517,0.9504761662469731,-0.13660031473339126,-0.30544758949172895
LULU,simple_trend,167.8000030517578,91.0,False,False,False,-4.612799682617185,-4.636649780273439,-0.967729995727538,-50.0,113.0519310732361,-0.32626979131600314,1.0,,,,,,,,,,,,,,,,,,,,,
LULU,mean_reversion,167.8000030517578,,,,,,,,,,,,228.7140007019043,319.39097721281223,138.03702419099636,0.1641154127871761,27.576105556617662,True,False,72.42389444338234,up,228.7140007019043,0.36301547403045986,,,,,,,,,,
LULU,volatility,167.8000030517578,,,,,,,,,,,,,,,,,,,,,,,0.06102736532643691,0.9687793909394292,1.194896309330394,1.0046298529933577,74.44444444444444,normal,1.2322815867347376,0.6299716398312919,,
VRSN,simple_trend,280.0899963378906,310.0,True,True,True,9.001119079589841,2.8649752807617177,0.3613643493652347,100.0,304.29426858669785,0.08641605400147198,0.4666666666666667,,,,,,,,,,,,,,,,,,,,,
VRSN,mean_reversion,280.0899963378906,,,,,,,,,,,,223.8283493041992,314.2364596159107,133.42023899248775,0.8111537606510689,76.67173985192707,False,True,-23.32826014807293,down,223.8283493041992,-0.20086989099681862,,,,,,,,,,
VRSN,volatility,280.0899963378906,,,,,,,,,,,,,,,,,,,,,,,0.12373511912792791,1.9642341219446915,0.957369288963442,1.5190577376990562,17.475728155339805,low,0.5938480411087566,1.5418554648104004,-0.1935522408147654,-0.43279596765922473
NTRS,simple_trend,127.2699966430664,310.0,True,True,True,3.16878952026367,2.2032842826843266,0.4372026062011713,100.0,173.31430961647143,0.3617845068585809,1.0,,,,,,,,,,,,,,,,,,,,,
NTRS,mean_reversion,127.2699966430664,,,,,,,,,,,,102.61986656188965,138.5702066830513,66.66952644072799,0.8428358396346132,69.25973353296794,False,False,0.0,neutral,102.61986656188965,-0.19368374896959406,,,,,,,,,,
NTRS,volatility,127.2699966430664,,,,,,,,,,,,,,,,,,,,,,,0.07182955161765245,1.140258782193514,1.2313698216783378,1.0890897915342017,62.45954692556634,normal,1.1963863079266097,0.6730237645182893,-0.10586456391089671,-0.23672036131313606
FE,simple_trend,43.47999954223633,310.0,True,True,True,0.17904953002929744,0.3693835926055911,0.21723266601562513,100.0,48.57900605716193,0.11727246017959259,1.0,,,,,,,,,,,,,,,,,,,,,
FE,mean_reversion,43.47999954223633,,,,,,,,,,,,40.076025581359865,45.012977178379636,35.139073984340094,0.8447445143002109,55.00390564377903,False,False,0.0,neutral,40.076025581359865,-0.07828827039360597,,,,,,,,,,
FE,volatility,43.47999954223633,,,,,,,,,,,,,,,,,,,,,,,0.06338979448606571,1.00628179121774,0.6982877179574056,0.9721045351750106,18.77022653721683,low,0.595128765564318,0.7586991546173085,-0.10223215162727387,-0.2285980405246501
XLF,simple_trend,53.06999969482422,88.0,True,True,True,0.2121844482421878,0.20672365188598646,0.18780669021606472,100.0,56.37991768124845,0.062368909090968795,1.0,,,,,,,,,,,,,,,,,,,,,
XLF,mean_reversion,53.06999969482422,,,,,,,,,,,,51.45146884918213,54.62726987207787,48.27566782628639,0.7548224580150635,58.85631572532599,False,False,0.0,neutral,51.45146884918213,-0.030498037590905525,,,,,,,,,,
XLF,volatility,53.06999969482422,,,,,,,,,,,,,,,,,,,,,,,0.02398686860660341,0.3807797343855303,0.3524277951031303,0.39824440620367096,39.08045977011494,normal,0.6386505586258624,0.3168240245816868,,
XLE,simple_trend,87.36000061035156,88.0,True,True,True,0.20316253662109318,0.0373234939575184,-0.04077321624755825,100.0,90.20054487808315,0.03251538745290493,0.5333333333333333,,,,,,,,,,,,,,,,,,,,,
XLE,mean_reversion,87.36000061035156,,,,,,,,,,,,85.18195114135742,90.77684499038516,79.58705729232967,0.6946461834457002,60.62595653351753,False,False,0.0,neutral,85.18195114135742,-0.02493188477308761,,,,,,,,,,
XLE,volatility,87.36000061035156,,,,,,,,,,,,,,,,,,,,,,,0.03239018700714229,0.5141782784386438,0.45546285416685167,0.5376513176825104,27.586206896551722,normal,0.9413711774802155,0.39956137074949877,,
XLK,simple_trend,262.8599853515625,88.0,True,True,True,2.3803033447265647,2.445033798217773,0.5752847747802733,100.0,280.2981818696872,0.06634024762194962,0.8666666666666667,,,,,,,,,,,,,,,,,,,,,
XLK,mean_reversion,262.8599853515625,,,,,,,,,,,,245.49287796020508,282.24120926201033,208.74454665839986,0.7362979049133621,78.59623561458517,False,False,0.0,neutral,245.49287796020508,-0.06606980278162067,,,,,,,,,,
XLK,volatility,262.8599853515625,,,,,,,,,,,,,,,,,,,,,,,0.034553877433157375,0.5485257991268478,0.473131266706307,0.5747796048280582,24.137931034482758,normal,0.5540933121626896,0.37462294224988124,,
XLV,simple_trend,137.89999389648438,88.0,True,True,False,0.2540347290039051,-0.3652375030517561,-0.2454349212646477,-16.66666666666667,147.30092835190231,0.06817211654465213,0.06666666666666667,,,,,,,,,,,,,,,,,,,,,
XLV,mean_reversion,137.89999389648438,,,,,,,,,,,,134.266609954834,139.73431779682844,128.79890211283956,0.8322584204064788,58.92001909622009,False,False,0.0,neutral,134.266609954834,-0.02634796303455822,,,,,,,,,,
XLV,volatility,137.89999389648438,,,,,,,,,,,,,,,,,,,,,,,0.019073844611732938,0.30278789633120823,0.363508935559484,0.30244327325053977,71.26436781609196,normal,1.0333839777023115,0.2357776662557633,,
XLI,simple_trend,150.92999267578125,88.0,False,True,True,0.7610684204101574,1.063251342773438,0.44172964477538984,83.33333333333333,156.45053843166508,0.03657686360419254,1.0,,,,,,,,,,,,,,,,,,,,,
XLI,mean_reversion,150.92999267578125,,,,,,,,,,,,145.54250717163086,159.40888750085836,131.67612684240336,0.6942643060494552,65.76972973033871,False,False,0.0,neutral,145.54250717163086,-0.03569526115146282,,,,,,,,,,
XLI,volatility,150.92999267578125,,,,,,,,,,,,,,,,,,,,,,,0.02305838741869606,0.36604055246430217,0.33785367112793663,0.3916358136597067,31.03448275862069,normal,0.25052173055589816,0.2616040282907228,,
XLB,simple_trend,91.95999908447266,88.0,True,True,True,0.3827760314941401,0.308428955078125,-0.016598320007324217,100.0,101.37443225332832,0.1023753073356139,0.8666666666666667,,,,,,,,,,,,,,,,,,,,,
XLB,mean_reversion,91.95999908447266,,,,,,,,,,,,88.0623950958252,94.09179455579255,82.03299563585784,0.8232166001378657,62.997012579903235,False,False,0.0,neutral,88.0623950958252,-0.042383688858752544,,,,,,,,,,
XLB,volatility,91.95999908447266,,,,,,,,,,,,,,,,,,,,,,,0.022593895887731655,0.3586669780021373,0.3651326097341335,0.3770895720003058,31.03448275862069,normal,0.4992928108208603,0.27184507167323335,,
XLRE,simple_trend,42.18000030517578,88.0,True,True,True,0.04637451171875,0.05566905975341783,0.04812372970581045,100.0,43.738616791302164,0.036951552272396,0.8666666666666667,,,,,,,,,,,,,,,,,,,,,
XLRE,mean_reversion,42.18000030517578,,,,,,,,,,,,41.4819034576416,42.7114632767896,40.2523436384936,0.783880798909773,56.69970922876153,False,False,0.0,neutral,41.4819034576416,-0.016550423008141135,,,,,,,,,,
XLRE,volatility,42.18000030517578,,,,,,,,,,,,,,,,,,,,,,,0.02152509491872504,0.34170028861203916,0.2834852752507675,0.3647016502327865,5.747126436781609,low,0.3130844167132126,0.2343855522427549,,
XLP,simple_trend,80.87000274658203,88.0,False,False,True,0.10186553955078068,0.07365921020507785,0.08320938110351576,66.66666666666666,82.20224159323264,0.016473832093531305,0.13333333333333333,,,,,,,,,,,,,,,,,,,,,
XLP,mean_reversion,80.87000274658203,,,,,,,,,,,,81.1696964263916,82.9153321496794,79.42406070310379,0.41415915823345184,45.17819535197569,False,False,0.0,neutral,81.1696964263916,0.0037058695391503083,,,,,,,,,,
XLP,volatility,80.87000274658203,,,,,,,,,,,,,,,,,,,,,,,0.01413770395983091,0.22442909272299413,0.24050441478153495,0.2191979765373313,51.724137931034484,normal,1.6186765514111066,0.13836943957579578,,
XLY,simple_trend,235.1100006103516,88.0,True,True,True,1.6506759643554687,1.225858993530275,0.7198145141601572,100.0,270.44169334267997,0.15027728569863635,0.8666666666666667,,,,,,,,,,,,,,,,,,,,,
XLY,mean_reversion,235.1100006103516,,,,,,,,,,,,217.26556854248048,237.86177289734627,196.6693641876147,0.9331971017673316,72.45042898688334,False,True,-27.549571013116662,down,217.26556854248048,-0.07589822645377275,,,,,,,,,,
XLY,volatility,235.1100006103516,,,,,,,,,,,,,,,,,,,,,,,0.027041051145577442,0.42926337912585705,0.43678556652533274,0.45100259130098275,40.229885057471265,normal,0.5601042332429728,0.25026761326084895,,
XLU,simple_trend,83.47000122070312,88.0,False,True,True,0.43847763061523326,0.3662939453125006,0.23773900604248013,83.33333333333333,81.35193826767326,-0.025375139835322358,1.0,,,,,,,,,,,,,,,,,,,,,
XLU,mean_reversion,83.47000122070312,,,,,,,,,,,,82.33140411376954,87.3574560464272,77.30535218111187,0.6132695326460269,59.31168526658994,False,False,0.0,neutral,82.33140411376954,-0.013640794180930005,,,,,,,,,,
XLU,volatility,83.47000122070312,,,,,,,,,,,,,,,,,,,,,,,0.019704383704527147,0.31279739411983476,0.18861135030685694,0.33155368333196356,3.4482758620689653,low,0.5380556011114329,0.16723347492638518,,
XLC,simple_trend,114.69000244140624,88.0,True,True,True,0.7616943359375,0.6208950042724609,0.412916320800781,100.0,130.75627376831528,0.14008432282593336,0.8666666666666667,,,,,,,,,,,,,,,,,,,,,
XLC,mean_reversion,114.69000244140624,,,,,,,,,,,,104.78583145141602,115.48379920792354,94.08786369490849,0.9628996467093276,75.92012031685152,False,True,-24.079879683148476,down,104.78583145141602,-0.0863560099325148,,,,,,,,,,
XLC,volatility,114.69000244140624,,,,,,,,,,,,,,,,,,,,,,,0.021726147599653294,0.34489190097699307,0.3476293939751978,0.3444855296721896,52.87356321839081,normal,1.0044841090782781,0.25880096106083866,,
VGT,simple_trend,698.7899780273438,88.0,True,True,True,6.82773559570312,6.349164886474614,1.7470723876953116,100.0,758.9200945706631,0.08604891088029663,0.8666666666666667,,,,,,,,,,,,,,,,,,,,,
VGT,mean_reversion,698.7899780273438,,,,,,,,,,,,645.1874847412109,744.2981023457,546.0768671367218,0.7704175121783569,77.7655056988694,False,False,0.0,neutral,645.1874847412109,-0.07670758736044059,,,,,,,,,,
VGT,volatility,698.7899780273438,,,,,,,,,,,,,,,,,,,,,,,0.034628900879347994,0.5497167594135642,0.48333798542780554,0.5707671580893611,24.137931034482758,normal,0.629989304007881,0.3782715367188498,,
SPY,simple_trend,647.239990234375,88.0,True,True,True,4.466291503906246,3.728171081542962,1.4293098144531258,100.0,700.1399159125892,0.08173154699396501,0.8666666666666667,,,,,,,,,,,,,,,,,,,,,
SPY,mean_reversion,647.239990234375,,,,,,,,,,,,609.0359924316406,669.5558071713623,548.5161776919189,0.8156321443401539,76.10297911979846,False,True,-23.897020880201538,down,609.0359924316406,-0.05902601566522514,,,,,,,,,,
SPY,volatility,647.239990234375,,,,,,,,,,,,,,,,,,,,,,,0.02172810513004044,0.34492297580852255,0.3306537711906943,0.35646664947254986,42.5287356321839,normal,0.5992543781601556,0.2608446953574907,,
QQQ,simple_trend,576.0599975585938,88.0,True,True,True,4.326276855468746,4.259888153076167,1.4698361816406247,100.0,625.5718838820287,0.08594918330255855,0.8666666666666667,,,,,,,,,,,,,,,,,,,,,
QQQ,mean_reversion,576.0599975585938,,,,,,,,,,,,539.0722015380859,603.44199410842,474.70240896775186,0.7873070934638549,74.88310923109738,False,False,0.0,neutral,539.0722015380859,-0.06420823556099409,,,,,,,,,,
QQQ,volatility,576.0599975585938,,,,,,,,,,,,,,,,,,,,,,,0.02852773498771645,0.45286375347272395,0.40542841082800063,0.4712339195802395,24.137931034482758,normal,0.7012025367110489,0.30625338606772556,,
VHT,simple_trend,257.0,88.0,True,True,False,0.6451651000976597,-0.4926820373535179,-0.4199899444580069,-16.66666666666667,278.47780544913934,0.08357122742855774,0.06666666666666667,,,,,,,,,,,,,,,,,,,,,
VHT,mean_reversion,257.0,,,,,,,,,,,,247.55605239868163,258.2617693537324,236.85033544363085,0.9410703010816514,61.81276615194745,False,False,0.0,neutral,247.55605239868163,-0.0367468778261415,,,,,,,,,,
VHT,volatility,257.0,,,,,,,,,,,,,,,,,,,,,,,0.019579663390474473,0.31081752051330724,0.3588510159663512,0.3173074231528459,62.06896551724138,normal,0.9435907592611853,0.2469117180455873,,
VAW,simple_trend,208.16000366210935,88.0,True,True,True,1.2900613403320336,0.8074227905273432,0.009535583496094091,100.0,235.1461561272301,0.1296413911911982,0.8666666666666667,,,,,,,,,,,,,,,,,,,,,
VAW,mean_reversion,208.16000366210935,,,,,,,,,,,,196.0565963745117,211.639839512886,180.47335323613743,0.8883468665708156,66.92451888258411,False,False,0.0,neutral,196.0565963745117,-0.058144730374064535,,,,,,,,,,
VAW,volatility,208.16000366210935,,,,,,,,,,,,,,,,,,,,,,,0.023654316916564683,0.37550063996603,0.3661344390267508,0.4001431590006175,27.586206896551722,normal,0.5996723350465756,0.2771001429589127,,
VCR,simple_trend,392.2000122070313,88.0,True,True,True,2.688629150390625,2.1103564453124988,1.009122344970703,100.0,452.90155738471054,0.15477191047520056,0.8666666666666667,,,,,,,,,,,,,,,,,,,,,
VCR,mean_reversion,392.2000122070313,,,,,,,,,,,,361.5127258300781,396.96903667313177,326.0564149870245,0.9327478754457788,72.08075811364652,False,True,-27.919241886353475,down,361.5127258300781,-0.07824397098884905,,,,,,,,,,
VCR,volatility,392.2000122070313,,,,,,,,,,,,,,,,,,,,,,,0.02727708801869458,0.43301034832491253,0.4405712673947716,0.45487055852500224,39.08045977011494,normal,0.5785443079487216,0.2714936512845049,,
VDC,simple_trend,220.3500061035156,88.0,False,True,True,0.2776525878906284,0.22571029663085937,0.3048825988769536,83.33333333333333,226.4592492400053,0.027725177977166476,0.8,,,,,,,,,,,,,,,,,,,,,
VDC,mean_reversion,220.3500061035156,,,,,,,,,,,,219.66618270874022,224.48123962545338,214.85112579202706,0.5710088589401517,46.15454175521078,False,False,0.0,neutral,219.66618270874022,-0.0031033509227774703,,,,,,,,,,
VDC,volatility,220.3500061035156,,,,,,,,,,,,,,,,,,,,,,,0.0144873400261516,0.2299793932081747,0.2417181188529439,0.23073005554379855,42.5287356321839,normal,1.4086003373695366,0.14294101589487826,,
VNQ,simple_trend,92.47000122070312,88.0,True,True,True,0.22304138183593808,0.12621570587158146,0.08855442047119197,100.0,98.44935391880608,0.06466262159802197,0.8666666666666667,,,,,,,,,,,,,,,,,,,,,
VNQ,mean_reversion,92.47000122070312,,,,,,,,,,,,89.32277183532715,92.64085147615663,86.00469219449766,0.9742546481779456,65.58693144797866,False,False,0.0,neutral,89.32277183532715,-0.034035139437970985,,,,,,,,,,
VNQ,volatility,92.47000122070312,,,,,,,,,,,,,,,,,,,,,,,0.021264273816579044,0.3375598819743027,0.273249744034909,0.36347944624374634,4.597701149425287,low,0.291000615987228,0.22962063573960134,,
VIS,simple_trend,290.1600036621094,88.0,True,True,True,1.7315972900390535,2.0950508880615217,0.7609821472167966,100.0,304.75178030166376,0.050288725032366956,1.0,,,,,,,,,,,,,,,,,,,,,
VIS,mean_reversion,290.1600036621094,,,,,,,,,,,,276.83229675292966,305.2508735332776,248.41371997258167,0.7344893449835972,70.3020946933243,False,False,0.0,neutral,276.83229675292966,-0.045932267510927494,,,,,,,,,,
VIS,volatility,290.1600036621094,,,,,,,,,,,,,,,,,,,,,,,0.02379749141422547,0.3777734646554123,0.34296933755108017,0.4095318561873673,29.88505747126437,normal,0.19809034882327856,0.2706375158697725,,
VPU,simple_trend,181.07000732421875,88.0,False,True,True,0.9747442626953102,0.7848667144775391,0.5098347625732416,83.33333333333333,177.61688962613673,-0.019070622181502232,1.0,,,,,,,,,,,,,,,,,,,,,
VPU,mean_reversion,181.07000732421875,,,,,,,,,,,,178.02203445434571,188.8791603286039,167.16490858008754,0.6403673912033967,61.2791290444669,False,False,0.0,neutral,178.02203445434571,-0.016833118388377977,,,,,,,,,,
VPU,volatility,181.07000732421875,,,,,,,,,,,,,,,,,,,,,,,0.019483339874026444,0.3092884320937349,0.18159102095270846,0.32863251974967195,2.2988505747126435,low,0.4935587995476353,0.17085682443953112,,
VOX,simple_trend,185.8000030517578,88.0,True,True,True,1.5911611938476597,1.2103710174560547,0.6277928314208993,100.0,213.29244632879218,0.14796793770437044,0.8666666666666667,,,,,,,,,,,,,,,,,,,,,
VOX,mean_reversion,185.8000030517578,,,,,,,,,,,,166.37344970703126,187.91370883056751,144.833190583495,0.9509359249884758,80.34029598974615,False,True,-19.659704010253847,down,166.37344970703126,-0.10455625955676084,,,,,,,,,,
VOX,volatility,185.8000030517578,,,,,,,,,,,,,,,,,,,,,,,0.023573813810199483,0.37422269277076703,0.3651040343111582,0.37668806817382133,50.57471264367817,normal,0.9934563851467825,0.2719228324390337,,
IXJ,simple_trend,88.30999755859375,88.0,True,True,True,0.13651748657226506,-0.14639202117920008,-0.1585056228637697,0.0,95.31089342701422,0.07927636804400731,0.06666666666666667,,,,,,,,,,,,,,,,,,,,,
IXJ,mean_reversion,88.30999755859375,,,,,,,,,,,,85.78483543395996,89.1996446583558,82.37002620956412,0.8697369250665176,57.27619456009972,False,False,0.0,neutral,85.78483543395996,-0.028594295033904316,,,,,,,,,,
IXJ,volatility,88.30999755859375,,,,,,,,,,,,,,,,,,,,,,,0.02003589090308064,0.31805990775103626,0.39093864278751717,0.3181405474906381,67.81609195402298,normal,0.9134168638817174,0.26069632612029847,,
IXN,simple_trend,95.5199966430664,88.0,True,True,True,0.8974337768554704,0.8642297363281244,0.19828903198242145,100.0,100.79973243358121,0.055273617839873015,0.8666666666666667,,,,,,,,,,,,,,,,,,,,,
IXN,mean_reversion,95.5199966430664,,,,,,,,,,,,89.50872421264648,102.81250368639223,76.20494473890074,0.7259234844610445,79.1760220478819,False,False,0.0,neutral,89.50872421264648,-0.06293208376966863,,,,,,,,,,
IXN,volatility,95.5199966430664,,,,,,,,,,,,,,,,,,,,,,,0.03407144053830684,0.5408673508445073,0.45553581185486614,0.5637000787149989,21.839080459770116,normal,0.5827206087964879,0.3795357663538299,,
IXC,simple_trend,40.65999984741211,88.0,True,True,True,0.14932647705078067,0.08633247375488295,-0.007205764770507628,100.0,42.436983223868125,0.04370347720424601,0.6,,,,,,,,,,,,,,,,,,,,,
IXC,mean_reversion,40.65999984741211,,,,,,,,,,,,39.315932273864746,42.16957161361491,36.46229293411458,0.7355006035319507,64.5644527672315,False,False,0.0,neutral,39.315932273864746,-0.03305626115571447,,,,,,,,,,
IXC,volatility,40.65999984741211,,,,,,,,,,,,,,,,,,,,,,,0.02923385649400577,0.46407308487893917,0.3708834736185737,0.4868776422284762,10.344827586206897,low,0.9188816301306917,0.3707053685654577,,
IYM,simple_trend,148.68699645996094,88.0,True,True,True,0.9576705932617188,0.6465441894531239,-0.014026031494141477,100.0,166.5788890006304,0.12033259778360972,0.8666666666666667,,,,,,,,,,,,,,,,,,,,,
IYM,mean_reversion,148.68699645996094,,,,,,,,,,,,139.89793395996094,152.72851781773429,127.0673501021876,0.8425043862939716,68.40885934929746,False,False,0.0,neutral,139.89793395996094,-0.05911117118010223,,,,,,,,,,
IYM,volatility,148.68699645996094,,,,,,,,,,,,,,,,,,,,,,,0.02448210421354786,0.38864135592368515,0.3622939698180567,0.41251490003346275,22.988505747126435,normal,0.5700934285881827,0.32073302304206475,,
ITB,simple_trend,116.6999969482422,88.0,True,True,True,1.9657952880859397,0.47322956085205165,-0.2452456970214847,100.0,147.56921365026452,0.26451771644615524,0.4666666666666667,,,,,,,,,,,,,,,,,,,,,
ITB,mean_reversion,116.6999969482422,,,,,,,,,,,,97.45569343566895,114.21136810525317,80.70001876608472,1.0742622691137147,83.89106244054486,False,True,-16.108937559455143,down,97.45569343566895,-0.16490406183222373,,,,,,,,,,
ITB,volatility,116.6999969482422,,,,,,,,,,,,,,,,,,,,,,,0.03585412319283334,0.569166560667061,0.506963984130435,0.6044002894606959,24.137931034482758,normal,0.75704457188312,0.2984017803994748,,
IGV,simple_trend,108.13999938964844,88.0,False,True,True,0.25039993286132756,0.8230499649047843,0.4333700180053711,83.33333333333333,110.28899282482799,0.019872327051124877,1.0,,,,,,,,,,,,,,,,,,,,,
IGV,mean_reversion,108.13999938964844,,,,,,,,,,,,106.1120002746582,114.99199250932901,97.23200803998739,0.6141892392130801,57.71212864987919,False,False,0.0,neutral,106.1120002746582,-0.018753459648940596,,,,,,,,,,
IGV,volatility,108.13999938964844,,,,,,,,,,,,,,,,,,,,,,,0.03372668977281716,0.5353946021057984,0.5155298962311973,0.5588650264922177,29.88505747126437,normal,0.48365679998780764,0.32016424704171575,,
SOXX,simple_trend,247.0500030517578,88.0,True,True,True,2.4397634887695347,2.5156837463378907,-0.08838876342773432,100.0,271.17836525013223,0.09766590528363375,0.8666666666666667,,,,,,,,,,,,,,,,,,,,,
SOXX,mean_reversion,247.0500030517578,,,,,,,,,,,,226.49749374389648,270.06281109987555,182.93217638791742,0.7358815516012834,80.09844899770405,False,False,0.0,neutral,226.49749374389648,-0.08319169825533457,,,,,,,,,,
SOXX,volatility,247.0500030517578,,,,,,,,,,,,,,,,,,,,,,,0.04813748481069207,0.7641588812954422,0.6107239636727313,0.798767905650839,11.494252873563218,low,0.3207942833040689,0.6010954349577078,,
