ticker,date,timeframe,current_price,data_points,monthly_ema10,monthly_ema10slope,monthly_sma12,monthly_sma12slope,monthly_price2_sma12pct,monthly_sma24,monthly_sma24slope,monthly_price2_sma24pct,monthly_sma10,monthly_sma10slope,monthly_price2_sma10pct,monthly_rsi_14,monthly_price_position_52w,monthly_macd,monthly_macd_signal,monthly_macd_histogram,atr,atr_pct,sma50,atrext_dollar,atrext_percent,monthly_monthly_monthly_1m_pct_change,monthly_5period_pct_change,monthly_10period_pct_change,monthly_monthly_monthly_2m_pct_change,monthly_monthly_monthly_3m_pct_change,monthly_monthly_monthly_6m_pct_change,monthly_momentum_20,monthly_quarter_pct_change,monthly_avg_volume_20,monthly_volume_trend,obv,obv_trend,monthly_ATH,monthly_ATL,monthly_is_new_ATH,monthly_is_new_ATL,monthly_distance_from_ATH_pct,monthly_distance_from_ATL_pct,monthly_ATH_ATL_position_pct,monthly_candle_strength,monthly_candle_strength_pct,monthly_body_ratio,monthly_upper_wick_ratio,monthly_lower_wick_ratio,monthly_oppression_factor,monthly_candle_type,monthly_is_bullish,total_range,body_size,monthly_wick_dominance,directional_strength,monthly_avg_candle_strength_5,monthly_avg_candle_strength_5_pct,trend_days_10_pct,monthly_priceabovesma10,monthly_priceaboveema20,monthly_priceabovesma50,monthly_sma10vssma20,monthly_sma20vssma50,monthly_at_20day_high,monthly_at_20day_low,monthly_5day_low_vs_30day_high,SP500,NASDAQ100,Russell1000,Russell3000,SP100,NASDAQComposite,DowJonesIndustrialAverage,SP500CommunicationServices,SP500ConsumerDiscretionary,SP500ConsumerStaples,SP500Energy,SP500Financials,SP500HealthCare,SP500Industrials,SP500InformationTechnology,SP500Utilities
NVDA,2025-09-05,monthly,167.0200,91,170.5407,0.6195,174.3942,2.0837,-4.2284,153.4480,2.6283,8.8447,175.5400,1.4272,-4.8536,67.3091,0.8827,11.6628,12.4209,-0.7581,10.2104,6.1133,141.8221,2.4679,2.9063,-0.6011,-7.1131,-3.7349,0.0000,-4.1107,-4.7776,26.8676,59.4967,739008701.3500,-0.4860,-2692772956,324788190.0000,182.7000,49.0752,False,False,-8.5824,240.3351,88.2657,0.1626,16.2600,0.2036,0.2016,0.5948,0.2016,Weak Body,False,4.9600,1.0100,0.7964,0.2036,0.3022,30.2200,44.4444,False,True,True,True,True,False,False,False,True,True,True,True,True,True,True,False,False,False,False,False,False,False,True,False
MSFT,2025-09-05,monthly,495.0000,91,501.0707,-0.2719,508.9008,1.5028,-2.7315,479.9564,5.0356,3.1344,509.3440,0.4428,-2.8162,60.8938,0.8235,19.1789,22.6039,-3.4250,17.4366,3.5225,444.4977,2.8963,3.2254,-2.7639,-1.8364,-3.6421,0.0000,-2.3071,-2.1198,8.5901,22.8499,78646668.1500,-0.5613,1103301409,21666690.4500,524.1100,359.1806,False,False,-5.5542,37.8137,82.3500,0.6135,61.3500,0.7190,0.1467,0.1344,0.1467,Strong Body,False,19.5700,14.0700,0.2810,0.7190,0.3791,37.9100,22.2222,False,True,True,True,True,False,False,False,True,True,True,True,True,True,True,False,False,False,False,False,False,False,True,False
AAPL,2025-09-05,monthly,239.6900,91,228.4021,2.3419,224.4372,2.5720,6.7960,213.4447,1.1293,12.2961,227.1386,2.6475,5.5259,75.1728,0.8350,5.7780,2.0607,3.7173,10.4006,4.3392,222.3142,1.6707,1.8012,-0.1250,5.5159,12.1947,0.0000,3.2523,6.0528,16.1814,11.4892,213878877.5500,-0.6893,3661697354,79451822.7000,254.6859,163.8236,False,False,-5.8880,46.3098,83.4960,0.0562,5.6200,0.1060,0.4700,0.4240,0.4700,Weak Body,False,2.8299,0.3000,0.8940,0.1060,0.3361,33.6100,66.6667,True,True,True,True,False,True,False,False,True,True,True,True,True,True,True,False,False,False,False,False,False,False,True,False
GOOGL,2025-09-05,monthly,235.0490,91,210.8763,4.1994,204.2607,3.7717,15.0730,185.7785,2.6127,26.5211,208.5879,4.1796,12.6858,89.0066,1.0000,14.1123,9.0261,5.0862,11.2200,4.7735,180.8999,4.8261,6.2707,1.2095,12.7387,21.6736,0.0208,10.3983,17.9254,28.7229,44.3072,159784842.5000,-0.4967,3071620908,101572740.4000,235.0490,134.6028,True,False,0.0000,74.6242,100.0000,0.6636,66.3600,0.7277,0.1842,0.0881,0.0881,Strong Body,True,3.8600,2.8090,0.2723,0.7277,0.5712,57.1200,66.6667,True,True,True,True,True,True,False,False,True,True,True,True,True,True,False,True,False,False,False,False,False,False,False,False
GOOG,2025-09-05,monthly,235.1700,91,211.4665,4.1319,204.9758,3.7385,14.7306,186.7721,2.5443,25.9128,209.2460,4.1488,12.3892,88.7408,1.0000,13.8163,8.7865,5.0298,11.0529,4.7000,182.2596,4.7870,6.1767,1.0832,12.4355,21.1717,0.0000,10.1344,17.4734,28.1053,42.8738,104019088.7500,-0.4622,2181234882,66015349.1000,235.1700,135.4846,True,False,0.0000,73.5769,100.0000,0.6337,63.3700,0.6774,0.2580,0.0645,0.0645,Moderate Body,True,3.7199,2.5200,0.3226,0.6774,0.5732,57.3200,55.5556,True,True,True,True,True,True,False,False,True,True,True,True,True,True,False,True,False,False,False,False,False,False,False,False
AMZN,2025-09-05,monthly,232.3300,91,227.2293,1.1716,227.1325,1.1442,2.2883,215.1621,1.7331,7.9791,227.4440,0.8634,2.1482,66.0113,0.9421,7.0015,6.1548,0.8467,10.9442,4.7106,212.5578,1.8066,1.9747,-1.1824,1.9259,0.3845,0.0000,1.4541,3.8068,10.9384,39.1698,164350732.4500,-0.7068,2219333547,54668432.3500,237.6800,145.2400,False,False,-2.2509,59.9628,94.2125,0.5364,53.6400,0.6849,0.2168,0.0983,0.2168,Moderate Body,False,4.0588,2.7800,0.3151,0.6849,0.4128,41.2800,55.5556,True,True,True,True,True,True,False,False,True,True,True,True,True,True,True,False,True,False,False,False,False,False,False,False
META,2025-09-05,monthly,752.4500,91,741.9593,2.4738,744.2508,3.8383,1.1017,691.4563,7.6509,8.8211,750.9220,3.7605,0.2035,65.1202,0.9247,35.5777,36.4742,-0.8965,37.2508,4.9506,648.3267,2.7952,3.2441,-0.0219,-0.1128,5.5803,0.0000,1.8614,0.6326,13.7064,45.8227,46581173.9500,-0.7152,774921504,7250595.2000,785.2300,350.0298,False,False,-4.1746,114.9674,92.4678,0.0075,0.7500,0.0128,0.4116,0.5756,0.4116,Doji,False,12.8900,0.1650,0.9872,0.0128,0.3000,30.0000,55.5556,True,True,True,True,True,False,False,False,True,True,True,True,True,True,False,True,False,False,False,False,False,False,False,False
AVGO,2025-09-05,monthly,334.8900,91,303.9594,4.5075,300.0558,4.5542,11.6092,265.0061,5.6695,26.3707,304.2950,4.1999,10.0544,83.8624,1.0000,28.5136,25.2933,3.2203,22.3039,6.6601,230.1532,4.6959,6.8329,-5.8875,13.8191,15.4077,0.0000,12.6097,15.0153,30.9863,128.4544,91011101.2500,-0.1739,862769469,52942878.4500,334.8900,102.9788,True,False,0.0000,225.2030,100.0000,0.8311,83.1100,0.8448,0.0161,0.1391,0.0161,Strong Body,False,24.8000,20.9500,0.1552,0.8448,0.5070,50.7000,55.5556,True,True,True,True,True,True,False,False,True,True,True,True,True,True,False,False,False,False,False,False,False,False,True,False
TSLA,2025-09-05,monthly,350.8400,91,337.1830,3.3358,331.4758,2.5027,5.8418,321.1196,3.9814,9.2552,333.4550,2.5490,5.2136,59.7062,0.7047,9.9144,6.9150,2.9994,30.7598,8.7675,327.4264,0.7612,0.8156,0.8219,1.2233,11.0042,0.0000,5.0828,8.3174,4.5598,75.4200,393879809.9000,-0.6056,-1165108933,-15532046.6500,436.2300,147.0500,False,False,-19.5745,138.5855,70.4717,0.1802,18.0200,0.2556,0.4495,0.2949,0.2949,Weak Body,True,11.1899,2.8600,0.7444,0.2556,0.4268,42.6800,55.5556,True,True,True,True,True,True,False,False,True,True,True,True,True,True,False,False,True,False,False,False,False,False,False,False
NFLX,2025-09-05,monthly,1243.8199,91,1222.6780,2.6944,1216.2791,-2.7978,2.2643,1202.3375,12.9264,3.4502,1214.1000,-3.3720,2.4479,51.4699,0.9066,53.4227,64.6418,-11.2190,57.6984,4.6388,1045.3882,3.4391,4.0919,-1.2841,2.1140,5.3647,0.0000,2.9439,2.4682,1.6511,96.2047,12797426.2500,-0.7107,270209190,-1819515.5000,1323.1200,474.0600,False,False,-5.9934,162.3761,90.6603,0.4305,43.0500,0.5762,0.2528,0.1709,0.2528,Moderate Body,False,28.0798,16.1801,0.4238,0.5762,0.4042,40.4200,55.5556,True,True,True,False,True,False,False,False,True,True,True,True,True,True,False,True,False,False,False,False,False,False,False,False
COST,2025-09-05,monthly,963.4800,91,962.1615,-2.6146,959.4150,-3.1560,0.4237,979.6933,1.2588,-1.6549,959.4358,-2.1121,0.4215,46.5465,0.7484,-2.5522,0.7960,-3.3482,34.9116,3.6235,964.9603,-0.0424,-0.0423,0.4975,2.3259,3.1358,0.0000,2.1371,-3.1260,-6.1359,13.2753,8345713.6500,-0.6794,146223579,-671561.0500,1068.9742,649.7333,False,False,-9.8687,48.2885,74.8368,0.2911,29.1100,0.3579,0.4555,0.1866,0.1866,Weak Body,True,13.3274,4.7700,0.6421,0.3579,0.4247,42.4700,55.5556,True,False,False,False,True,False,False,False,True,True,True,True,True,True,False,False,False,True,False,False,False,False,False,False
PLTR,2025-09-05,monthly,153.1100,91,154.8471,0.0154,158.8042,1.8217,-3.5857,141.9133,2.9268,7.8898,161.0030,1.5760,-4.9024,57.3188,0.8020,15.1313,17.7606,-2.6294,14.3038,9.3421,108.2098,3.1390,4.4416,-3.0090,-2.5832,-3.5831,0.0000,-2.2972,-1.8589,19.5604,410.1966,312733553.4500,-0.6587,6703577919,-38855089.0500,186.9600,15.9800,False,False,-18.1055,858.1352,80.2024,0.3912,39.1200,0.4350,0.1007,0.4643,0.1007,Moderate Body,False,10.9200,4.7500,0.5650,0.4350,0.2913,29.1300,22.2222,False,True,True,True,True,False,False,False,True,True,True,True,True,True,False,False,False,False,False,False,False,False,True,False
ASML,2025-09-05,monthly,781.7000,91,757.7374,3.8378,748.5025,-0.5087,4.4352,740.3613,3.8408,5.5836,744.5520,-1.0602,4.9893,54.0987,0.3772,9.6815,5.5626,4.1189,41.6997,5.3345,720.9426,1.4570,1.5798,0.8801,3.6105,9.9051,0.0000,5.2625,4.2976,2.6559,-8.5001,6767364.6000,-0.6891,11399901,-7894.9500,1075.4083,603.8342,False,False,-27.3113,29.4561,37.7175,0.1989,19.8900,0.4063,0.0831,0.5106,0.5106,Moderate Body,True,16.7850,6.8200,0.5937,0.4063,0.5066,50.6600,66.6667,True,True,True,False,True,False,False,False,False,True,False,False,False,True,False,False,False,False,False,False,False,False,False,False
TMUS,2025-09-05,monthly,252.7600,91,249.3611,1.0018,246.2458,1.4872,2.6454,243.1359,-0.1517,3.9583,249.9980,2.1624,1.1048,68.0955,0.8556,4.1830,3.1840,0.9990,10.4075,4.1176,240.8103,1.1482,1.2052,-0.0277,0.4052,3.7816,0.0000,0.3056,-2.4130,5.1451,31.9729,17326596.7000,-0.6917,164621036,2245456.8000,268.9253,156.9720,False,False,-6.0111,61.0223,85.5607,0.0050,0.5000,0.0170,0.7042,0.2788,0.7042,Doji,False,4.1250,0.0700,0.9830,0.0170,0.3502,35.0200,55.5556,True,True,True,True,True,False,False,False,True,True,True,True,True,True,False,True,False,False,False,False,False,False,False,False
CSCO,2025-09-05,monthly,66.9000,91,67.4327,0.0557,67.9475,0.0997,-1.5416,65.2784,0.4021,2.4841,67.9370,-0.0130,-1.5264,52.2491,0.8235,1.9682,2.3440,-0.3758,2.4963,3.7314,61.8837,2.0095,2.1724,-1.4800,-0.3575,-2.6059,0.0000,-3.1698,-0.3129,6.4346,51.1648,81737429.1500,-0.7194,776785803,4495330.1500,71.7900,44.0831,False,False,-6.8115,51.7590,82.3510,0.5457,54.5700,0.6204,0.1204,0.2593,0.1204,Moderate Body,False,1.6200,1.0050,0.3796,0.6204,0.2953,29.5300,55.5556,False,True,True,True,True,False,False,False,True,True,True,True,True,True,True,False,False,False,False,False,False,False,True,False
AMD,2025-09-05,monthly,151.1400,91,157.0813,0.1219,162.7042,2.5515,-7.1075,138.2817,2.5468,9.2987,164.9040,1.6406,-8.3467,62.0552,0.5375,10.9690,11.4002,-0.4312,12.5009,8.2711,129.2844,1.7483,2.0439,-3.8060,-7.4804,-9.2089,0.0000,-7.0651,-8.5109,39.4069,12.5642,218535913.2500,-0.7281,5319456557,90600197.8500,207.3900,85.7600,False,False,-27.1228,76.2360,53.7532,0.8592,85.9200,0.8604,0.0014,0.1381,0.0014,Strong Body,False,6.9500,5.9800,0.1396,0.8604,0.4740,47.4000,44.4444,False,True,True,True,True,False,False,False,True,True,True,True,True,True,False,False,False,False,False,False,False,False,True,False
AZN,2025-09-05,monthly,81.7000,91,78.3717,0.8435,76.6811,0.8134,6.5452,73.3376,0.3693,11.4026,78.1220,1.1226,4.5801,79.9122,0.8434,2.8254,1.8214,1.0040,2.8958,3.5444,71.1097,3.6572,4.2018,-0.4239,2.5609,13.2234,0.0000,2.2528,1.4655,12.8960,3.4070,17680293.9500,-0.7746,154464926,6446636.3000,85.7895,59.6700,False,False,-4.7669,36.9196,84.3431,0.2333,23.3300,0.3998,0.4163,0.1839,0.4163,Weak Body,False,0.8700,0.3478,0.6002,0.3998,0.4089,40.8900,55.5556,True,True,True,True,True,True,False,False,False,True,False,False,False,True,False,False,False,False,False,False,False,False,False,False
PDD,2025-09-05,monthly,124.6800,91,119.6835,1.4534,117.8033,1.8148,5.8374,111.5163,0.4639,11.8043,119.9730,1.9232,3.9234,69.1654,0.5096,3.6545,1.8197,1.8348,8.7476,7.0161,111.1928,1.5418,1.7288,-0.9021,-2.7533,5.2596,0.0000,3.7099,5.6610,15.9894,-9.6783,31560753.3000,-0.3642,-169951927,6305083.6500,157.5700,90.5000,False,False,-20.8733,37.7680,50.9617,0.3160,31.6000,0.4614,0.3150,0.2236,0.3150,Moderate Body,False,2.4600,1.1350,0.5386,0.4614,0.3890,38.9000,44.4444,True,True,True,True,True,False,False,False,False,True,False,False,False,True,False,False,False,False,False,False,False,False,False,False
QCOM,2025-09-05,monthly,159.8400,91,157.4143,0.7413,156.3583,0.3577,2.2267,152.4449,0.5679,4.8510,156.4040,0.2454,2.1969,58.2526,0.3945,1.4797,0.3978,1.0819,8.3374,5.2161,155.4279,0.5292,0.5442,-0.1499,2.1864,0.9091,0.0000,-0.5537,2.8307,7.1414,-0.6854,31989189.2000,-0.6787,192382149,-5554787.5500,210.6996,126.6989,False,False,-24.1384,26.1573,39.4534,0.0119,1.1900,0.0553,0.7857,0.1590,0.7857,Doji,False,4.3400,0.2400,0.9447,0.0553,0.3049,30.4900,44.4444,True,True,True,True,False,False,False,False,True,True,True,True,True,True,False,False,False,False,False,False,False,False,True,False
ISRG,2025-09-05,monthly,466.8600,91,479.4548,-3.6208,482.2546,-5.1699,-3.1922,506.7748,-0.5612,-7.8762,475.6375,-5.4323,-1.8454,36.4035,0.5287,-15.2397,-11.0992,-4.1405,25.9339,5.5550,522.2319,-2.1351,-1.9087,2.6449,-0.3373,-5.8484,0.0000,-1.3596,-2.8286,-13.8778,0.7401,7564343.7500,-0.5257,49190995,-1805980.2500,595.5500,322.5000,False,False,-21.6086,44.7628,52.8694,0.9072,90.7200,0.9107,0.0855,0.0038,0.0038,Strong Body,True,13.2100,12.0300,0.0893,0.9107,0.3279,32.7900,44.4444,False,False,False,False,False,False,True,False,True,True,True,True,True,True,False,False,False,False,False,False,True,False,False,False
AMGN,2025-09-05,monthly,283.6400,91,288.6641,-1.0157,292.1725,-0.3137,-2.9204,286.7380,-0.6029,-1.0804,291.6040,-0.4660,-2.7311,46.7682,0.3707,-0.3966,0.6233,-1.0198,12.5649,4.4299,287.3417,-0.2946,-0.2908,1.3724,-1.6743,-7.4825,0.0000,-1.4146,-4.3211,1.1316,-9.2097,9666481.3500,-0.6365,-37183761,-872208.0500,329.1125,256.8566,False,False,-13.8167,10.4274,37.0674,0.5329,53.2900,0.6105,0.2623,0.1272,0.1272,Moderate Body,True,6.2900,3.8400,0.3895,0.6105,0.3846,38.4600,11.1111,False,False,False,True,True,False,False,False,True,True,True,True,True,True,True,False,False,False,False,False,True,False,False,False
LULU,2025-09-05,monthly,167.8000,91,197.2428,-4.2968,200.9050,-4.4790,-16.4779,235.4329,-4.2136,-28.7270,194.4580,-4.6128,-13.7089,27.5761,0.0000,-32.0505,-29.7451,-2.3055,21.3202,12.7057,292.7542,-5.8608,-3.3593,1.7401,-17.1112,-23.5291,0.0000,-17.0129,-15.3039,-34.9176,-29.7084,19157695.7500,0.7696,-330213189,-9908134.4500,491.1000,167.8000,False,True,-65.8318,0.0000,0.0000,0.2170,21.7000,0.2353,0.6868,0.0779,0.0779,Weak Body,True,12.1985,2.8700,0.7647,0.2353,0.4434,44.3400,33.3333,False,False,False,False,False,False,True,False,True,True,True,True,False,True,False,False,True,False,False,False,False,False,False,False
QQQ,2025-09-01,monthly,576.0600,88,561.8796,3.7677,560.8245,4.3406,2.7166,523.7020,3.2016,9.9977,565.6180,4.3263,1.8461,74.8831,0.9930,20.6488,17.7335,2.9153,19.1223,3.3195,514.7699,3.2052,3.5868,2.6278,0.2628,3.5669,0.9923,1.7954,4.0045,15.6185,21.8987,212592641.8000,-0.0410,2343016392,49873529.6000,577.3400,393.3771,False,False,-0.2217,46.4396,99.3042,0.6274,62.7400,0.6835,0.2345,0.0820,0.0820,Moderate Body,True,21.5800,14.7500,0.3165,0.6835,0.5934,59.3400,66.6667,True,True,True,True,True,False,False,False,False,False,False,False,False,False,False,False,False,False,False,False,False,False,False,False
SPY,2025-09-01,monthly,647.2400,88,631.8332,3.8854,629.4849,4.3484,2.8206,595.6565,2.7616,8.6599,634.6380,4.4663,1.9857,76.1030,1.0000,19.1945,15.6461,3.5484,17.1999,2.6574,590.1051,3.3218,3.6434,1.5278,1.5788,3.5021,0.3395,1.4308,4.1047,12.8006,19.3649,321141916.1500,-0.2084,4272031877,72846288.8500,647.2400,459.2506,True,False,0.0000,40.9340,100.0000,0.4793,47.9300,0.5633,0.2875,0.1492,0.1492,Moderate Body,True,17.2900,9.7400,0.4367,0.5633,0.5408,54.0800,66.6667,True,True,True,True,True,True,False,False,False,False,False,False,False,False,False,False,False,False,False,False,False,False,False,False
IWM,2025-09-01,monthly,237.7700,88,225.2759,1.9314,223.0269,1.8399,6.6104,210.6626,0.8828,12.8677,225.2210,1.9511,5.5719,75.8317,0.9632,5.9263,3.1262,2.8001,9.3075,3.9145,216.4840,2.2870,2.5119,2.4915,7.9203,6.5851,1.1056,5.4833,10.6319,14.0053,10.9066,150917619.4000,-0.2468,1675031378,63391763.9000,239.9506,180.6904,False,False,-0.9088,31.5897,96.3204,0.6594,65.9400,0.7040,0.2326,0.0633,0.0633,Strong Body,True,8.2100,5.7800,0.2960,0.7040,0.5226,52.2600,66.6667,True,True,True,True,False,True,False,False,,,,,,,,,,,,,,,,
MAGS,2025-09-01,monthly,61.2100,88,58.2447,0.6447,57.6983,0.6385,6.0863,52.9713,0.4286,15.5532,58.3940,0.6690,4.8224,79.3378,1.0000,2.7565,2.1598,0.5967,2.6176,4.2764,52.3290,3.3928,3.9686,4.3471,2.1358,9.4404,2.3750,4.3115,7.8971,21.9878,35.2003,10094568.6000,0.0766,42854884,4832674.2000,61.2100,32.1271,True,False,0.0000,90.5247,100.0000,0.6736,67.3600,0.7504,0.1471,0.1024,0.1024,Strong Body,True,3.3980,2.5500,0.2496,0.7504,0.6590,65.9000,77.7778,True,True,True,True,True,True,False,False,,,,,,,,,,,,,,,,
XLK,2025-09-01,monthly,262.8600,88,257.9143,1.7658,258.3364,2.4763,1.7510,237.0069,1.7809,10.9082,260.9540,2.3803,0.7304,78.5962,0.9635,10.9830,9.5543,1.4287,10.0363,3.8181,233.2652,2.9488,3.3229,1.9588,-1.1507,2.2961,0.1562,1.1584,2.2523,19.4301,19.8282,28336998.8000,0.0430,443691976,12023953.8000,265.9200,182.0682,False,False,-1.1507,44.3744,96.3507,0.4678,46.7800,0.5642,0.2648,0.1709,0.1709,Moderate Body,True,8.9500,5.0500,0.4358,0.5642,0.5491,54.9100,55.5556,True,True,True,True,True,False,False,False,False,False,False,False,False,False,False,False,False,False,False,False,False,False,False,False
XLC,2025-09-01,monthly,114.6900,88,109.0723,0.8635,108.2525,0.7769,5.9467,102.4584,0.4852,11.9381,108.9020,0.7617,5.3149,75.9201,1.0000,3.9835,3.2744,0.7091,3.4987,3.0505,99.4706,4.3501,5.0156,4.3111,6.5595,6.1551,2.9626,4.4060,8.0758,13.3333,36.2463,24003300.2000,-0.2147,566161404,8062790.2000,114.6900,70.8718,True,False,0.0000,61.8275,100.0000,0.8394,83.9400,0.8802,0.0734,0.0464,0.0464,Strong Body,True,5.3850,4.7400,0.1198,0.8802,0.5141,51.4100,66.6667,True,True,True,True,True,True,False,False,False,False,False,False,False,False,False,False,False,False,False,False,False,False,False,False
XLY,2025-09-01,monthly,235.1100,88,225.4521,1.7300,223.4483,1.3914,5.2190,212.4217,0.9842,10.6808,225.3020,1.6507,4.3533,72.4504,1.0000,6.3060,4.4339,1.8721,8.7554,3.7239,213.6305,2.4533,2.7000,2.7534,5.0630,6.2836,1.4542,3.3087,8.8019,11.6463,26.2950,22495019.6500,0.0299,217646093,8588014.6500,235.1100,167.9069,True,False,0.0000,40.0241,100.0000,0.6251,62.5100,0.6597,0.2880,0.0524,0.0524,Moderate Body,True,9.5500,6.3000,0.3403,0.6597,0.5707,57.0700,77.7778,True,True,True,True,True,True,False,False,False,False,False,False,False,False,False,False,False,False,False,False,False,False,False,False
XLP,2025-09-01,monthly,80.8700,88,81.3742,0.1086,81.2816,0.0501,-0.5064,80.9115,0.0609,-0.0513,81.4910,0.1019,-0.7620,45.1782,0.8324,0.4954,0.5563,-0.0609,2.0381,2.5202,80.0505,0.4021,0.4062,-0.0618,-1.9520,-1.5941,0.1114,-2.8238,0.8857,1.2773,6.1794,64912010.1500,-0.2608,924037451,3250042.5500,83.2200,69.1979,False,False,-2.8238,16.8678,83.2408,0.0269,2.6900,0.0365,0.2628,0.7007,0.2628,Doji,False,1.3700,0.0500,0.9635,0.0365,0.4570,45.7000,55.5556,False,False,True,True,True,False,False,False,False,False,False,False,False,False,False,False,False,False,False,False,False,False,False,False
XLE,2025-09-01,monthly,87.3600,88,86.7129,0.1594,86.8095,0.2819,0.6342,84.6597,-0.0875,3.1895,86.8840,0.2032,0.5479,60.6260,0.5916,0.4546,0.0468,0.4079,3.7433,4.2849,86.6859,0.1801,0.1815,-3.0948,2.8612,0.3792,-3.3521,1.8300,2.0680,5.6221,-2.3045,76742378.3000,-0.2628,584182046,5949277.3000,94.9419,76.3748,False,False,-7.9858,14.3833,59.1649,0.6374,63.7400,0.7420,0.1410,0.1170,0.1410,Strong Body,False,3.7600,2.7900,0.2580,0.7420,0.3769,37.6900,55.5556,True,True,True,True,False,False,False,False,False,False,False,False,False,False,False,False,False,False,False,False,False,False,False,False
XLF,2025-09-01,monthly,53.0700,88,52.4896,0.1745,52.4101,0.1878,1.2592,50.6227,0.1330,4.8344,52.6970,0.2122,0.7078,58.8563,0.9466,1.1839,1.0953,0.0885,1.6289,3.0694,49.6318,2.1107,2.2569,-1.1732,2.3529,-0.2256,-1.7040,0.3783,3.2490,6.3646,25.7127,165501472.3500,-0.2183,5136140161,60458803.0500,53.9900,36.7586,False,False,-1.7040,44.3744,94.6609,0.2746,27.4600,0.4565,0.3985,0.1449,0.3985,Moderate Body,False,1.3800,0.6300,0.5435,0.4565,0.3308,33.0800,66.6667,True,True,True,True,True,False,False,False,False,False,False,False,False,False,False,False,False,False,False,False,False,False,False,False
XLV,2025-09-01,monthly,137.9000,88,135.5136,0.3240,134.5503,0.2631,2.4895,134.7631,-0.4221,2.3277,134.9340,0.2540,2.1981,58.9200,0.3291,-0.8822,-1.7544,0.8723,4.3571,3.1596,139.6640,-0.4049,-0.3997,0.7378,5.9465,1.7712,0.3420,0.2909,5.1628,1.4498,-5.1564,57849125.8000,-0.2643,459021274,8144938.7000,154.5712,129.7207,False,False,-10.7854,6.3053,32.9139,0.2845,28.4500,0.4391,0.2087,0.3522,0.3522,Moderate Body,True,2.3000,1.0100,0.5609,0.4391,0.5362,53.6200,44.4444,True,True,False,True,False,True,False,False,False,False,False,False,False,False,False,False,False,False,False,False,False,False,False,False
XLI,2025-09-01,monthly,150.9300,88,149.7307,0.4902,149.9602,0.7098,0.6467,141.9999,0.7558,6.2888,151.1240,0.7611,-0.1284,65.7697,0.9115,4.6843,4.4797,0.2046,4.2673,2.8274,138.6314,2.8820,3.1377,0.3390,0.0663,1.0106,-0.7105,-0.1918,0.7947,10.7289,22.6187,46954038.7000,-0.2853,607300626,10058106.3000,154.9900,109.1273,False,False,-2.6195,38.3064,91.1475,0.0953,9.5300,0.1711,0.3859,0.4430,0.4430,Weak Body,True,2.9800,0.5100,0.8289,0.1711,0.1896,18.9600,66.6667,False,True,True,True,True,False,False,False,False,False,False,False,False,False,False,False,False,False,False,False,False,False,False,False
XLB,2025-09-01,monthly,91.9600,88,90.0380,0.3025,89.8639,0.3448,2.3325,86.8076,0.1716,5.9354,90.4940,0.3828,1.6200,62.9970,0.7746,1.3285,0.8562,0.4723,2.9831,3.2439,87.9894,1.3310,1.3911,0.5027,4.0860,0.6457,-0.3468,2.0417,6.0424,7.1050,4.0617,26290025.7000,-0.3120,252677090,4769479.5000,96.1728,77.4853,False,False,-4.3805,18.6806,77.4566,0.0898,8.9800,0.1855,0.2984,0.5161,0.5161,Weak Body,True,2.4800,0.4600,0.8145,0.1855,0.3667,36.6700,66.6667,True,True,True,True,True,False,False,False,False,False,False,False,False,False,False,False,False,False,False,False,False,False,False,False
XLRE,2025-09-01,monthly,42.1800,88,41.7706,0.0412,41.6997,0.0436,1.1518,41.1535,0.0109,2.4942,41.8190,0.0464,0.8632,56.6997,0.8247,0.2873,0.2197,0.0675,1.2315,2.9196,41.3952,0.6373,0.6494,0.5962,2.2545,0.9091,-0.3073,0.8367,2.1555,1.9687,7.6230,26117456.2000,-0.3020,-28137572,1219361.4000,43.8415,34.3638,False,False,-3.7897,22.7453,82.4696,0.1043,10.4300,0.2381,0.2000,0.5619,0.5619,Weak Body,True,1.0500,0.2500,0.7619,0.2381,0.2684,26.8400,55.5556,True,True,True,True,True,False,False,False,False,False,False,False,False,False,False,False,False,False,False,False,False,False,False,False
XLU,2025-09-01,monthly,83.4700,88,84.0346,0.2904,83.7594,0.3467,-0.3455,81.2737,0.3070,2.7024,84.4120,0.4385,-1.1160,59.3117,0.9052,1.9701,1.9217,0.0484,2.3985,2.8735,79.3413,1.7213,1.8109,-0.6310,-3.1446,1.9917,-1.0081,-3.1333,-2.7156,6.7946,22.5235,52212048.9000,-0.3740,1083895322,19947876.1000,86.1800,57.6033,False,False,-3.1446,44.9048,90.5167,0.1883,18.8300,0.2896,0.3497,0.3607,0.3497,Weak Body,False,1.8300,0.5300,0.7104,0.2896,0.3011,30.1100,66.6667,False,True,True,True,True,False,False,False,False,False,False,False,False,False,False,False,False,False,False,False,False,False,False,False
SMH,2025-09-01,monthly,293.2800,88,284.8678,2.5167,286.1050,3.8063,2.5078,254.4917,2.5210,15.2415,289.4570,3.4710,1.3207,83.6117,0.9818,15.6274,13.3491,2.2783,15.0440,5.1296,249.7682,2.8923,3.3962,3.5996,-0.0852,3.4060,1.0300,1.4950,3.2858,28.4162,18.7152,35162844.3000,-0.1575,696248538,19496901.9000,295.6500,165.3472,False,False,-0.8016,77.3723,98.1812,0.6834,68.3400,0.7599,0.1394,0.1007,0.1007,Strong Body,True,13.4100,10.1900,0.2401,0.7599,0.4977,49.7700,66.6667,True,True,True,True,True,False,False,False,,,,,,,,,,,,,,,,
