ticker,date,timeframe,current_price,data_points,weekly_ema10,weekly_ema10slope,weekly_sma20,weekly_sma20slope,weekly_price2_sma20pct,weekly_sma50,weekly_sma50slope,weekly_price2_sma50pct,weekly_sma10,weekly_sma10slope,weekly_price2_sma10pct,weekly_rsi_14,weekly_price_position_52w,weekly_macd,weekly_macd_signal,weekly_macd_histogram,atr,atr_pct,sma50,atrext_dollar,atrext_percent,weekly_weekly_weekly_1w_pct_change,weekly_5period_pct_change,weekly_10period_pct_change,weekly_weekly_weekly_3w_pct_change,weekly_weekly_weekly_5w_pct_change,weekly_weekly_weekly_10w_pct_change,weekly_weekly_weekly_15w_pct_change,weekly_momentum_20,weekly_quarter_pct_change,weekly_avg_volume_20,weekly_volume_trend,obv,obv_trend,weekly_ATH,weekly_ATL,weekly_is_new_ATH,weekly_is_new_ATL,weekly_distance_from_ATH_pct,weekly_distance_from_ATL_pct,weekly_ATH_ATL_position_pct,weekly_candle_strength,weekly_candle_strength_pct,weekly_body_ratio,weekly_upper_wick_ratio,weekly_lower_wick_ratio,weekly_oppression_factor,weekly_candle_type,weekly_is_bullish,total_range,body_size,weekly_wick_dominance,directional_strength,weekly_avg_candle_strength_5,weekly_avg_candle_strength_5_pct,trend_days_10_pct,weekly_priceabovesma10,weekly_priceaboveema20,weekly_priceabovesma50,weekly_sma10vssma20,weekly_sma20vssma50,weekly_at_20day_high,weekly_at_20day_low,weekly_5day_low_vs_30day_high,SP500,NASDAQ100,Russell1000,Russell3000,SP100,NASDAQComposite,DowJonesIndustrialAverage,SP500CommunicationServices,SP500ConsumerDiscretionary,SP500ConsumerStaples,SP500Energy,SP500Financials,SP500HealthCare,SP500Industrials,SP500InformationTechnology,SP500Utilities
NVDA,2025-09-01,weekly,167.0200,88,168.6837,2.1610,152.7714,3.4828,9.3267,138.9259,1.1834,20.2224,172.6230,3.2390,-3.2458,75.2132,0.8827,13.3514,11.8920,1.4594,11.6212,6.9580,138.9259,2.4175,2.9063,0.0000,-8.5824,4.8199,-6.1633,-8.5824,4.8199,23.6081,44.9292,41.6711,905606785.0000,-0.0314,-3814455356,426662615.0000,182.7000,49.0752,False,False,-8.5824,240.3351,88.2657,0.2541,25.4100,0.3573,0.2890,0.3537,0.2890,Weak Body,False,8.3400,2.9800,0.6427,0.3573,0.3597,35.9700,55.5556,False,True,True,True,True,False,False,False,True,True,True,True,True,True,True,False,False,False,False,False,False,False,True,False,,,,,
MSFT,2025-09-01,weekly,495.0000,88,501.7954,1.9266,482.3263,6.6762,2.6276,439.4525,1.8442,12.6401,510.0328,3.4252,-2.9474,68.5350,0.8235,23.8397,24.1134,-0.2737,19.6277,3.9652,439.4525,2.8300,3.1878,0.0000,-5.1797,-0.7698,-2.2507,-5.1797,-0.7698,7.5245,17.6794,14.1120,96829040.0000,0.0181,1204699400,45098925.0000,524.1100,359.1806,False,False,-5.5542,37.8137,82.3500,0.1153,11.5300,0.2791,0.5867,0.1342,0.5867,Weak Body,False,19.6000,5.4700,0.7209,0.2791,0.2018,20.1800,55.5556,False,True,True,True,True,False,False,False,True,True,True,True,True,True,True,False,False,False,False,False,False,False,True,False,,,,,
AAPL,2025-09-01,weekly,239.6900,88,223.3849,3.3030,211.5291,1.4282,13.3130,221.9820,0.1515,7.9772,221.0965,3.1569,8.4097,71.9792,0.8350,4.0318,-0.3700,4.4018,12.5686,5.2437,221.9820,1.4089,1.5213,0.0000,4.6270,12.3681,5.2380,4.6270,12.3681,19.4733,14.0106,7.4782,255231080.0000,-0.0143,3597147800,61366360.0000,254.6859,163.8236,False,False,-5.8880,46.3098,83.4960,0.6119,61.1900,0.7275,0.1136,0.1589,0.1589,Strong Body,True,14.3500,10.4400,0.2725,0.7275,0.4793,47.9300,66.6667,True,True,True,True,False,True,False,False,True,True,True,True,True,True,True,False,False,False,False,False,False,False,True,False,,,,,
GOOGL,2025-09-01,weekly,235.0000,88,202.3330,4.3921,183.1729,2.8803,28.2941,177.8653,1.0480,32.1224,198.6410,3.8938,18.3039,86.3898,1.0000,12.0381,6.4498,5.5883,12.6040,5.3634,177.8653,4.5331,5.9892,0.0000,16.6716,30.8973,14.0279,16.6716,30.8973,37.0004,30.3912,32.9159,187291480.0000,-0.1825,3271420200,116496775.0000,235.0000,134.6028,True,False,0.0000,74.5878,100.0000,0.8304,83.0400,0.8985,0.0257,0.0758,0.0758,Strong Body,True,29.5600,26.5600,0.1015,0.8985,0.5016,50.1600,88.8889,True,True,True,True,True,True,False,False,True,True,True,True,True,True,False,True,False,False,False,False,False,False,False,False,,,,,
GOOG,2025-09-01,weekly,235.1700,88,203.0479,4.3388,184.1673,2.8055,27.6937,179.2722,1.0335,31.1804,199.4250,3.8680,17.9240,86.0742,1.0000,11.7552,6.2206,5.5346,12.5016,5.3160,179.2722,4.4713,5.8654,0.0000,16.3689,30.2520,13.7626,16.3689,30.2520,36.2179,29.5517,31.7236,123334775.0000,-0.2000,2298447400,75766625.0000,235.1700,135.4846,True,False,0.0000,73.5769,100.0000,0.8350,83.5000,0.8975,0.0329,0.0696,0.0696,Strong Body,True,29.1700,26.1800,0.1025,0.8975,0.5007,50.0700,88.8889,True,True,True,True,True,True,False,False,True,True,True,True,True,True,False,True,False,False,False,False,False,False,False,False,,,,,
AMZN,2025-09-01,weekly,232.3300,88,225.1108,1.4931,215.3460,2.2648,7.8868,210.1366,0.9555,10.5614,226.4640,1.6044,2.5903,68.7534,0.9421,7.2309,5.6747,1.5563,12.8042,5.5112,210.1366,1.7333,1.9164,0.0000,4.3289,3.9927,1.5251,4.3289,3.9927,13.3262,16.8893,26.8662,201817285.0000,-0.1596,2205055000,90903580.0000,237.6800,145.2400,False,False,-2.2509,59.9628,94.2125,0.5476,54.7600,0.6217,0.2590,0.1193,0.1193,Moderate Body,True,14.1700,8.8100,0.3783,0.6217,0.3240,32.4000,77.7778,True,True,True,True,True,True,False,False,True,True,True,True,True,True,True,False,True,False,False,False,False,False,False,False,,,,,
META,2025-09-01,weekly,752.4500,88,735.9622,7.2654,692.3898,10.7979,8.6743,638.3842,4.6957,17.8679,740.3960,7.1701,1.6280,68.3141,0.9247,40.0124,36.2628,3.7496,43.7472,5.8140,638.3842,2.6074,3.0733,0.0000,-2.1903,4.6508,-0.3100,-2.1903,4.6508,16.2997,26.6034,58.3562,59931060.0000,-0.2837,722937000,11412550.0000,785.2300,350.0298,False,False,-4.1746,114.9674,92.4678,0.5966,59.6600,0.6698,0.2209,0.1093,0.1093,Moderate Body,True,39.4300,26.4100,0.3302,0.6698,0.4354,43.5400,55.5556,True,True,True,True,True,False,False,False,True,True,True,True,True,True,False,True,False,False,False,False,False,False,False,False,,,,,
AVGO,2025-09-01,weekly,334.8900,88,293.8633,5.5356,263.1509,6.8019,27.2616,222.1535,2.9668,50.7471,294.9310,5.6574,13.5486,88.0406,1.0000,28.7881,24.2479,4.5402,23.9705,7.1577,222.1535,4.7031,7.0898,0.0000,9.8108,21.6985,13.9082,9.8108,21.6985,38.6699,45.1944,115.2568,99037360.0000,0.1122,863784200,67730970.0000,334.8900,102.9788,True,False,0.0000,225.2030,100.0000,0.6379,63.7900,0.6585,0.3101,0.0314,0.0314,Moderate Body,True,69.1700,45.5500,0.3415,0.6585,0.3789,37.8900,66.6667,True,True,True,True,True,True,False,False,True,True,True,True,True,True,False,False,False,False,False,False,False,False,True,False,,,,,
TSLA,2025-09-01,weekly,350.8400,88,329.9689,3.0711,321.7285,4.3956,9.0485,321.3746,2.2849,9.1686,326.2130,1.4446,7.5494,51.0957,0.7047,8.0713,4.9897,3.0816,34.9411,9.9593,321.3746,0.8433,0.9206,0.0000,6.4280,11.2542,3.1852,6.4280,11.2542,1.2642,8.0263,46.6722,478918260.0000,-0.2738,-1177264500,66718305.0000,436.2300,147.0500,False,False,-19.5745,138.5855,70.4717,0.6820,68.2000,0.7469,0.1662,0.0869,0.0869,Strong Body,True,30.2700,22.6100,0.2531,0.7469,0.3130,31.3000,55.5556,True,True,True,True,True,True,False,False,True,True,True,True,True,True,False,False,True,False,False,False,False,False,False,False,,,,,
BRK-A,2025-08-25,weekly,729687.0000,1340,725985.0551,-489.9271,739463.7500,-2682.3400,-1.3221,725515.2200,667.6480,0.5750,719804.5000,-1617.7400,1.3729,39.5663,0.8310,-3062.3372,-824.6430,-2237.6942,24881.7174,3.4099,725515.2200,0.1677,0.1686,0.0000,4.5337,0.3068,-0.6424,4.5337,0.3068,-3.6590,-7.4900,11.9083,1872.7500,-0.3015,19761445,-587.7500,809350.0000,41300.0000,False,False,-9.8428,1666.7967,89.6279,0.3335,33.3500,0.3511,0.0501,0.5988,0.0501,Weak Body,False,11438.0000,4016.0000,0.6489,0.3511,0.3717,37.1700,33.3333,True,False,True,False,True,False,False,False,False,False,False,False,False,False,False,False,False,False,False,False,False,False,False,False,0.5900,49.9408,113.5123,True,True
BRK-B,2025-09-01,weekly,499.7700,88,488.5335,0.6739,494.1875,-1.4973,1.1296,484.0194,0.5708,3.2541,482.5920,-0.4242,3.5595,47.9370,0.7728,-0.1280,-0.1870,0.0590,17.8709,3.5758,484.0194,0.8814,0.9100,0.0000,7.3850,3.0454,2.2025,7.3850,3.0454,-0.8314,-6.4528,15.0298,22478630.0000,-0.0137,197353800,-3795430.0000,539.8000,363.6200,False,False,-7.4157,37.4429,77.2789,0.2790,27.9000,0.4038,0.3089,0.2873,0.3089,Moderate Body,False,11.0700,4.4700,0.5962,0.4038,0.4699,46.9900,44.4444,True,True,True,False,True,False,False,False,True,False,True,True,True,False,False,False,False,False,False,True,False,False,False,False,,,,,
JPM,2025-09-01,weekly,294.3800,88,290.1971,1.6788,277.6781,3.1818,6.0149,254.2101,1.6953,15.8019,293.1991,2.4201,0.4028,69.1932,0.9490,13.7518,13.0840,0.6678,12.2720,4.1688,254.2101,3.2733,3.7905,0.0000,1.9463,-0.0682,-0.6279,1.9463,-0.0682,12.0448,15.7325,43.4791,39221520.0000,-0.3033,1262923600,12395560.0000,301.4200,163.4726,False,False,-2.3356,80.0791,94.8966,0.2977,29.7700,0.5424,0.4511,0.0065,0.4511,Moderate Body,False,10.8400,5.8800,0.4576,0.5424,0.3052,30.5200,55.5556,True,True,True,True,True,False,False,False,True,False,True,True,True,False,True,False,False,False,False,True,False,False,False,False,,,,,
WMT,2025-09-01,weekly,100.5100,1341,98.0709,0.0889,97.4380,0.4375,3.1527,92.8060,0.4062,8.3012,97.9067,0.1707,2.6589,55.3505,0.9547,2.0291,2.2350,-0.2059,4.0953,4.0745,92.8060,1.8812,2.0373,0.0000,0.7448,6.7211,3.6399,0.7448,6.7211,3.3598,0.8018,45.8574,80262030.0000,0.2038,7344498000,14572515.0000,103.4883,9.2497,False,False,-2.8779,986.6242,96.8396,0.5644,56.4400,0.6600,0.1952,0.1449,0.1449,Moderate Body,True,4.9700,3.2800,0.3400,0.6600,0.3622,36.2200,66.6667,True,True,True,True,True,False,False,False,True,False,True,True,True,False,True,False,False,True,False,False,False,False,False,False,0.7400,108.0884,115.1577,True,True
LLY,2025-09-01,weekly,727.2100,1341,733.6564,-3.5014,750.7192,-3.9688,-3.1316,791.3567,-3.7887,-8.1059,736.0881,-5.9156,-1.2061,45.8897,0.7231,-21.8386,-19.6445,-2.1941,58.9851,8.1112,791.3567,-1.0875,-0.9994,0.0000,3.9327,-8.0961,-0.7330,3.9327,-8.0961,-5.3350,-4.0020,-8.8023,21184605.0000,-0.0765,1564903800,2661845.0000,952.7339,17.6118,False,False,-23.6712,4029.1069,75.8829,0.0071,0.7100,0.0319,0.7781,0.1899,0.7781,Doji,False,24.4300,0.7800,0.9681,0.0319,0.3849,38.4900,44.4444,False,False,False,False,False,False,False,False,True,False,True,True,True,False,False,False,False,False,False,False,True,False,False,False,0.7300,67.1323,425.9359,True,False
V,2025-09-01,weekly,343.2200,912,346.8756,-0.3930,349.7569,0.7609,-1.8690,330.1000,1.3581,3.9745,347.4246,-0.9446,-1.2102,41.2048,0.8655,4.0516,6.1821,-2.1305,14.6643,4.2726,330.1000,0.8947,0.9302,0.0000,2.0916,-4.1900,-1.9484,2.0916,-4.1900,-5.8507,-1.3427,30.4616,29339045.0000,-0.1242,3766170100,4096015.0000,369.5697,9.8326,False,False,-7.1298,3390.6380,92.6753,0.3591,35.9100,0.4899,0.2671,0.2430,0.2671,Moderate Body,False,12.4300,6.0900,0.5101,0.4899,0.3689,36.8900,55.5556,False,False,True,False,True,False,False,False,True,False,True,True,True,False,True,False,False,False,False,True,False,False,False,False,0.7700,55.1070,69.0069,True,True
ORCL,2025-09-01,weekly,232.8000,1341,229.6563,0.9839,210.2991,5.0396,10.6995,182.6685,1.5837,27.4440,238.4821,2.5990,-2.3826,70.7398,0.9129,19.6425,19.8614,-0.2189,16.6477,7.1511,182.6685,3.0113,3.8377,0.0000,-6.2349,1.1861,2.9496,-6.2349,1.1861,34.0620,49.6942,69.2223,56518045.0000,-0.1140,6997708500,6168395.0000,250.0500,6.3601,False,False,-6.8986,3560.3146,92.9213,0.5439,54.3900,0.6822,0.1150,0.2028,0.2028,Moderate Body,True,15.8300,10.8000,0.3178,0.6822,0.3389,33.8900,33.3333,False,True,True,True,True,False,False,False,True,False,True,True,True,False,False,False,False,False,False,False,False,False,True,False,0.9800,125.9747,347.3130,True,True
MA,2025-09-01,weekly,584.2200,1007,577.0743,3.7687,567.7485,3.4813,2.9012,542.1496,2.1452,7.7599,573.3167,2.3452,1.9018,49.8512,0.9539,13.7244,11.8976,1.8268,23.6056,4.0405,542.1496,1.7822,1.9205,0.0000,1.7238,2.7704,-2.4609,1.7238,2.7704,-0.1007,4.6322,32.4308,12618235.0000,-0.1264,4828438200,2652305.0000,598.9600,3.9991,False,False,-2.4609,14508.6395,97.5225,0.4948,49.4800,0.5831,0.1514,0.2655,0.1514,Moderate Body,False,19.5500,11.4000,0.4169,0.5831,0.3605,36.0500,55.5556,True,True,True,True,True,False,False,False,True,False,True,True,True,False,False,False,False,False,False,True,False,False,False,False,0.7700,58.1074,79.1500,True,True
NFLX,2025-09-01,weekly,1243.8199,88,1214.2363,3.0389,1209.4235,14.6599,2.8440,1014.4930,10.6215,22.6051,1219.7930,-2.1614,1.9698,53.7119,0.9066,61.4941,73.8729,-12.3788,64.8165,5.2111,1014.4930,3.5381,4.3379,0.0000,2.6559,-4.1135,3.2516,2.6559,-4.1135,3.0309,5.7514,96.3905,16388550.0000,-0.3693,274719900,-439020.0000,1323.1200,474.0600,False,False,-5.9934,162.3761,90.6603,0.4618,46.1800,0.5554,0.2762,0.1684,0.1684,Moderate Body,True,84.2999,46.8199,0.4446,0.5554,0.4371,43.7100,44.4444,True,True,True,True,True,False,False,False,True,True,True,True,True,True,False,True,False,False,False,False,False,False,False,False,,,,,
XOM,2025-09-01,weekly,109.2300,1341,110.1487,0.3751,108.3207,0.2377,0.8395,109.1299,0.0071,0.0917,109.9567,0.1405,-0.6609,55.9799,0.8751,0.9148,0.4834,0.4313,5.2044,4.7646,109.1299,0.0192,0.0192,0.0000,3.5275,-4.4907,-4.4273,3.5275,-4.4907,5.7317,6.8030,-2.7609,77416385.0000,-0.0941,6636716100,7202860.0000,120.4740,15.2145,False,False,-9.3331,617.9340,89.3178,0.6602,66.0200,0.7958,0.1704,0.0338,0.1704,Strong Body,False,6.2200,4.9500,0.2042,0.7958,0.5809,58.0900,33.3333,False,True,True,True,False,False,False,False,True,False,True,True,True,False,False,False,False,False,True,False,False,False,False,False,0.6800,11.6756,258.6544,True,False
JNJ,2025-09-01,weekly,178.4300,1341,171.1310,1.9843,161.4741,1.1507,10.5007,155.5143,0.3565,14.7354,170.7040,2.3760,4.5260,77.1477,1.0000,6.5868,4.5630,2.0238,5.6317,3.1563,155.5143,4.0691,4.6686,0.0000,1.7548,14.5568,1.4504,1.7548,14.5568,15.9386,16.6038,15.5353,38934190.0000,-0.1862,4720485800,15537205.0000,178.4300,18.0141,True,False,0.0000,890.5035,100.0000,0.2205,22.0500,0.3221,0.3624,0.3154,0.3154,Weak Body,True,2.9800,0.9600,0.6779,0.3221,0.3061,30.6100,66.6667,True,True,True,True,True,True,False,False,True,False,True,True,True,False,True,False,False,False,False,False,True,False,False,False,0.7300,21.9380,40.6016,True,True
COST,2025-09-01,weekly,963.4800,88,963.9644,-0.8885,981.5098,1.1770,-1.8369,960.0319,1.4798,0.3592,960.8024,-3.7094,0.2787,33.0958,0.7484,-1.6048,3.3616,-4.9664,39.4200,4.0914,960.0319,0.0875,0.0878,0.0000,-1.7839,-2.2497,0.5154,-1.7839,-2.2497,-7.2454,-3.9851,15.7103,9836680.0000,-0.0600,119513300,-599900.0000,1068.9742,649.7333,False,False,-9.8687,48.2885,74.8368,0.7019,70.1900,0.7510,0.1837,0.0654,0.0654,Strong Body,True,33.0500,24.8200,0.2490,0.7510,0.3326,33.2600,33.3333,True,False,True,False,True,False,False,False,True,True,True,True,True,True,False,False,False,True,False,False,False,False,False,False,,,,,
HD,2025-09-01,weekly,416.5866,1341,395.1239,4.8095,377.1868,2.7244,10.4457,383.7302,0.7108,8.5624,390.6322,4.6048,6.6442,70.2924,0.9526,9.7467,3.8815,5.8652,16.9749,4.0748,383.7302,1.9356,2.1013,0.0000,4.3083,12.5697,2.4133,4.3083,12.5697,14.1142,11.6187,18.6706,16315055.0000,0.1053,2609669200,-335045.0000,426.0023,11.9718,False,False,-2.2103,3379.7295,97.7258,0.8196,81.9600,0.8652,0.0822,0.0527,0.0527,Strong Body,True,17.5504,15.1839,0.1348,0.8652,0.4399,43.9900,55.5556,True,True,True,True,False,True,False,False,True,False,True,True,True,False,True,False,True,False,False,False,False,False,False,False,0.5400,49.0168,73.2393,True,False
PLTR,2025-09-01,weekly,153.1100,88,155.0891,2.7936,142.3935,3.9954,7.5260,101.3316,2.6652,51.0980,157.5740,3.3550,-2.8330,58.9224,0.8020,18.6053,19.2474,-0.6421,15.9418,10.4120,101.3316,3.2480,4.9076,0.0000,-18.1055,13.9550,-3.5467,-18.1055,13.9550,16.1861,37.1383,435.7243,385423720.0000,0.2838,6626643200,-26801755.0000,186.9600,15.9800,False,False,-18.1055,858.1352,80.2024,0.1106,11.0600,0.1457,0.6133,0.2410,0.2410,Weak Body,True,13.1100,1.9100,0.8543,0.1457,0.3963,39.6300,44.4444,False,True,True,True,True,False,False,False,True,True,True,True,True,True,False,False,False,False,False,False,False,False,True,False,,,,,
BAC,2025-09-01,weekly,49.4947,1341,48.3000,0.4594,46.2626,0.5953,6.9865,44.2423,0.2131,11.8719,48.1284,0.3353,2.8389,62.9467,0.9537,1.9098,1.5330,0.3768,2.2963,4.6395,44.2423,2.2873,2.5589,0.0000,5.4425,5.9163,-2.4543,5.4425,5.9163,10.7102,15.6787,21.6888,183001505.0000,-0.1763,-16229352168,62795335.0000,50.7400,2.4497,False,False,-2.4543,1920.4117,97.4212,0.1740,17.4000,0.2812,0.3813,0.3375,0.3813,Weak Body,False,1.5912,0.4475,0.7188,0.2812,0.6015,60.1500,66.6667,True,True,True,True,True,False,False,False,True,False,True,True,True,False,False,False,False,False,False,True,False,False,False,False,0.7600,83.3290,107.3725,True,True
ABBV,2025-09-01,weekly,212.5600,663,202.8315,2.5040,193.4008,1.2461,9.9065,187.5939,0.4062,13.3086,200.4977,2.3695,6.0162,73.9085,0.9978,6.4069,3.9205,2.4864,9.0623,4.2634,187.5939,2.7550,3.1216,0.0000,2.8997,11.9444,1.0266,2.8997,11.9444,13.3410,12.1460,21.0080,27221766.3500,-0.2945,1850843300,8507855.0000,212.8378,20.4318,False,False,-0.1305,940.3399,99.8556,0.3551,35.5100,0.4523,0.3327,0.2150,0.2150,Moderate Body,True,5.3500,2.4200,0.5477,0.4523,0.3185,31.8500,77.7778,True,True,True,True,True,True,False,False,True,False,True,True,True,False,False,False,False,False,False,False,True,False,False,False,0.5900,68.9341,150.9920,True,True
PG,2025-09-01,weekly,160.0200,1341,157.4025,0.1398,158.4944,-0.3246,0.9626,162.7011,-0.2417,-1.6479,155.9620,-0.2296,2.6019,46.0862,0.7578,-1.6953,-2.0251,0.3298,5.3676,3.3543,162.7011,-0.4995,-0.4913,0.0000,3.6668,2.5879,1.8976,3.6668,2.5879,-1.7715,-3.0221,-2.9826,36331755.0000,-0.3175,4631469400,1830770.0000,175.8671,13.6837,False,False,-9.0108,1069.4196,90.2289,0.5164,51.6400,0.6552,0.1330,0.2118,0.2118,Moderate Body,True,4.0600,2.6600,0.3448,0.6552,0.3881,38.8100,55.5556,True,True,False,False,False,False,False,False,True,False,True,True,True,False,True,False,False,True,False,False,False,False,False,False,0.6800,15.5356,29.2788,True,False
CVX,2025-09-01,weekly,153.6600,1341,153.9306,1.1332,147.1099,0.8106,4.4526,147.5608,0.3960,4.1333,154.4285,1.3262,-0.4976,63.0391,0.8824,3.4464,2.1126,1.3338,7.0417,4.5827,147.5608,0.8662,0.9020,0.0000,-0.7534,0.0390,-4.3213,-0.7534,0.0390,10.8127,15.9314,2.9062,45228410.0000,-0.3708,3174216800,12205815.0000,164.9406,13.4302,False,False,-6.8392,1044.1410,92.5546,0.6805,68.0500,0.8148,0.1649,0.0203,0.1649,Strong Body,False,8.3700,6.8200,0.1852,0.8148,0.3745,37.4500,55.5556,False,True,True,True,False,False,False,False,True,False,True,True,True,False,True,False,False,False,True,False,False,False,False,False,0.7300,8.2854,122.2977,True,False
KO,2025-09-01,weekly,67.9600,1341,69.3427,-0.1207,70.0739,-0.0813,-3.0166,67.4005,-0.0129,0.8301,69.4080,-0.1179,-2.0862,37.2133,0.8514,0.2487,0.6723,-0.4237,2.2233,3.2715,67.4005,0.2517,0.2537,0.0000,-2.8032,-2.7337,-1.4930,-2.8032,-2.7337,-4.0740,-2.6785,4.3214,73656045.0000,-0.0844,6736883100,-24325825.0000,72.4846,9.7260,False,False,-6.2422,598.7459,92.7904,0.3640,36.4000,0.4785,0.2392,0.2823,0.2392,Moderate Body,False,2.0900,1.0000,0.5215,0.4785,0.2230,22.3000,22.2222,False,False,True,False,True,False,True,False,True,False,True,True,True,False,True,False,False,True,False,False,False,False,False,False,0.7100,18.9304,48.9533,True,True
ASML,2025-09-01,weekly,781.7000,88,747.6569,2.0231,741.4783,4.4774,5.4245,724.8677,-1.6065,7.8404,747.5770,-1.1916,4.5645,57.3528,0.3772,6.2791,3.4066,2.8725,48.7205,6.2326,724.8677,1.1665,1.2580,0.0000,8.2207,-1.6111,3.5515,8.2207,-1.6111,6.0982,5.4405,-11.8955,7562710.0000,-0.4666,4631100,564640.0000,1075.4083,603.8342,False,False,-27.3113,29.4561,37.7175,0.9494,94.9400,0.9640,0.0209,0.0151,0.0151,Strong Body,True,66.9000,64.4900,0.0360,0.9640,0.4348,43.4800,55.5556,True,True,True,True,True,False,False,False,False,True,False,False,False,True,False,False,False,False,False,False,False,False,False,False,,,,,
GE,2025-09-01,weekly,279.2300,1341,267.5367,2.2496,253.0494,4.3678,10.3461,212.7673,1.9310,31.2373,269.8308,2.6564,3.4834,62.1572,1.0000,19.8130,19.3715,0.4415,13.9182,4.9845,212.7673,4.7752,6.2669,0.0000,4.2486,9.4816,1.4644,4.2486,9.4816,9.3916,20.5501,65.4968,27238495.0000,-0.3572,-58220412,12412590.0000,279.2300,24.0521,True,False,0.0000,1060.9373,100.0000,0.2083,20.8300,0.3250,0.3159,0.3591,0.3591,Weak Body,True,16.4000,5.3300,0.6750,0.3250,0.4121,41.2100,55.5556,True,True,True,True,True,True,False,False,True,False,True,True,True,False,False,False,False,False,False,False,False,True,False,False,0.7800,234.6808,486.3565,True,True
TMUS,2025-09-01,weekly,252.7600,88,246.0262,1.8941,240.5191,-0.2942,5.0894,237.9319,1.0985,6.2321,243.1895,1.6697,3.9354,55.3527,0.8556,3.4283,2.1328,1.2956,11.8756,4.6984,237.9319,1.2486,1.3264,0.0000,3.1758,4.9886,0.3215,3.1758,4.9886,4.7452,4.0511,40.7807,20739380.0000,-0.1460,119024900,-1002155.0000,268.9253,156.9720,False,False,-6.0111,61.0223,85.5607,0.1179,11.7900,0.1340,0.7459,0.1201,0.1201,Weak Body,True,7.9100,1.0600,0.8660,0.1340,0.3204,32.0400,44.4444,True,True,True,True,True,False,False,False,True,True,True,True,True,True,False,True,False,False,False,False,False,False,False,False,,,,,
UNH,2025-09-01,weekly,315.3900,1341,303.2054,2.4564,304.5576,-9.4903,3.5568,438.0488,-5.3570,-28.0012,290.3030,0.3323,8.6417,53.9772,0.2105,-39.1840,-49.3656,10.1816,30.1217,9.5506,438.0488,-4.0721,-2.9319,0.0000,3.7433,3.7126,1.7814,3.7433,3.7126,4.7520,-6.7314,-43.5959,88142395.0000,-0.0642,2360057000,3796580.0000,606.5408,4.9958,False,False,-48.0018,6213.1054,51.5995,0.3362,33.6200,0.4972,0.1791,0.3237,0.3237,Moderate Body,True,14.2400,7.0800,0.5028,0.4972,0.3085,30.8500,55.5556,True,False,False,False,False,False,False,False,True,False,True,True,True,False,True,False,False,False,False,False,True,False,False,False,0.5900,-34.4067,1.2752,False,False
CSCO,2025-09-01,weekly,66.9000,88,67.4216,0.2047,65.4493,0.5539,2.2166,60.9613,0.3859,9.7417,68.2055,0.3020,-1.9141,57.3342,0.8235,2.4000,2.5704,-0.1704,2.8930,4.3244,60.9613,2.0528,2.2527,0.0000,-6.8115,-2.9807,-0.6239,-6.8115,-2.9807,6.7613,13.4899,45.2549,95074670.0000,0.1266,830970900,23994125.0000,71.7900,44.0831,False,False,-6.8115,51.7590,82.3510,0.5295,52.9500,0.6269,0.1554,0.2176,0.1554,Moderate Body,False,1.9300,1.2100,0.3731,0.6269,0.6542,65.4200,55.5556,False,True,True,True,True,False,False,False,True,True,True,True,True,True,True,False,False,False,False,False,False,False,True,False,,,,,
AMD,2025-09-01,weekly,151.1400,88,156.7300,2.4979,137.6095,3.5548,9.8325,129.7658,0.3426,16.4714,161.1290,4.3334,-6.1994,69.2410,0.5375,13.1606,10.4913,2.6692,14.2744,9.4445,129.7658,1.4974,1.7440,0.0000,-12.5145,9.5932,-9.9070,-12.5145,9.5932,36.4942,58.2061,-0.2903,241937380.0000,0.0254,5286330100,123373385.0000,207.3900,85.7600,False,False,-27.1228,76.2360,53.7532,0.2826,28.2600,0.4997,0.4345,0.0659,0.4345,Moderate Body,False,14.5700,7.2800,0.5003,0.4997,0.3167,31.6700,66.6667,False,True,True,True,True,False,False,False,True,True,True,True,True,True,False,False,False,False,False,False,False,False,True,False,,,,,
PM,2025-09-01,weekly,161.5500,912,168.5360,-0.6479,172.7685,0.6954,-6.4934,148.7216,0.9775,8.6258,169.8200,-1.3473,-4.8699,34.4314,0.8262,4.6457,7.8235,-3.1778,8.3483,5.1676,148.7216,1.5367,1.6692,0.0000,-5.0711,-9.6881,-5.9389,-5.0711,-9.6881,-9.8697,-1.9001,56.7300,27282830.0000,-0.2565,2723413100,678380.0000,182.9526,15.2692,False,False,-11.6984,958.0118,87.2363,0.5001,50.0100,0.6085,0.1782,0.2133,0.1782,Moderate Body,False,8.2500,5.0200,0.3915,0.6085,0.4662,46.6200,44.4444,False,False,True,False,True,False,False,False,True,False,True,True,True,False,False,False,False,True,False,False,False,False,False,False,0.9800,97.7614,170.0350,True,True
AZN,2025-09-01,weekly,81.7000,88,76.4356,1.1020,72.6069,0.4615,12.5237,70.8446,-0.0422,15.3228,74.8304,0.7468,9.1803,67.4696,0.8434,2.3520,1.0821,1.2699,3.3887,4.1477,70.8446,3.2034,3.6943,0.0000,11.8534,18.4567,0.9016,11.8534,18.4567,12.9592,13.9700,6.6651,21703135.0000,-0.3777,136891800,7228455.0000,85.7895,59.6700,False,False,-4.7669,36.9196,84.3431,0.5284,52.8400,0.6174,0.2383,0.1443,0.1443,Moderate Body,True,2.9800,1.8400,0.3826,0.6174,0.5501,55.0100,66.6667,True,True,True,True,True,True,False,False,False,True,False,False,False,True,False,False,False,False,False,False,False,False,False,False,,,,,
C,2025-09-01,weekly,95.4000,1341,92.3929,1.1279,85.0732,1.6035,12.1388,75.6163,0.7325,26.1632,93.5289,1.4795,2.0005,74.4173,0.9808,6.7472,5.9536,0.7936,4.8498,5.0837,75.6163,4.0793,5.1465,0.0000,1.8252,10.7200,-1.2116,1.8252,10.7200,22.7031,31.6640,52.3106,64475335.0000,-0.2612,2462562677,28597225.0000,379.4715,7.6882,False,False,-74.8598,1140.8632,23.5922,0.0446,4.4600,0.0757,0.5139,0.4104,0.4104,Doji,True,5.0200,0.3800,0.9243,0.0757,0.1981,19.8100,66.6667,True,True,True,True,True,False,False,False,True,False,True,True,True,False,False,False,False,False,False,True,False,False,False,False,0.7900,123.6506,119.5057,True,True
PDD,2025-09-01,weekly,124.6800,88,116.9160,1.7074,110.8350,0.6973,12.4915,112.5610,0.3242,10.7666,115.1230,2.0236,8.3016,72.7655,0.5096,2.8288,0.4730,2.3557,10.0864,8.0898,112.5610,1.2015,1.3309,0.0000,9.1196,20.3591,-1.9117,9.1196,20.3591,29.1887,7.7997,-6.2838,36413485.0000,0.1706,-164425000,9089055.0000,157.5700,90.5000,False,False,-20.8733,37.7680,50.9617,0.6228,62.2800,0.6765,0.2442,0.0793,0.0793,Moderate Body,True,7.8200,5.2900,0.3235,0.6765,0.5347,53.4700,77.7778,True,True,True,True,False,False,False,False,False,True,False,False,False,True,False,False,False,False,False,False,False,False,False,False,,,,,
QCOM,2025-09-01,weekly,158.9355,88,155.8803,0.5014,152.3780,0.7352,4.3034,155.9352,-0.1801,1.9241,156.3236,0.4983,1.6708,62.2356,0.3838,0.8849,-0.3214,1.2064,9.6322,6.0604,155.9352,0.3115,0.3175,0.0000,7.7091,-2.0187,0.5857,7.7091,-2.0187,10.1172,7.5803,-12.7714,38765285.0000,-0.1889,264931500,-833715.0000,210.6996,126.6989,False,False,-24.5677,25.4435,38.3766,0.1408,14.0800,0.2239,0.4047,0.3714,0.3714,Weak Body,True,8.9690,2.0086,0.7761,0.2239,0.3607,36.0700,44.4444,True,True,True,True,False,False,False,False,True,True,True,True,True,True,False,False,False,False,False,False,False,False,True,False,,,,,
GEV,2025-09-01,weekly,582.0800,76,586.2222,7.8765,525.2780,15.2172,10.8137,406.6075,8.0860,43.1552,600.4020,12.6227,-3.0516,68.9584,0.8606,68.4923,66.9388,1.5535,46.5490,7.9970,406.6075,3.7696,5.3964,0.0000,-10.3237,12.6283,-4.1165,-10.3237,12.6283,23.1201,49.2129,257.0561,14381105.0000,-0.1642,335762600,5337570.0000,656.5000,122.4611,False,False,-11.3359,375.3182,86.0647,0.1394,13.9400,0.2168,0.3571,0.4262,0.3571,Weak Body,False,39.0700,8.4700,0.7832,0.2168,0.1894,18.9400,55.5556,False,True,True,True,True,False,False,False,True,False,True,True,False,False,False,False,False,False,False,False,False,True,False,False,,,,,
ISRG,2025-09-01,weekly,466.8600,88,487.8463,-5.2394,513.4560,-0.4559,-9.0750,522.9354,-0.2416,-10.7232,492.0790,-5.9602,-5.1250,28.4858,0.5287,-13.8569,-7.6368,-6.2201,30.5225,6.5378,522.9354,-1.8372,-1.6402,0.0000,-0.6850,-14.2542,-1.9531,-0.6850,-14.2542,-15.4760,-11.8122,2.6043,8913190.0000,-0.0090,28169500,-1762890.0000,595.5500,322.5000,False,False,-21.6086,44.7628,52.8694,0.0927,9.2700,0.0980,0.0532,0.8488,0.0532,Doji,False,37.7700,3.7000,0.9020,0.0980,0.3729,37.2900,22.2222,False,False,False,False,False,False,True,False,True,True,True,True,True,True,False,False,False,False,False,False,True,False,False,False,,,,,
ANET,2025-09-01,weekly,142.8500,588,125.8151,4.2721,107.4400,3.1982,32.9579,102.6932,0.9895,39.1037,124.3850,4.5450,14.8450,81.2035,1.0000,12.0892,7.4337,4.6555,11.1832,7.8286,102.6932,3.5908,4.9950,0.0000,2.6369,39.3387,7.2045,2.6369,39.3387,64.8777,55.5353,72.8582,45747195.0000,-0.0144,2754396500,12797995.0000,142.8500,3.4375,True,False,0.0000,4055.6366,100.0000,0.6516,65.1600,0.7220,0.1805,0.0975,0.0975,Strong Body,True,14.4600,10.4400,0.2780,0.7220,0.4249,42.4900,77.7778,True,True,True,True,True,True,False,False,True,False,True,True,False,False,False,False,False,False,False,False,False,False,True,False,0.9200,235.4271,734.5871,True,True
SPGI,2025-09-01,weekly,538.0600,1341,540.4814,2.2870,527.3429,3.9069,2.0323,510.9067,0.7353,5.3147,542.8475,3.5266,-0.8819,59.6300,0.9355,13.1891,11.7437,1.4454,18.7363,3.4822,510.9067,1.4492,1.5263,0.0000,-3.1398,2.2631,-1.7216,-3.1398,2.2631,3.7812,7.5960,10.8379,5423965.0000,-0.1109,563831400,1414105.0000,555.9010,13.2615,False,False,-3.2094,3957.3078,96.7122,0.4333,43.3300,0.4661,0.0703,0.4636,0.0703,Moderate Body,False,11.9500,5.5700,0.5339,0.4661,0.2441,24.4100,44.4444,False,True,True,True,True,False,False,False,True,False,True,True,False,False,False,False,False,False,False,True,False,False,False,False,0.7100,45.6387,65.8114,True,True
ACN,2025-09-01,weekly,254.9500,1260,265.8153,-4.1942,285.4951,-1.8799,-10.6990,320.4212,-1.6391,-20.4329,266.4235,-5.1812,-4.3065,29.7794,0.1806,-18.6090,-16.3263,-2.2827,16.8439,6.6067,320.4212,-3.8869,-3.0927,0.0000,6.5844,-15.9311,-1.6473,6.5844,-15.9311,-19.1260,-17.4221,-21.1269,17195900.0000,0.1819,1322812000,2831375.0000,390.6284,8.5274,False,False,-34.7334,2889.7633,64.4915,0.1846,18.4600,0.2318,0.2038,0.5643,0.2038,Weak Body,False,12.5100,2.9000,0.7682,0.2318,0.5503,55.0300,55.5556,False,False,False,False,False,False,False,False,True,False,True,True,True,False,False,False,False,False,False,False,False,False,True,False,0.6400,-12.7819,13.2877,True,False
BSX,2025-09-01,weekly,107.2200,1341,105.0656,0.2535,104.3330,0.4781,2.7671,98.3062,0.4544,9.0674,104.9090,0.2716,2.2029,60.7638,1.0000,2.2690,2.4524,-0.1834,4.2664,3.9792,98.3062,2.0893,2.2787,0.0000,3.9256,3.8954,1.6303,3.9256,3.8954,5.0250,0.7582,43.1127,33182095.0000,-0.2488,2492184800,1537240.0000,107.2200,5.1400,True,False,0.0000,1985.9922,100.0000,0.2934,29.3400,0.4137,0.2955,0.2908,0.2908,Moderate Body,True,4.2300,1.7500,0.5863,0.4137,0.2556,25.5600,55.5556,True,True,True,True,True,True,False,False,True,False,True,True,False,False,False,False,False,False,False,False,True,False,False,False,0.7200,106.9085,218.1602,True,True
AMGN,2025-09-01,weekly,283.6400,88,290.3883,-0.5879,287.0839,-0.2027,-1.1996,288.9761,-0.6604,-1.8465,293.9136,0.1443,-3.4955,47.7516,0.3707,0.5412,0.9076,-0.3664,14.3553,5.0611,288.9761,-0.3717,-0.3648,0.0000,-1.5925,-4.8954,-2.6484,-1.5925,-4.8954,-1.5754,6.2433,-11.6213,11577255.0000,-0.0014,-37212200,-55035.0000,329.1125,256.8566,False,False,-13.8167,10.4274,37.0674,0.3372,33.7200,0.3854,0.1251,0.4895,0.1251,Weak Body,False,9.9900,3.8500,0.6146,0.3854,0.2092,20.9200,22.2222,False,False,False,True,False,False,False,False,True,True,True,True,True,True,True,False,False,False,False,False,True,False,False,False,,,,,
HPQ,2025-09-01,weekly,29.3400,1341,27.3124,0.3800,26.2027,0.1923,11.9732,29.5056,-0.1067,-0.5612,26.7620,0.3511,9.6331,69.4357,0.6071,-0.0970,-0.8132,0.7162,1.8972,6.4662,29.5056,-0.0873,-0.0868,0.0000,9.7233,15.4209,2.8031,9.7233,15.4209,17.8536,5.8698,-16.1265,42073025.0000,0.3112,2255839842,12054810.0000,37.0095,3.1257,False,False,-20.7231,838.6600,77.3652,0.6554,65.5400,0.7771,0.0663,0.1566,0.1566,Strong Body,True,1.6600,1.2900,0.2229,0.7771,0.4188,41.8800,66.6667,True,True,False,True,False,True,False,False,True,False,True,True,False,False,False,False,False,False,False,False,False,False,True,False,0.4900,4.1904,67.7548,True,False
LULU,2025-09-01,weekly,167.8000,88,208.1616,-5.8842,241.6485,-4.2601,-30.5603,298.0002,-1.3830,-43.6913,209.2200,-6.3612,-19.7973,17.0072,0.0000,-32.9028,-28.8425,-4.0602,24.2008,14.4224,298.0002,-5.3800,-3.0294,0.0000,-11.4185,-32.2513,-19.1676,-11.4185,-32.2513,-47.0111,-33.7455,-40.1227,16680660.0000,0.5734,-280481700,-6273530.0000,491.1000,167.8000,False,True,-65.8318,0.0000,0.0000,0.6302,63.0200,0.7504,0.1601,0.0895,0.1601,Strong Body,False,42.6600,32.0100,0.2496,0.7504,0.3390,33.9000,22.2222,False,False,False,False,False,False,True,False,True,True,True,True,False,True,False,False,True,False,False,False,False,False,False,False,,,,,
VRSN,2025-09-01,weekly,280.0900,1341,275.5832,-0.5370,278.8942,1.1404,0.4288,238.7220,1.7978,17.3289,276.8538,-1.0170,1.1689,48.0225,0.8326,9.1271,12.5600,-3.4329,12.9120,4.6099,238.7220,3.2039,3.7590,0.0000,4.0787,-0.1748,2.4582,4.0787,-0.1748,-1.4462,-2.0851,52.9952,4105555.0000,-0.2765,90075300,-491505.0000,304.9103,3.8420,False,False,-8.1402,7190.1268,91.7559,0.8165,81.6500,0.8966,0.0140,0.0894,0.0894,Strong Body,True,10.7400,9.6300,0.1034,0.8966,0.3754,37.5400,55.5556,True,True,True,False,True,False,False,False,True,False,True,True,False,True,False,False,False,False,False,False,False,False,True,False,0.9300,24.0975,43.3843,True,True
NTRS,2025-09-01,weekly,126.4837,1341,126.2495,0.8964,118.9315,1.9615,6.3501,107.9012,0.8293,17.2218,128.0893,1.2291,-1.2535,69.6217,0.9273,7.5429,7.2189,0.3240,6.0046,4.7474,107.9012,3.0947,3.6277,0.0000,0.3680,0.4556,-3.6535,0.3680,0.4556,18.0438,25.1391,45.7624,7886255.0000,-0.4300,-37785800,4084520.0000,131.7000,17.7408,False,False,-3.9607,612.9542,95.4227,0.3448,34.4800,0.4339,0.2054,0.3607,0.2054,Moderate Body,False,5.5654,2.4150,0.5661,0.4339,0.3317,33.1700,55.5556,False,True,True,True,True,False,False,False,True,False,True,True,False,True,False,False,False,False,False,True,False,False,False,False,0.7900,81.8321,60.3987,True,True
FE,2025-09-01,weekly,43.4800,1341,42.7124,0.3023,41.6650,0.1777,4.3563,40.4358,0.0253,7.5286,42.5393,0.3871,2.2113,80.1116,0.9858,0.9795,0.7127,0.2668,1.3346,3.0696,40.4358,2.2809,2.4527,0.0000,0.0230,8.7646,-0.3210,0.0230,8.7646,8.0689,4.1563,11.8411,20106650.0000,-0.2109,1054197200,-2174130.0000,43.7900,5.8977,False,False,-0.7079,637.2321,99.1819,0.0076,0.7600,0.0133,0.4267,0.5600,0.4267,Doji,False,0.7500,0.0100,0.9867,0.0133,0.1467,14.6700,66.6667,True,True,True,True,True,False,False,False,True,False,True,True,False,False,False,False,False,False,False,False,False,False,False,True,0.4900,26.9187,89.0700,True,True
AFRM,2025-09-01,weekly,87.3500,243,75.7147,2.4517,64.6210,1.9191,35.1728,59.2446,0.8140,47.4396,74.2660,2.1260,17.6177,84.3574,0.5045,7.8825,5.2255,2.6570,9.8270,11.2502,59.2446,2.8600,4.2168,0.0000,20.7659,26.2466,9.8880,20.7659,26.2466,68.3044,62.7288,191.5554,34668365.0000,0.9310,2107842800,12125220.0000,164.2300,9.0600,False,False,-46.8124,864.1280,50.4543,0.1167,11.6700,0.1724,0.5043,0.3233,0.3233,Weak Body,True,11.6000,2.0000,0.8276,0.1724,0.3043,30.4300,55.5556,True,True,True,True,True,False,False,False,False,False,True,True,False,True,False,False,False,False,False,False,False,False,False,False,0.9700,520.3835,,True,True
XLF,2025-09-01,weekly,53.0700,88,52.5748,0.1916,51.4865,0.2991,3.0756,49.6458,0.1745,6.8972,52.7670,0.2262,0.5742,58.8563,0.9466,1.2165,1.1159,0.1006,1.6611,3.1300,49.6458,2.0614,2.2036,0.0000,2.3529,-0.2256,-0.9334,2.3529,-0.2256,4.4974,6.6463,25.7127,171216055.0000,-0.0916,5367121700,72007880.0000,53.9900,36.7586,False,False,-1.7040,44.3744,94.6609,0.2746,27.4600,0.4565,0.3985,0.1449,0.3985,Moderate Body,False,1.3800,0.6300,0.5435,0.4565,0.4703,47.0300,66.6667,True,True,True,True,True,False,False,False,False,False,False,False,False,False,False,False,False,False,False,False,False,False,False,False,,,,,
XLE,2025-09-01,weekly,87.3600,88,86.9989,0.2166,85.2995,0.1712,2.4157,86.7329,0.0339,0.7231,87.1190,0.2502,0.2766,60.6260,0.5916,0.5641,0.1157,0.4483,3.7719,4.3177,86.7329,0.1663,0.1675,0.0000,2.8612,0.3792,-0.8850,2.8612,0.3792,8.0224,6.1940,-2.3045,78709770.0000,-0.1618,671696600,10325005.0000,94.9419,76.3748,False,False,-7.9858,14.3833,59.1649,0.6374,63.7400,0.7420,0.1410,0.1170,0.1410,Strong Body,False,3.7600,2.7900,0.2580,0.7420,0.4591,45.9100,55.5556,True,True,True,True,False,False,False,False,False,False,False,False,False,False,False,False,False,False,False,False,False,False,False,False,,,,,
XLK,2025-09-01,weekly,262.8600,88,258.2271,1.8284,245.6214,3.2781,7.0184,233.3166,0.9424,12.6624,261.2110,2.4317,0.6313,81.4563,0.9635,11.1027,9.6297,1.4729,10.0410,3.8199,233.3166,2.9423,3.3148,0.0000,-1.1507,2.2961,0.1677,-1.1507,2.2961,14.0252,19.6632,19.8282,28973040.0000,0.1281,427506600,11214685.0000,265.9200,182.0682,False,False,-1.1507,44.3744,96.3507,0.4678,46.7800,0.5642,0.2648,0.1709,0.1709,Moderate Body,True,8.9500,5.0500,0.4358,0.5642,0.3645,36.4500,55.5556,True,True,True,True,True,False,False,False,False,False,False,False,False,False,False,False,False,False,False,False,False,False,False,False,,,,,
XLV,2025-09-01,weekly,137.9000,88,135.5951,0.3403,134.3001,-0.1445,2.6805,139.6774,-0.3406,-1.2725,135.0010,0.2674,2.1474,58.5721,0.3291,-0.8510,-1.7348,0.8838,4.4919,3.2574,139.6774,-0.3957,-0.3907,0.0000,5.9465,1.7712,-0.1954,5.9465,1.7712,4.4619,1.5498,-5.1564,59816965.0000,-0.1526,440582100,7222980.0000,154.5712,129.7207,False,False,-10.7854,6.3053,32.9139,0.2845,28.4500,0.4391,0.2087,0.3522,0.3522,Moderate Body,True,2.3000,1.0100,0.5609,0.4391,0.4552,45.5200,44.4444,True,True,False,True,False,False,False,False,False,False,False,False,False,False,False,False,False,False,False,False,False,False,False,False,,,,,
XLI,2025-09-01,weekly,150.9300,88,149.9644,0.5369,145.6385,1.2876,3.6333,138.6698,0.4650,8.8413,151.3160,0.7995,-0.2551,64.5553,0.9115,4.7737,4.5361,0.2376,4.4009,2.9159,138.6698,2.7858,3.0321,0.0000,0.0663,1.0106,-1.4431,0.0663,1.0106,6.0001,11.0104,22.6187,47962790.0000,-0.2125,603478600,9867005.0000,154.9900,109.1273,False,False,-2.6195,38.3064,91.1475,0.0953,9.5300,0.1711,0.3859,0.4430,0.4430,Weak Body,True,2.9800,0.5100,0.8289,0.1711,0.1733,17.3300,55.5556,False,True,True,True,True,False,False,False,False,False,False,False,False,False,False,False,False,False,False,False,False,False,False,False,,,,,
XLB,2025-09-01,weekly,91.9600,88,90.2887,0.3527,88.1654,0.4771,4.3040,88.0306,0.0004,4.4637,90.7000,0.4240,1.3892,62.9970,0.7746,1.4245,0.9167,0.5078,3.0222,3.2865,88.0306,1.3002,1.3582,0.0000,4.0860,0.6457,-0.2387,4.0860,0.6457,7.0517,7.5923,4.0617,27173925.0000,-0.2122,285407400,6405995.0000,96.1728,77.4853,False,False,-4.3805,18.6806,77.4566,0.0898,8.9800,0.1855,0.2984,0.5161,0.5161,Weak Body,True,2.4800,0.4600,0.8145,0.1855,0.5298,52.9800,66.6667,True,True,True,True,True,False,False,False,False,False,False,False,False,False,False,False,False,False,False,False,False,False,False,False,,,,,
XLRE,2025-09-01,weekly,42.1800,88,41.8327,0.0537,41.5074,0.1049,1.6204,41.4054,-0.0154,1.8709,41.8700,0.0566,0.7404,56.6350,0.8247,0.3110,0.2347,0.0763,1.2558,2.9773,41.4054,0.6168,0.6284,0.0000,2.2545,0.9091,-0.3779,2.2545,0.9091,1.9927,2.2176,7.6230,27154315.0000,-0.1771,-33804400,936020.0000,43.8415,34.3638,False,False,-3.7897,22.7453,82.4696,0.1043,10.4300,0.2381,0.2000,0.5619,0.5619,Weak Body,True,1.0500,0.2500,0.7619,0.2381,0.2614,26.1400,44.4444,True,True,True,True,True,False,False,False,False,False,False,False,False,False,False,False,False,False,False,False,False,False,False,False,,,,,
XLP,2025-09-01,weekly,80.8700,88,81.2829,0.0903,81.1322,0.1176,-0.3232,80.0355,0.0181,1.0426,81.4160,0.0869,-0.6706,44.6207,0.8788,0.4605,0.5343,-0.0738,2.0052,2.4796,80.0355,0.4162,0.4205,0.0000,-1.9520,-1.5941,-1.9401,-1.9520,-1.5941,-1.6965,1.0917,6.1794,67810010.0000,-0.1115,894007600,1748550.0000,82.4800,69.1979,False,False,-1.9520,16.8678,87.8785,0.0269,2.6900,0.0365,0.2628,0.7007,0.2628,Doji,False,1.3700,0.0500,0.9635,0.0365,0.3242,32.4200,55.5556,False,False,True,True,True,False,False,False,False,False,False,False,False,False,False,False,False,False,False,False,False,False,False,False,,,,,
XLY,2025-09-01,weekly,235.1100,88,226.1239,1.8643,217.5416,2.0347,8.0759,213.7409,0.8581,9.9977,225.8540,1.7611,4.0982,72.5434,1.0000,6.5630,4.5959,1.9671,8.6688,3.6871,213.7409,2.4651,2.7115,0.0000,5.0630,6.2836,0.8623,5.0630,6.2836,10.2011,12.1835,26.2950,23042205.0000,0.1151,216185000,8514960.0000,235.1100,167.9069,True,False,0.0000,40.0241,100.0000,0.6251,62.5100,0.6597,0.2880,0.0524,0.0524,Moderate Body,True,9.5500,6.3000,0.3403,0.6597,0.4301,43.0100,77.7778,True,True,True,True,True,True,False,False,False,False,False,False,False,False,False,False,False,False,False,False,False,False,False,False,,,,,
XLU,2025-09-01,weekly,83.4700,88,84.0188,0.2872,82.3249,0.4403,1.3909,79.3387,0.2017,5.2072,84.3990,0.4359,-1.1007,59.5299,0.9052,1.9640,1.9179,0.0461,2.3896,2.8628,79.3387,1.7289,1.8189,0.0000,-3.1446,1.9917,-2.9870,-3.1446,1.9917,2.5995,6.7620,22.5235,53678630.0000,-0.2811,1090028500,20254535.0000,86.1800,57.6033,False,False,-3.1446,44.9048,90.5167,0.1883,18.8300,0.2896,0.3497,0.3607,0.3497,Weak Body,False,1.8300,0.5300,0.7104,0.2896,0.3199,31.9900,66.6667,False,True,True,True,True,False,False,False,False,False,False,False,False,False,False,False,False,False,False,False,False,False,False,False,,,,,
XLC,2025-09-01,weekly,114.6900,88,109.2500,0.8991,104.8588,0.9614,9.3756,99.4998,0.5076,15.2666,109.0480,0.7909,5.1739,79.1839,1.0000,4.0515,3.3173,0.7342,3.4602,3.0170,99.4998,4.3900,5.0602,0.0000,6.5595,6.1551,3.0366,6.5595,6.1551,13.3810,13.6314,36.2463,24892785.0000,-0.0872,563596100,7934525.0000,114.6900,70.8718,True,False,0.0000,61.8275,100.0000,0.8394,83.9400,0.8802,0.0734,0.0464,0.0464,Strong Body,True,5.3850,4.7400,0.1198,0.8802,0.4215,42.1500,66.6667,True,True,True,True,True,True,False,False,False,False,False,False,False,False,False,False,False,False,False,False,False,False,False,False,,,,,
VGT,2025-09-01,weekly,698.7900,88,681.5783,5.5893,645.7015,8.8148,8.2218,616.2847,2.6792,13.3875,688.2350,7.0333,1.5336,81.6476,0.9948,30.0598,25.0369,5.0229,27.6941,3.9631,616.2847,2.9792,3.3780,0.0000,-0.0801,3.6750,0.6655,-0.0801,3.6750,15.3659,20.5743,22.6160,2388160.0000,0.0681,28815800,1024890.0000,700.0500,458.2337,False,False,-0.1800,52.4964,99.4789,0.5419,54.1900,0.6351,0.2180,0.1469,0.1469,Moderate Body,True,23.9000,15.1800,0.3649,0.6351,0.4010,40.1000,66.6667,True,True,True,True,True,False,False,False,False,False,False,False,False,False,False,False,False,False,False,False,False,False,False,False,,,,,
SPY,2025-09-01,weekly,647.2400,88,632.7096,4.0606,609.3960,5.4255,6.2101,590.2491,1.8248,9.6554,635.3580,4.6103,1.8701,78.6481,1.0000,19.5298,15.8575,3.6723,17.2270,2.6616,590.2491,3.3082,3.6277,0.0000,1.5788,3.5021,0.2991,1.5788,3.5021,10.1399,13.0535,19.3649,327953165.0000,-0.1288,4428952900,80692340.0000,647.2400,459.2506,True,False,0.0000,40.9340,100.0000,0.4793,47.9300,0.5633,0.2875,0.1492,0.1492,Moderate Body,True,17.2900,9.7400,0.4367,0.5633,0.4381,43.8100,66.6667,True,True,True,True,True,True,False,False,False,False,False,False,False,False,False,False,False,False,False,False,False,False,False,False,,,,,
QQQ,2025-09-01,weekly,576.0600,88,562.6184,3.9154,539.3757,6.0333,6.8013,514.8913,2.0834,11.8799,566.2250,4.4477,1.7369,76.9838,0.9930,20.9314,17.9116,3.0198,19.1442,3.3233,514.8913,3.1952,3.5747,0.0000,0.2628,3.5669,0.7151,0.2628,3.5669,11.0953,15.8636,21.8987,216249125.0000,0.0295,2022056900,33825555.0000,577.3400,393.3771,False,False,-0.2217,46.4396,99.3042,0.6274,62.7400,0.6835,0.2345,0.0820,0.0820,Moderate Body,True,21.5800,14.7500,0.3165,0.6835,0.4132,41.3200,55.5556,True,True,True,True,True,False,False,False,False,False,False,False,False,False,False,False,False,False,False,False,False,False,False,False,,,,,
IWM,2025-09-01,weekly,237.7700,88,226.4224,2.1607,215.7459,2.0204,10.2083,216.6724,0.3230,9.7371,226.1630,2.1395,5.1321,77.2896,0.9632,6.3650,3.4027,2.9623,9.2279,3.8810,216.6724,2.2863,2.5089,0.0000,7.9203,6.5851,1.2520,7.9203,6.5851,16.2664,14.9426,10.9066,155062560.0000,-0.1520,1924507200,75865555.0000,239.9506,180.6904,False,False,-0.9088,31.5897,96.3204,0.6594,65.9400,0.7040,0.2326,0.0633,0.0633,Strong Body,True,8.2100,5.7800,0.2960,0.7040,0.5090,50.9000,77.7778,True,True,True,True,False,True,False,False,,,,,,,,,,,,,,,,,,,,,
MAGS,2025-09-01,weekly,61.2100,88,58.3823,0.6722,54.8855,0.7918,11.5231,52.3516,0.3157,16.9210,58.5070,0.6916,4.6200,84.3944,1.0000,2.8091,2.1930,0.6161,2.5771,4.2103,52.3516,3.4373,4.0189,0.0000,2.1358,9.4404,2.3407,2.1358,9.4404,16.9245,22.4472,35.2003,10242820.0000,0.1468,28461600,4113010.0000,61.2100,32.1271,True,False,0.0000,90.5247,100.0000,0.6736,67.3600,0.7504,0.1471,0.1024,0.1024,Strong Body,True,3.3980,2.5500,0.2496,0.7504,0.4351,43.5100,66.6667,True,True,True,True,True,True,False,False,,,,,,,,,,,,,,,,,,,,,
SMH,2025-09-01,weekly,293.2800,88,285.4374,2.6306,266.2835,4.5481,10.1383,249.8618,1.1598,17.3769,289.9250,3.5646,1.1572,84.7733,0.9818,15.8454,13.4865,2.3589,15.3809,5.2445,249.8618,2.8229,3.3134,0.0000,-0.0852,3.4060,-0.1226,-0.0852,3.4060,22.3274,28.8273,18.7152,35777950.0000,-0.0904,642479900,16808470.0000,295.6500,165.3472,False,False,-0.8016,77.3723,98.1812,0.6834,68.3400,0.7599,0.1394,0.1007,0.1007,Strong Body,True,13.4100,10.1900,0.2401,0.7599,0.3182,31.8200,55.5556,True,True,True,True,True,False,False,False,,,,,,,,,,,,,,,,,,,,,
